Id borradores,Fecha,Para,Contrato,Proceso,Frente,Descripcion,Resonde a com,Recibidas,Tanexos,Fecha Com,Enviadas
a1111111,26/02/2025,CYS,Contrato CW 276532,Supervisión socioambiental,Sin Frente,Soportes charlas para atender el Requerimiento No. 72 del Acta de Oralidad 635,Si,CYS-CW276532-PHI-01186,No,2/27/2025,INT-OC-CYS-291/25
a1111112,26/02/2025,CYS,Contrato CW 276532,Supervisión socioambiental,Sin Frente,Entrega de plántulas producidas en el vivero del Consorcio CYS al vivero El Palmar de EPM,Si,CYS-CW276532-PHI-01189,No,2/27/2025,INT-OC-CYS-292/25
a1111113,26/02/2025,CYS,Contrato CW 276532,Supervisión contractual,Sin Frente,Informe técnico mensual de enero de 2025,Si,CYS-CW276532-PHI-01159,No,2/27/2025,INT-OC-CYS-293/25
a1111114,26/02/2025,CYS,Contrato CW 276532,Supervisión contractual,Sin Frente,Modificación plazo de los hitos 1 y 2 del contrato,Si,CYS-CW276532-PHI-01106 y CYS-CW276532-PHI-01138,No,2/27/2025,INT-OC-CYS-294/25
a1111115,26/02/2025,CYS,Contrato CW 276532,Supervisión técnica,Casa de máquinas y obras anexas,Restitución tensores afectados en machón entre Casa de Máquinas y Almenara 2,Si,D-PHI-COP-0105-2025,Si,2/27/2025,INT-OC-CYS-295/25
a1111116,26/02/2025,CYS,Contrato CW 276532,Supervisión técnica,Casa de máquinas y obras anexas,"Rehabilitación en casa de máquinas sur, Almenara 2, Galería de barras No.6 y Galería D Sur – Oficialización instructivos de campo",Si,D-PHI-COP-0097-2025,Si,2/27/2025,INT-OC-CYS-296/25
a1111117,26/02/2025,CYS,Contrato CW 276532,Supervisión de costos,Sin Frente,Sobrecostos transporte de cemento y combustible por cierre de vía,Si,CYS-CW276532-PHI-01069,No,2/27/2025,INT-OC-CYS-297/25
77efea8e,26/02/2025,CYS,Contrato CW 276532,Supervisión técnica,Consolidación y conglomeración macizo perturbado zona sur,Procedimiento para inyecciones de consolidación pantalla corta flujo,Si,CYS-CW276532-PHI-01194,No,,
07dd85d0,26/02/2025,CYS,Contrato CW 276532,Supervisión socioambiental,Túnel de acceso y galerías de construcción de la central,Desviaciones ambientales manejo de lechada y ARnD en frente de obra Galería 219,Si,CYS-CW276532-PHI-01192,No,2/28/2025,INT-OC-CYS-303/25
bb68ae67,26/02/2025,CYS,Contrato CW 276532,Supervisión técnica,Sin Frente,Esquema de drenaje subhorizontales - Talud inferior vía acceso a campamento Villa Luz,Si,NC-044-25,Si,3/3/2025,INT-OC-CYS-326/25
76857089,26/02/2025,CYS,Contrato CW 276532,Supervisión técnica,Descarga intermedia,Planos taller de refuerzo - bloque de anclaje y tapa - Sobre micropilotes,Si,CYS-CW276532-PHI-01193,No,3/28/2025,INT-OC-CYS-513/25
7e816f19,26/02/2025,CYS,Contrato CW 276532,Supervisión técnica,Casa de máquinas y obras anexas,Entrega de planos para construcción. Acabados arquitectónicos zona sur,Si,D-PHI-CCE-ADM-1-C6631,No,,
c6b9d56a,26/02/2025,CYS,Contrato CW 276532,Supervisión técnica,Sin Frente,Informe se seguimiento de la instrumentación entre el 16 de enero al 15 de febrero del 2025,Si,D-PHI-COP-0106-2025,No,,
f6a8d5ad,26/02/2025,CYS,Contrato CW 276532,Supervisión socioambiental,Instalaciones provisionales obras finales,Atención a las desviaciones manejo integral de residuos en los frentes de obra,Si,CYS-CW276532-PHI-01195,Si,3/8/2025,INT-OC-CYS-369/25
1eb1d825,26/02/2025,CYS,Contrato CW 276532,Supervisión de control de laboratorio ensayos de calidad,Sin Frente,Registros de cargue planta Domat 30 - Octubre 2024 a febrero 2025,Si,CYS-CW276532-PHI-01196,No,,
2f93daf2,26/02/2025,CYS,Contrato CW 276532,Supervisión técnica,Casa de máquinas y obras anexas,Plano de taller y memoria de cálculo plataforma de trabajo de remoción  de material,Si,CYS-CW276532-PHI-01197,No,,
14a31800,26/02/2025,CYS,Contrato CW 276532,Supervisión técnica,Sin Frente,Procedimiento montaje de pórtico 05 toneladas pozo de humos,Si,CYS-CW276532-PHI-01198,No,3/15/2025,INT-OC-CYS-425/25
295c108a,26/02/2025,CYS,Contrato CW 276532,Supervisión técnica,Sin Frente,Observaciones sistema de ventilación,Si,CYS-CW276532-PHI-01199,No,3/22/2025,INT-OC-CYS-475/25
a1111127,27/02/2025,CYS,Contrato CW 276532,Supervisión técnica,Consolidación y conglomeración macizo perturbado zona sur,Base de datos sistema automatizado de pesaje,Si,CYS-CW276532-PHI-01098,No,3/2/2025,INT-OC-CYS-315/25
a1111131,27/02/2025,CYS,Contrato CW 276532,Supervisión técnica,Presa y obras anexas,Cuadrillas de mantenimiento,No,,No,2/28/2025,INT-OC-CYS-307/25
a1111132,27/02/2025,CYS,Contrato CW 276532,Supervisión de seguridad y salud en el trabajo,Sin Frente,Observaciones hallazgos inspecciones conjuntas N.°35 y N.° 36,Si,CYS-CW276532-PHI-01116,No,2/27/2025,INT-OC-CYS-298/25
a1111133,27/02/2025,CYS,Contrato CW 276532,Supervisión de seguridad y salud en el trabajo,Sin Frente,Hallazgos sin atención inspecciones conjuntas No. 45 y 46,No,,Si,3/3/2025,INT-OC-CYS-324/25
bd530684,27/02/2025,CYS,Contrato CW 276532,Supervisión de control de laboratorio ensayos de calidad,Sin Frente,Registros de cargue de planta,Si,CYS -CW276532-PHI-01196,No,,
0deb3121,27/02/2025,CYS,Contrato CW 276532,Supervisión técnica,Presa y obras anexas,Supervisión técnica – Presa- Medidor de infiltraciones-Aspectos relacionados con la excavación de la plataforma en la cota 235 m.s.n.m y su cierre contra el estribo derecho- Traslado comunicación D-PHI-COP-0108-2025.,No,,No,,
ad3df3f1,27/02/2025,CYS,Contrato CW 276532,Supervisión socioambiental,Sin Frente,Pronunciamiento de la ANLA – Uso del recurso hídrico,Si,CYS-CW276532-PHI-01151,No,2/28/2025,INT-OC-CYS-304/25
8d19b3a8,27/02/2025,CYS,Contrato CW 276532,Supervisión técnica,Sin Frente,Supervisión técnica – Entrega acta de comité de obra No 058.,No,,Si,,
950caa60,27/02/2025,CYS,Contrato CW 276532,Supervisión técnica,Obras en las descargas,"Entrega información de espesores Descarga 3 entre abscisas km 0+100,00 hasta km 0+306,00",No,,No,3/1/2025,INT-OC-CYS-310/25
d7907ffe,27/02/2025,CYS,Contrato CW 276532,Supervisión socioambiental,Sin Frente,Entrega de las actas de comité socioambiental No. 21 al No. 25,No,,Si,2/27/2025,INT-OC-CYS-299/25
9fe707dc,27/02/2025,CYS,Contrato CW 276532,Supervisión técnica,Sin Frente,Certificados de materiales del 16 al 31 de enero de 2025,Si,CYS-CW276532-PHI-01173,No,3/3/2025,INT-OC-CYS-323/25
62a11a6d,27/02/2025,CYS,Contrato CW 276532,Supervisión técnica,Casa de máquinas y obras anexas,Actualización de los Check list para descenso de banco en Casa de Máquinas sur y Almenara 2.,No,,Si,2/28/2025,INT-OC-CYS-300/25
e5becf28,27/02/2025,CYS,Contrato CW 276532,Supervisión técnica,Presa y obras anexas,Medidor de infiltraciones-Aspectos relacionados con la excavación de la plataforma en la cota 235 m.s.n.m y su cierre contra el estribo derecho- Traslado comunicación D-PHI-COP-0108-2025.,No,,Si,2/28/2025,INT-OC-CYS-305/25
23815ab7,27/02/2025,CYS,Contrato CW 276532,Supervisión técnica,Sin Frente,Entrega acta de comité de obra No 058,No,,Si,2/28/2025,INT-OC-CYS-306/25
90bb2d63,27/02/2025,CYS,Contrato CW 276532,Supervisión técnica,Sin Frente,Registros excavaciones subterráneas – Su comunicación CYS-CW276532-PHI-01062.,Si,CYS-CW276532-PHI-01062,No,,
41a0b097,27/02/2025,CYS,Contrato CW 276532,Supervisión técnica,Sin Frente,Registros excavaciones subterráneas,Si,CYS-CW276532-PHI-01062,No,2/28/2025,INT-OC-CYS-301/25
08872d87,27/02/2025,CYS,Contrato CW 276532,Supervisión técnica,Presa y obras anexas,lfcñ,No,,No,,
9ee98b31,27/02/2025,CYS,Contrato CW 276532,Supervisión técnica,Conducciones zona sur,ENTREGA DE ACTA,No,,Si,,
61ca746e,28/02/2025,CYS,Contrato CW 276532,Supervisión socioambiental,Sin Frente,Observaciones plantilla caracterización area de reubicación de flora epífita rescatada,Si,CYS-CW276532-PHI01150,No,3/5/2025,INT-OC-CYS-340/25
34bc9afb,28/02/2025,CYS,Contrato CW 276532,Supervisión de seguridad y salud en el trabajo,Sin Frente,Hallazgos inspección de vehículos y maquinaria,No,,No,2/28/2025,INT-OC-CYS-308/25
3a88007d,28/02/2025,CYS,Contrato CW 276532,Supervisión técnica,Sin Frente,Helipuerto villa  luz revisión topográfica vía sustitutiva presa Ituango Km 2+550,No,D-PHI-COP-0107-2025,No,,
8e59ceb0,28/02/2025,CYS,Contrato CW 276532,Supervisión técnica,Presa y obras anexas,Presa Medidor de infiltraciones aspectos relacionados con la excavación de la plataforma en la cota 235 m.s.n.m y su cierre contra el estribo derecho,No,,No,,
49d35887,28/02/2025,CYS,Contrato CW 276532,Supervisión técnica,Consolidación y conglomeración macizo perturbado zona sur,Entrega chequeo de desviaciones de perforaciones respuesta comunicación INT-OC-EPM-0159-25,No,,Si,3/6/2025,INT-OC-CYS-355/25
cec1f468,28/02/2025,CYS,Contrato CW 276532,Supervisión técnica,Casa de máquinas y obras anexas,"Tratamiento en hastiales por debajo de la cota 217,5 m s,n,m",No,,No,3/2/2025,INT-OC-CYS-319/25
1580630b,28/02/2025,CYS,Contrato CW 276532,Supervisión de control de laboratorio ensayos de calidad,Casa de máquinas y obras anexas,"Tensores tipo C, verificación de carga",Si,CYS-CW276532-PHI-01058,No,3/4/2025,INT-OC-CYS-334/25
73cec21b,28/02/2025,CYS,Contrato CW 276532,Supervisión técnica,Presa y obras anexas,Procedimiento elaboración lodo bentonítico,Si,CYS-CW276532-PHI-01146,No,3/5/2025,INT-OC-CYS-335/25
b7941475,28/02/2025,CYS,Contrato CW 276532,Supervisión técnica,Casa de máquinas y obras anexas,Control de calidad – Concreto de restitución,Si,CYS-CW276532-PHl-00918,No,3/1/2025,INT-OC-CYS-309/25
8be9c855,28/02/2025,CYS,Contrato CW 276532,Supervisión técnica,Casa de máquinas y obras anexas,Actualización de los tratamientos taludes parte alta portal de acceso a casa máquinas,Si,CYS-CW276532-PHI-01022,No,3/1/2025,INT-OC-CYS-311/25
218a63f9,01/03/2025,CYS,Contrato CW 276532,Supervisión de seguridad y salud en el trabajo,Sin Frente,Observaciones informe SST enero de 2025,Si,CYS-CW276532-PHI-01128,No,3/2/2025,INT-OC-CYS-313/25
b655c8ea,01/03/2025,CYS,Contrato CW 276532,Supervisión técnica,Presa y obras anexas,Comentarios panel de prueba,No,,No,3/5/2025,INT-OC-CYS-336/25
a7af15e9,01/03/2025,CYS,Contrato CW 276532,Supervisión técnica,Casa de máquinas y obras anexas,Sala de Montajes - Viga de borde costado sur.,No,,Si,3/3/2025,INT-OC-CYS-321/25
ccc8158c,01/03/2025,CYS,Contrato CW 276532,Supervisión técnica,Conducciones zona sur,Galería F- Remisión alineamiento. Traslado NC-033-25.,No,,Si,,
83946a46,01/03/2025,CYS,Contrato CW 276532,Supervisión técnica,Vertedero y obras anexas,Procedimiento protección bermas del cuenco del vertedero,Si,CYS-CW276532-PHI-00992,No,3/2/2025,INT-OC-CYS-316/25
d6f82582,01/03/2025,CYS,Contrato CW 276532,Supervisión técnica,Sin Frente,Estado de cumplimiento comités de obra Consorcio CYS -febrero 2025.,No,,No,,
12fb789d,01/03/2025,CYS,Contrato CW 276532,Supervisión técnica,Sin Frente,Estado de cumplimiento comités de obra Consorcio CYS -febrero 2025.,No,,No,3/2/2025,INT-OC-CYS-314/25
e824679e,01/03/2025,CYS,Contrato CW 276532,Supervisión técnica,Túnel de acceso y galerías de construcción de la central,Galería de construcción inferior sur- Codo inferior N°5 – Inactividad.,No,,No,3/2/2025,INT-OC-CYS-312/25
1d486d35,02/03/2025,CYS,Contrato CW 276532,Supervisión de control de laboratorio ensayos de calidad,Sin Frente,Registros de cargue planta Domat 30 m3,Si,CYS-CW276532-PHI-01196,No,3/3/2025,INT-OC-CYS-322/25
48192550,02/03/2025,CYS,Contrato CW 276532,Supervisión técnica,Casa de máquinas y obras anexas,"Reubicación de tensores estructurales en hastial aguas arriba de la zona sur de casa de maquinas, por interferencias con tensores existentes.",No,,No,3/5/2025,INT-OC-CYS-343/25
d58d36a3,02/03/2025,CYS,Contrato CW 276532,Supervisión técnica,Galerías y pozos de compuertas,Instrumentación geotécnica relocalización inclinómetro IN-GAP-17,No,,No,,
709552ea,02/03/2025,CYS,Contrato CW 276532,Supervisión de seguridad y salud en el trabajo,Sin Frente,Observaciones hallazgos inspección conjunta No. 40,Si,CYS-CW276532-PHI-01144,No,3/2/2025,INT-OC-CYS-317/25
bae8c755,02/03/2025,CYS,Contrato CW 276532,Supervisión técnica,Consolidación y conglomeración macizo perturbado zona sur,Evaluación para nuevas perforaciones en la Galería de Acceso a Galería de Pozos de Comunicación.,Si,CYS-CW276532-PHI-01031.,No,3/12/2025,INT-OC-CYS-403/25
85c1c42e,02/03/2025,CYS,Contrato CW 276532,Supervisión de seguridad y salud en el trabajo,Sin Frente,Observaciones hallazgos sin atención inspección conjunta No.29,Si,CYS-CW246532-PHI-01139,No,3/2/2025,INT-OC-CYS-318/25
224944db,02/03/2025,CYS,Contrato CW 276532,Supervisión socioambiental,Sin Frente,Observaciones al Plan de Manejo de Tránsito,Si,CYS-CW276532-PHI-01148,No,3/2/2025,INT-OC-CYS-320/25
eb1378a8,02/03/2025,CYS,Contrato CW 276532,Supervisión técnica,Conducciones zona sur,Galería F- Lanzado de protección frontón,No,,No,,
cbb8ec57,02/03/2025,CYS,Contrato CW 276532,Supervisión técnica,Túnel de acceso y galerías de construcción de la central,Galería de construcción inferior sur- Ramal y codo inferior N°5,No,,No,3/4/2025,INT-OC-CYS-327/25
972e1ca4,02/03/2025,CYS,Contrato CW 276532,Supervisión técnica,Consolidación y conglomeración macizo perturbado zona sur,Registro de logueos de perforaciones exploratorias,Si,"CYS-CW276532-PHI-1035, CYS-CW276532-PHI-01065, CYS-CW276532-PHI-01131 y CYS-CW276532-PHI-01136.",No,3/3/2025,INT-OC-CYS-325/25
48f28e89,03/03/2025,CYS,Contrato CW 276532,Supervisión de seguridad y salud en el trabajo,Casa de máquinas y obras anexas,Espacios inadecuados para posicionamiento de equipos de perforación.,No,,No,3/4/2025,INT-OC-CYS-331/25
19400413,03/03/2025,CYS,Contrato CW 276532,Supervisión técnica,Casa de máquinas y obras anexas,Formalización de los instructivos de campo IC-027-2025 IC-028-2025  IC-033-2025 IC-036-2025  IC-038-2025 IC-042-2025,No,,No,3/19/2025,INT-OC-CYS-443/25
2e8fa13a,03/03/2025,CYS,Contrato CW 276532,Supervisión de seguridad y salud en el trabajo,Obras externas plazoleta de compuertas y captación,Hallazgos pendientes por cierre inspección conjunta No. 49,No,,Si,3/4/2025,INT-OC-CYS-330/25
040c2f19,03/03/2025,CYS,Contrato CW 276532,Supervisión técnica,Sin Frente,Cuadrillas de mantenimiento,No,,No,3/8/2025,INT-OC-CYS-359/25
d2993d63,03/03/2025,CYS,Contrato CW 276532,Supervisión técnica,Conducciones zona sur,Conducción No. 7 y 8 zona de entronques – Inactividades en el avance de actividades,No,,No,3/4/2025,INT-OC-CYS-328/25
a17a39c9,03/03/2025,CYS,Contrato CW 276532,Supervisión de seguridad y salud en el trabajo,Sin Frente,Observaciones hallazgos inspección conjunta No. 15 y 16,Si,CYS-CW276532-PHI-01160,No,3/4/2025,INT-OC-CYS-332/25
bd7e376f,03/03/2025,CYS,Contrato CW 276532,Supervisión técnica,Sin Frente,Bajo rendimiento,No,,No,,
405dd171,03/03/2025,CYS,Contrato CW 276532,Supervisión de gestión documental y calidad,Sin Frente,Notas de campo emitidas entre el 24 de febrero y el 02 de marzo 2025,Si,D-PHI-COP-0116-2025,No,,
d86aab2b,03/03/2025,CYS,Contrato CW 276532,Supervisión técnica,Casa de máquinas y obras anexas,Restitución tensores afectados en machón entre casa de maquinas y almenara 2.,Si,D-PHI-COP-0118-2025,No,,
f546f1e2,03/03/2025,CYS,Contrato CW 276532,Supervisión técnica,Conducciones zona sur,Galería F- Lanzado de protección frontón,No,,No,3/4/2025,INT-OC-CYS-329/25
43f58303,03/03/2025,CYS,Contrato CW 276532,Supervisión técnica,Casa de máquinas y obras anexas,Puente grúa de construcción de 25 t-Vigas riel.,Si,CYS-CW276532-PHI-01191,No,,
b1a4b8fc,03/03/2025,CYS,Contrato CW 276532,Supervisión técnica,Casa de máquinas y obras anexas,Puente grúa de construcción de 25 t – Vigas riel.,Si,CYS-CW276532-PHI-01191,No,3/10/2025,INT-OC-CYS-381/25
f515a46e,03/03/2025,CYS,Contrato CW 276532,Supervisión técnica,Consolidación y conglomeración macizo perturbado zona sur,Entrega de resultados de pruebas de verificación de sistema BAP.,Si,CYS-CW276532-PHI-01079 y CYS-CW276532-PHI-01101.,No,,
8bf50bf1,03/03/2025,CYS,Contrato CW 276532,Supervisión técnica,Consolidación y conglomeración macizo perturbado zona sur,Entrega de resultados de pruebas de verificación de sistema BAP.,Si,CYS-CW276532-PHI-01079 y CYS-CW276532-PHI-01101,No,3/4/2025,INT-OC-CYS-333/25
bfba0463,04/03/2025,CYS,Contrato CW 276532,Supervisión socioambiental,Sin Frente,Desviaciones manejo de aguas residuales no domesticas (ARnD),Si,CYS-CW276532-PHI-01201,No,3/12/2025,INT-OC-CYS-410/25
ab39f41b,04/03/2025,CYS,Contrato CW 276532,Supervisión de seguridad y salud en el trabajo,Sin Frente,Observaciones 2 documentación ambulancia TAB tripulación y áreas de clasificados de lesionados,Si,CYS-CW276532-PHI-01202,No,3/19/2025,INT-OC-CYS-449/25
b83fab4c,04/03/2025,CYS,Contrato CW 276532,Supervisión de seguridad y salud en el trabajo,Sin Frente,Solicitud información Investigación accidente laboral Luis Carlos Mendoza Cabana CC. 84.084.045.,Si,CYS-CW276532-PHI-01203,No,3/19/2025,INT-OC-CYS-445/25
20f82253,04/03/2025,CYS,Contrato CW 276532,Supervisión de seguridad y salud en el trabajo,Sin Frente,Complemento y reiteración a la solicitud de entrega del SG-SST actualizado al año 2025.,Si,CYS-CW276532-PHI-01204,No,3/10/2025,INT-OC-CYS-389/25
3e674e6a,04/03/2025,CYS,Contrato CW 276532,Supervisión técnica,Caverna de transformadores y obras anexas,Plano de construcción Galería Intermedia Pozo de Evacuación de Humos cota 340,Si,D-PHI-COP-0119-2025,Si,3/5/2025,INT-OC-CYS-339/25
888c553f,04/03/2025,CYS,Contrato CW 276532,Supervisión de riesgos,Sin Frente,Entrega de actas de comité de Gestión Integral de Riesgos de noviembre a diciembre de 2024,No,,Si,3/5/2025,INT-OC-CYS-342/25
7e8a95a6,04/03/2025,CYS,Contrato CW 276532,Supervisión técnica,Presa y obras anexas,Pantalla cortaflujo- Perforaciones para inyecciones de consolidación- Inactividad,No,,No,,
dac60b96,04/03/2025,CYS,Contrato CW 276532,Supervisión técnica,Presa y obras anexas,Medidor de infiltraciones- Inyecciones de consolidación- Inactividad,No,,No,3/5/2025,INT-OC-CYS-338/25
4a23705d,04/03/2025,CYS,Contrato CW 276532,Supervisión técnica,Casa de máquinas y obras anexas,Restitución tensores afectados en machón entre casa de máquinas y Almenara 2.,No,,No,3/5/2025,INT-OC-CYS-344/25
416e4b8f,04/03/2025,CYS,Contrato CW 276532,Supervisión técnica,Casa de máquinas y obras anexas,Rehabilitación en casa de máquinas sur – Oficialización instructivos de campo.,No,,Si,3/5/2025,INT-OC-CYS-337/25
f4da0418,04/03/2025,CYS,Contrato CW 276532,Supervisión de seguridad y salud en el trabajo,Sin Frente,Observaciones información accidente laboral John Jairo Jaramillo Orrego,Si,CYS-CW276532-PHI-01133,No,3/6/2025,INT-OC-CYS-349/25
266483b7,04/03/2025,CYS,Contrato CW 276532,Supervisión técnica,Zonas de deposito obras finales,Depósito Ticuitá 2- Conformación y clasificación- Inactividades,No,,No,3/5/2025,INT-OC-CYS-341/25
170d025e,04/03/2025,CYS,Contrato CW 276532,Supervisión de seguridad y salud en el trabajo,Sin Frente,Observaciones información accidente de trabajo Oscar Mauricio Polanco,Si,CYS-CW276532-PHI-01135,No,3/6/2025,INT-OC-CYS-350/25
de6ed03b,04/03/2025,CYS,Contrato CW 276532,Supervisión técnica,Almenaras y obras anexas,Inactividades de equipos,No,,No,3/5/2025,INT-OC-CYS-347/25
ecb3cb39,04/03/2025,CYS,Contrato CW 276532,Supervisión técnica,Sin Frente,Instalaciones provisionales,No,,No,3/5/2025,INT-OC-CYS-345/25
a673aa23,04/03/2025,CYS,Contrato CW 276532,Supervisión de seguridad y salud en el trabajo,Sin Frente,Retiro de personal extranjero por incumplimiento en el Sistema General de Seguridad Social Integral,No,,No,3/5/2025,INT-OC-CYS-346/25
23ce56b6,04/03/2025,CYS,Contrato CW 276532,Supervisión socioambiental,Sin Frente,Equipo Mínimo Hoja De Vida Profesional Social,Si,CYS-CW276532-PHI-01205,No,3/6/2025,INT-OC-CYS-348/25
35c541d1,05/03/2025,CYS,Contrato CW 276532,Supervisión de seguridad y salud en el trabajo,Sin Frente,Observaciones información accidente de trabajo Jesús Octavio Londoño CC 70631439,Si,CYS-CW276532-PHI-01143,No,3/6/2025,INT-OC-CYS-351/25
523da070,05/03/2025,CYS,Contrato CW 276532,Supervisión de seguridad y salud en el trabajo,Sin Frente,Observaciones información accidente de trabajo José Ernesto Bejarano Martin,Si,CYS-CW276532-PHI-01137,No,3/6/2025,INT-OC-CYS-352/25
9b33fb73,05/03/2025,CYS,Contrato CW 276532,Supervisión de seguridad y salud en el trabajo,Sin Frente,Observaciones información accidente de trabajo Luis Carlos Mendoza Cabana 84.084.045,Si,CYS-CW276532-PHI-01167.,No,3/6/2025,INT-OC-CYS-353/25
a4210a8b,05/03/2025,CYS,Contrato CW 276532,Supervisión técnica,Consolidación y conglomeración macizo perturbado zona sur,"Procedimiento para cargue, movilización y descargue de materiales, herramientas y equipos. Descargue equipo de perforación Romerito Berma 523",Si,CYS-CW276532-PHI-01206,No,4/5/2025,INT-OC-CYS-589/25
babc494c,05/03/2025,CYS,Contrato CW 276532,Supervisión técnica,Casa de máquinas y obras anexas,Plataformas de acceso desde Casa Maquinas,Si,CYS-CW276532-PHI-01207,No,5/30/2025,INT-OC-CYS-1000/25
a25fb88d,05/03/2025,CYS,Contrato CW 276532,Supervisión de seguridad y salud en el trabajo,Casa de máquinas y obras anexas,Hallazgos sin atención inspección conjunta No 32,Si,CYS-CW276532-PHI-01208,No,3/23/2025,INT-OC-CYS-479/25
73ef7539,05/03/2025,CYS,Contrato CW 276532,Supervisión técnica,Casa de máquinas y obras anexas,Registro de baja ejecución de actividades,No,,No,,
264a9324,05/03/2025,CYS,Contrato CW 276532,Supervisión técnica,Casa de máquinas y obras anexas,Registro de baja ejecución de actividades,No,,No,3/10/2025,INT-OC-CYS-386/25
c22680ac,05/03/2025,CYS,Contrato CW 276532,Supervisión de control de laboratorio ensayos de calidad,Sin Frente,Ensayos de resistencia a la compresión en núcleos de Concreto Lanzado,No,,No,3/17/2025,INT-OC-CYS-432/25
73447341,05/03/2025,CYS,Contrato CW 276532,Supervisión de seguridad y salud en el trabajo,Sin Frente,Solicitud documentación ambulancia TAB,No,,No,3/6/2025,INT-OC-CYS-354/25
cc1d7ba0,05/03/2025,CYS,Contrato CW 276532,Supervisión técnica,Consolidación y conglomeración macizo perturbado zona sur,Registros de inyección automatizados sistema SIRI,Si,CYS-CW276532-PHI-01125 y CYS-CW276532-PHI-01177.,Si,3/8/2025,INT-OC-CYS-360/25
b844a7f4,05/03/2025,CYS,Contrato CW 276532,Supervisión técnica,Casa de máquinas y obras anexas,Actualización de los Check list para descenso de banco en Casa de Máquinas sur y Almenara 2,No,,No,,
58f99daa,05/03/2025,CYS,Contrato CW 276532,Supervisión técnica,Casa de máquinas y obras anexas,Actualización de los Check list para descenso de banco en Casa de Máquinas sur y Almenara 2,No,,Si,3/6/2025,INT-OC-CYS-357/25
d2784b1d,06/03/2025,CYS,Contrato CW 276532,Supervisión técnica,Caverna de transformadores y obras anexas,"Unidad 8 – Instalación de platina losa del nivel 227,80.",No,,No,3/6/2025,INT-OC-CYS-356/25
965c7d21,06/03/2025,CYS,Contrato CW 276532,Supervisión de seguridad y salud en el trabajo,Sin Frente,Observaciones información accidente de trabajo Ángelo Mauricio Chiman Ordoñez CC. 1.038.102.621,Si,comunicación CYS-CW276532-PHI-01180,No,3/8/2025,INT-OC-CYS-361/25
fdabf2fa,06/03/2025,CYS,Contrato CW 276532,Supervisión de seguridad y salud en el trabajo,Sin Frente,Observaciones información accidente de trabajo Juan Diego Vera Chavarría CC. 1.017.148.676,Si,CYS-CW276532-PHI-01181,No,3/8/2025,INT-OC-CYS-362/25
4a4cabc9,06/03/2025,CYS,Contrato CW 276532,Supervisión técnica,Conducciones zona sur,Conducción No 7 zona de entronque - Inactividades en avance de obra.,No,,No,,
3a0058da,06/03/2025,CYS,Contrato CW 276532,Supervisión de gestión documental y calidad,Temas administrativos del contrato,Desviaciones de legibilidad soportes acta de obra ejecutada número 11.,Si,CYS-CW276532-PHI-01188,No,3/8/2025,INT-OC-CYS-363/25
2b0f50bd,06/03/2025,CYS,Contrato CW 276532,Supervisión de costos,Sin Frente,Remisión de acta de obra ejecutada N° 11 -Enero de 2025,Si,CYS-CW276532-PHI-01188,No,,
d94816e2,06/03/2025,CYS,Contrato CW 276532,Supervisión de seguridad y salud en el trabajo,Sin Frente,Condiciones subestándar equipos bombas de inyección,Si,CYS-CW276532-PHI-01209,No,3/23/2025,INT-OC-CYS-480/25
be2eeef4,06/03/2025,CYS,Contrato CW 276532,Supervisión de seguridad y salud en el trabajo,Sin Frente,Observaciones hallazgos inspección conjunta N.°13 y 1,Si,CYS-CW276532-PHI-01211,No,3/25/2025,INT-OC-CYS-493/25
faeaca11,06/03/2025,CYS,Contrato CW 276532,Supervisión de seguridad y salud en el trabajo,Sin Frente,Solicitud presentación inmediata Plan Estratégico de Seguridad Vial (PESV),Si,CYS-CW276532-PHI-01212,No,3/13/2025,INT-OC-CYS-417/25
140e46e3,06/03/2025,CYS,Contrato CW 276532,Supervisión técnica,Sin Frente,Hoja de vida Ingeniero Electricista,Si,CYS-CW276532-PHI-01213,No,,
686d10e1,07/03/2025,CYS,Contrato CW 276532,Supervisión técnica,Consolidación y conglomeración macizo perturbado zona sur,Inactividades en proceso de perforación e inyecciones de aglutinamiento y consolidación,No,,No,3/8/2025,INT-OC-CYS-370/25
8dfd23a7,07/03/2025,CYS,Contrato CW 276532,Supervisión contractual,Casa de máquinas y obras anexas,"Modificación plazo de los hitos 1, 2 y 3 del contrato AMB7",Si,CYS-CW276532-PHI-01217,No,3/11/2025,INT-OC-CYS-397/25
7a4baed1,07/03/2025,CYS,Contrato CW 276532,Supervisión técnica,Sin Frente,Informe de extensómetro Mexid con anomalía en asesores,Si,CYS-CW276532-PHI-01214,Si,,
428f5dd6,07/03/2025,CYS,Contrato CW 276532,Supervisión técnica,Presa y obras anexas,Aclaración sobre la ejecución de perforaciones para la pantalla de la presa,Si,NC-048-25,No,,
47e35a01,07/03/2025,CYS,Contrato CW 276532,Supervisión técnica,Conducciones zona sur,Simultaneidad de trabajos en la Galería D Sur,No,,No,3/7/2025,INT-OC-CYS-358/25
c4a7ca17,07/03/2025,CYS,Contrato CW 276532,Supervisión técnica,Obras en las descargas,Túnel de Descarga 3- Inactividades,No,,No,,
4b3088bc,07/03/2025,CYS,Contrato CW 276532,Supervisión técnica,Galerías y pozos de compuertas,gkbfskknjgv,No,,No,,
bb35735c,07/03/2025,CYS,Contrato CW 276532,Supervisión de seguridad y salud en el trabajo,Sin Frente,Observaciones hallazgos inspecciones conjuntas No. 26 y No. 28,Si,CYS-CW276532-PHI-01169,No,3/8/2025,INT-OC-CYS-364/25
3edf4725,07/03/2025,CYS,Contrato CW 276532,Supervisión técnica,Casa de máquinas y obras anexas,Sitio inestable 9 - Sitio inestable 10 - Inactividad,No,,No,3/8/2025,INT-OC-CYS-365/25
9274e70e,07/03/2025,CYS,Contrato CW 276532,Supervisión de seguridad y salud en el trabajo,Sin Frente,Observaciones hallazgos inspección conjunta No. 22,Si,CYS-CW276532-PHI-01162,No,3/8/2025,INT-OC-CYS-366/25
c1832368,07/03/2025,CYS,Contrato CW 276532,Supervisión de seguridad y salud en el trabajo,Sin Frente,Observaciones hallazgos inspección conjunta No. 39,Si,CYS-CW276532-PHI-01163,No,3/8/2025,INT-OC-CYS-367/25
dade1b1e,07/03/2025,CYS,Contrato CW 276532,Supervisión técnica,Vía Presa - Bombillo,Vía industrial y acceso a plazoleta EL.615,Si,D-PHI-COP-0079-2025,Si,3/12/2025,INT-OC-CYS-402/25
68324d65,07/03/2025,CYS,Contrato CW 276532,Supervisión técnica,Casa de máquinas y obras anexas,Complemento a la comunicación INT-OC-CYS-344/25-Traslado instructivo de campo IC-058-25,No,,Si,,
7b4dc593,07/03/2025,CYS,Contrato CW 276532,Supervisión de seguridad y salud en el trabajo,Consolidación y conglomeración macizo perturbado zona sur,Estado escalares verticales fijas en los silos de cementos,Si,CYS-CW276532-PHI-01215,No,3/15/2025,INT-OC-CYS-424/25
c264c8a1,07/03/2025,CYS,Contrato CW 276532,Supervisión técnica,Casa de máquinas y obras anexas,Complemento a la comunicación INT-OC-CYS-344/25-Traslado instructivo de campo IC-058-25,No,,Si,,
2f4bc0cd,07/03/2025,CYS,Contrato CW 276532,Supervisión técnica,Conducciones zona norte,Ramales 5 y 6 conducción superior - Platina para pernos,Si,CYS-CW276532-PHI-01216,No,,
8f8f7e05,07/03/2025,CYS,Contrato CW 276532,Supervisión de control de laboratorio ensayos de calidad,Sin Frente,Contenido fibra de concreto lanzado,Si,CYS-CW276532-PHI-01218,No,3/20/2025,INT-OC-CYS-461/25
7b7d6f2a,07/03/2025,CYS,Contrato CW 276532,Supervisión técnica,Sin Frente,Canastilla para transporte de personal,Si,CYS-CW276532-PHI-01221,No,3/15/2025,INT-OC-CYS-427/25
416266fd,07/03/2025,CYS,Contrato CW 276532,Supervisión de seguridad y salud en el trabajo,Sin Frente,Equipo mínimo hoja de vida -Gestores de SST,Si,CYS-CW276532-PHI-01223,No,3/10/2025,INT-OC-CYS-390/25
8d0c4672,07/03/2025,CYS,Contrato CW 276532,Supervisión técnica,Casa de máquinas y obras anexas,Entrega planos para construcción. Acabados arquitectónicos,Si,D-PHI-CCE-ADM-1-C6631,No,5/26/2025,INT-OC-CYS-970/25
2e7dc306,07/03/2025,CYS,Contrato CW 276532,Supervisión técnica,Almenaras y obras anexas,072  Almenaras 1 y 2 y sistema de ventilación. Oscilaciones en las almenaras considerando contrafuertes de roca en su inferior,Si,D-PHI-CCE-ADM-1-C6638,No,,
00d53b15,07/03/2025,CYS,Contrato CW 276532,Supervisión técnica,Casa de máquinas y obras anexas,Oficialización de verificación estructural de soporte de luminarias,Si,D-PHI-CCE-ADM-1-C-6640,No,,
6c4e10ba,08/03/2025,CYS,Contrato CW 276532,Supervisión técnica,Obras en las descargas,Descarga 3-Inactividades,No,,No,3/8/2025,INT-OC-CYS-368/25
63d59f97,08/03/2025,CYS,Contrato CW 276532,Supervisión técnica,Túnel de acceso y galerías de construcción de la central,Galería de construcción inferior sur - Ramal de acceso y codo inferior N° 5 - Inactividades,No,,No,3/8/2025,INT-OC-CYS-371/25
5b2b49ea,08/03/2025,CYS,Contrato CW 276532,Supervisión de seguridad y salud en el trabajo,Sin Frente,Observaciones condiciones subestándar en actividades de instalaciones de perfiles.,Si,CYS-CW276532-PHI-01165,No,3/8/2025,INT-OC-CYS-372/25
851d5509,08/03/2025,CYS,Contrato CW 276532,Supervisión técnica,Descarga intermedia,Procedimiento demoliciones descarga intermedia,Si,CYS-CW276532-PHI-01182,No,,
21d7e1c7,08/03/2025,CYS,Contrato CW 276532,Supervisión de seguridad y salud en el trabajo,Sin Frente,Observaciones hallazgos inspección conjunta No. 42,Si,CYS-CW276532-PHI-01171,No,3/9/2025,INT-OC-CYS-374/25
79019879,08/03/2025,CYS,Contrato CW 276532,Supervisión técnica,Casa de máquinas y obras anexas,Oficialización nota de campo NC-050-25,No,,Si,3/9/2025,INT-OC-CYS-373/25
863b6f31,08/03/2025,CYS,Contrato CW 276532,Supervisión técnica,Conducciones zona sur,Ramal No.8 - Inactividad inyección de pernos,No,,No,3/10/2025,INT-OC-CYS-377/25
8cdf60ee,09/03/2025,CYS,Contrato CW 276532,Supervisión de costos,Sin Frente,Acta de obra No 11 y su reajuste correspondiente a enero de 2025,Si,CYS-CW276532-PHI-011188,No,3/9/2025,INT-OC-CYS-375/25
91422f1a,09/03/2025,CYS,Contrato CW 276532,Supervisión de seguridad y salud en el trabajo,Sin Frente,Hallazgos sin atención inspección conjuntas 37 y 38,Si,CYS-CW276532-PHI-01210,No,3/23/2025,INT-OC-CYS-478/25
f4d54370,09/03/2025,CYS,Contrato CW 276532,Supervisión técnica,Galerías y pozos de compuertas,Prueba  tinter trazador - Instructivo de campo IC-049-2025 e IC-060-2025,Si,CYS-CW276532-PHI-01219,No,,
a44cb9dc,09/03/2025,CYS,Contrato CW 276532,Supervisión técnica,Sin Frente,Informe técnico mensual febrero de 2025,Si,CYS-CW276532-PHI-01220,No,3/18/2025,INT-OC-CYS-442/25
be58e08f,09/03/2025,CYS,Contrato CW 276532,Supervisión técnica,Casa de máquinas y obras anexas,Puente Grúa Casa de Maquinas,Si,CYS-CW276532-PHI-01222,No,3/11/2025,INT-OC-CYS-394/25
123292af,09/03/2025,CYS,Contrato CW 276532,Supervisión técnica,Casa de máquinas y obras anexas,Restitución tensores afectados en machón entre Casa de Maquinas y Caverna de transformadores,Si,CYS-CW276532-PHI-01229,No,5/2/2025,INT-OC-CYS-770/25
6ff49dfd,09/03/2025,CYS,Contrato CW 276532,Supervisión técnica,Casa de máquinas y obras anexas,Restitución de tensores afectados en machón entre Casa de Maquinas y Almenara 2,Si,D-PHI-COP-0124-2025,No,,
6c2ae6e9,09/03/2025,CYS,Contrato CW 276532,Supervisión técnica,Presa y obras anexas,Inyección perforación P-INY-PP-11,Si,NC-049-25,No,,
0b05de37,09/03/2025,CYS,Contrato CW 276532,Supervisión de seguridad y salud en el trabajo,Sin Frente,Remisión acta comité de revisión obligaciones laborales SST N.°13,No,,Si,3/9/2025,INT-OC-CYS-376/25
d38665d2,09/03/2025,CYS,Contrato CW 276532,Supervisión técnica,Sin Frente,Certificación de los equipos utilizados en las mediciones topográficas.,No,,No,3/10/2025,INT-OC-CYS-382/25
365d2620,09/03/2025,CYS,Contrato CW 276532,Supervisión de seguridad y salud en el trabajo,Sin Frente,Solicitud información investigación accidente laboral Diego Fernando Mondragón CC. 10.495.015.,No,,Si,3/10/2025,INT-OC-CYS-378/25
54ff5474,09/03/2025,CYS,Contrato CW 276532,Supervisión de seguridad y salud en el trabajo,Casa de máquinas y obras anexas,Condiciones de riesgo durante el tránsito de maquinaria,No,,No,3/10/2025,INT-OC-CYS-379/25
c9145a44,09/03/2025,CYS,Contrato CW 276532,Supervisión técnica,Galerías y pozos de compuertas,Inactividades en perforación ubicada en GAGC,No,,No,3/10/2025,INT-OC-CYS-380/25
654ce2e4,09/03/2025,CYS,Contrato CW 276532,Supervisión técnica,Túnel de acceso y galerías de construcción de la central,Galería de construcción inferior sur - Ramal de acceso a Almenara 2 - Continuidad en ejecución de actividades,No,,No,,
6e35dcd8,09/03/2025,CYS,Contrato CW 276532,Supervisión técnica,Túnel de acceso y galerías de construcción de la central,Galería de construcción inferior sur - Ramal de acceso a Almenara 2 - Continuidad en ejecución de actividades,No,,No,,
8ae158bb,09/03/2025,CYS,Contrato CW 276532,Supervisión técnica,Conducciones zona sur,KKO,No,,No,,
f6003a91,09/03/2025,CYS,Contrato CW 276532,Supervisión técnica,Túnel de acceso y galerías de construcción de la central,Galería de construcción inferior sur - Ramal de acceso a Almenara 2 - Continuidad en ejecución de actividades,No,,No,3/10/2025,INT-OC-CYS-384/25
26ece20d,10/03/2025,CYS,Contrato CW 276532,Supervisión técnica,Casa de máquinas y obras anexas,"Restitución tensores afectados
en machón entre casa de máquinas y Almenara 2",Si,D-PHI-COP-0124-2025,No,3/10/2025,INT-OC-CYS-383/25
14076df9,10/03/2025,CYS,Contrato CW 276532,Supervisión de riesgos,Sin Frente,Entrega de actas de comité de gestión Integral de Riesgos,No,,Si,,
0c445bb9,10/03/2025,CYS,Contrato CW 276532,Supervisión técnica,Casa de máquinas y obras anexas,Perforaciones exploratorias taludes de aspiración 7 y 8,Si,NC-050-25,No,,
69989fc6,10/03/2025,CYS,Contrato CW 276532,Supervisión técnica,Casa de máquinas y obras anexas,Reperforación de tensores,No,,No,3/11/2025,INT-OC-CYS-392/25
746175a5,10/03/2025,CYS,Contrato CW 276532,Supervisión técnica,Almenaras y obras anexas,Estabilidad y proceso de remoción Almenara 2,Si,CYS-CW276532-PHI-01232,No,,
4c951c08,10/03/2025,CYS,Contrato CW 276532,Supervisión socioambiental,Sin Frente,Remisión de actas comités social especifico Nros 13 y 14.,No,,Si,3/27/2025,INT-OC-CYS-503/25
d6957bfa,10/03/2025,CYS,Contrato CW 276532,Supervisión técnica,Galerías de acceso y construcción sistema de conducción,Conducción superior – Pozos de presión – Viga riel de apoyo del pórtico CSM,Si,CYS-CW276532-PHl-01054,No,,
abb3e013,10/03/2025,CYS,Contrato CW 276532,Supervisión técnica,Galerías de acceso y construcción sistema de conducción,Conducción superior – Pozos de presión – Viga riel de apoyo del pórtico CSM,Si,CYS-CW276532-PHl-01054,No,3/10/2025,INT-OC-CYS-385/25
3b1670ad,10/03/2025,CYS,Contrato CW 276532,Supervisión técnica,Casa de máquinas y obras anexas,Galerías de barras – Plataformas de acceso,Si,CYS-CW276532-PHl-01097,No,3/10/2025,INT-OC-CYS-388/25
85c1fa9a,10/03/2025,CYS,Contrato CW 276532,Supervisión técnica,Casa de máquinas y obras anexas,Fosos de Infiltración – Acero estructural – Planos y cartillas para figuración,Si,CYS-CW276532-PHl-01066,No,3/10/2025,INT-OC-CYS-387/25
55b69b25,10/03/2025,CYS,Contrato CW 276532,Supervisión técnica,Casa de máquinas y obras anexas,Galerías de barras 5 a 8 - Localización de tensores tipo B,Si,CYS-CW276532-PHI-00971,Si,3/10/2025,INT-OC-CYS-391/25
fd9c005a,10/03/2025,CYS,Contrato CW 276532,Supervisión técnica,Presa y obras anexas,Observaciones al procedimiento inyecciones de consolidación en la pantalla corta-flujo,Si,CYS-CW276532-PHI-01194,No,3/20/2025,INT-OC-CYS-454/25
8b7a2dd4,10/03/2025,CYS,Contrato CW 276532,Supervisión técnica,Almenaras y obras anexas,Pórtico de manejo de compuertas de aspiración – Embebidos – Planos de taller platinas tipo 2 y 3,Si,CYS-CW276532-PHl-01110,No,3/12/2025,INT-OC-CYS-406/25
3d1f468b,10/03/2025,CYS,Contrato CW 276532,Supervisión técnica,Túnel de acceso y galerías de construcción de la central,"Galería
de construcción inferior sur - Ramal de acceso y codo inferior N° 5 y 6 - Rendimientos bajos en rehabilitación de galerías",No,,No,,
6758734a,10/03/2025,CYS,Contrato CW 276532,Supervisión técnica,Almenaras y obras anexas,"Pórtico de manejo de compuertas de aspiración – Embebidos – Planos de taller platinas viga 201,70",Si,CYS-CW276532-PHl-01112,No,3/12/2025,INT-OC-CYS-398/25
63af4a27,10/03/2025,CYS,Contrato CW 276532,Supervisión técnica,Temas administrativos del contrato,Hoja de vida de ingeniero electricista. Su comunicación CYS-CW276532-PHI-01213,Si,CYS-CW276532-PHI-01213,No,3/11/2025,INT-OC-CYS-395/25
1b9887e8,10/03/2025,CYS,Contrato CW 276532,Supervisión técnica,Almenaras y obras anexas,Pórtico de manejo de compuertas de aspiración – Embebidos – Planos de taller platinas tipo 4 y 5,Si,CYS-CW276532-PHl-01111,No,3/12/2025,INT-OC-CYS-405/25
54cc6d96,10/03/2025,CYS,Contrato CW 276532,Supervisión técnica,Sin Frente,Hoja de vida ingeniero electricista,Si,CYS-CW276532-PHI-01213,No,,
d542b97d,10/03/2025,CYS,Contrato CW 276532,Supervisión socioambiental,Sin Frente,Resultados monitoreo de los vertimientos de las Aguas Residuales no Domésticas (ARnD) febrero de 2025,No,,Si,,
b2556f77,10/03/2025,CYS,Contrato CW 276532,Supervisión socioambiental,Sin Frente,Resultados monitoreo de los vertimientos de las Aguas Residuales no Domésticas (ARnD) febrero de 2025,No,,No,3/12/2025,INT-OC-CYS-400/25
64b47593,10/03/2025,CYS,Contrato CW 276532,Supervisión técnica,Sin Frente,Entrega acta de comité de obra No 059,No,,Si,3/11/2025,INT-OC-CYS-393/25
53cbef69,11/03/2025,CYS,Contrato CW 276532,Supervisión técnica,Almenaras y obras anexas,Pórtico de manejo de compuertas de aspiración – Rejas y embebidos para apoyo de las rejas – Planos de taller,Si,CYS-CW276532-PHl-01113 y CYS-CW276532-PHl-01114,No,3/12/2025,INT-OC-CYS-404/25
64195a42,11/03/2025,CYS,Contrato CW 276532,Supervisión de control de laboratorio ensayos de calidad,Sin Frente,Diseños de mezcla para concretos convencionales,No,,No,3/13/2025,INT-OC-CYS-416/25
14ee2f73,11/03/2025,CYS,Contrato CW 276532,Supervisión de seguridad física,Sin Frente,Nombramiento coordinador de seguridad física – Comunicación INT-OC-CYS-0272/25,No,,No,3/12/2025,INT-OC-CYS-399/25
a76b8f13,11/03/2025,CYS,Contrato CW 276532,Supervisión técnica,Conducciones zona sur,"Oficialización nota de campo
NC-051-25",No,,Si,3/11/2025,INT-OC-CYS-396/25
6a112c7e,11/03/2025,CYS,Contrato CW 276532,Supervisión de seguridad y salud en el trabajo,Sin Frente,Aprobación hoja de visa personal HSE y PH,Si,CYS-CW276532-PHI-01224,No,4/3/2025,INT-OC-CYS-579/25
08a772c1,11/03/2025,CYS,Contrato CW 276532,Supervisión contractual,Casa de máquinas y obras anexas,"Modificación plazo cumplimiento hitos 1, 2 y 3 - Casa de máquinas sur y almenara 2",Si,CYS-CW-276532-PHI-01217,No,,
c790a2cc,11/03/2025,CYS,Contrato CW 276532,Supervisión de seguridad y salud en el trabajo,Sin Frente,Observaciones información accidente de trabajo Edwin Yesid Mellizo Patiño CC. 1.095.813.355,Si,CYS-CW276532-PHI-01225,No,3/31/2025,INT-OC-CYS-537/25
df8cfc4f,11/03/2025,CYS,Contrato CW 276532,Supervisión socioambiental,Sin Frente,Sitio 9 Desviaciones en manejo de residuos,Si,CYS-CW276532-PHI-01226,No,3/13/2025,INT-OC-CYS-418/25
86ddd88b,11/03/2025,CYS,Contrato CW 276532,Supervisión técnica,Sin Frente,Canastilla para transporte de personal,Si,CYS-CW276532-PHI-01227,No,9/4/2025,INT-OC-CYS-1814/25
5bc91ef7,11/03/2025,CYS,Contrato CW 276532,Supervisión de seguridad y salud en el trabajo,Sin Frente,Informe de gestión correspondiente al mes de febrero de 2025,Si,CYS-CW276532-PHI-01238,No,,
e3127f98,11/03/2025,CYS,Contrato CW 276532,Supervisión de seguridad y salud en el trabajo,Sin Frente,Observaciones hallazgos inspección conjunta 17,Si,CYS-CW276532-PHI-01238,No,,
daf2ed6d,11/03/2025,CYS,Contrato CW 276532,Supervisión técnica,Consolidación y conglomeración macizo perturbado zona sur,Registro automatizados equipos inyecciones -Entrega 5,Si,CYS-CW276532-PHI-01230,Si,4/3/2025,INT-OC-CYS-569/25
d6eeca73,11/03/2025,CYS,Contrato CW 276532,Supervisión contractual,Sin Frente,Comunicación aceptación del acta de modificación bilateral 7-AMB7,Si,20250130046444,No,,
410d41e3,11/03/2025,CYS,Contrato CW 276532,Supervisión de seguridad y salud en el trabajo,Sin Frente,Observaciones hallazgos inspecciones conjuntas 07 y 09,Si,CYS-CW276532-PHI-01231,No,4/3/2025,INT-OC-CYS-570/25
4001f39f,11/03/2025,CYS,Contrato CW 276532,Supervisión de seguridad y salud en el trabajo,Sin Frente,Observaciones sistema de comunicación y alarma de emergencia frente exteriores,Si,CYS-CW276532-PHI-01233,No,4/3/2025,INT-OC-CYS-571/25
e047d734,11/03/2025,CYS,Contrato CW 276532,Supervisión técnica,Almenaras y obras anexas,Embebidos metálicos -Planos de taller,Si,CYS-CW276532-PHI-01234,No,4/19/2025,INT-OC-CYS-684/25
4fd1d9c0,11/03/2025,CYS,Contrato CW 276532,Supervisión de riesgos,Sin Frente,Informe mensual de la Gestión de Riesgos - Enero 2025,Si,CYS-CW276532-PHI-01235,No,3/12/2025,INT-OC-CYS-414/25
59550ad1,11/03/2025,CYS,Contrato CW 276532,Supervisión técnica,Casa de máquinas y obras anexas,Detalles de refuerzo columnas pórtico de puente grúa,Si,CYS-CW276532-PHI-01236,No,7/16/2025,INT-OC-CYS-1352/25
3e7fc8b5,11/03/2025,CYS,Contrato CW 276532,Supervisión técnica,Presa y obras anexas,Medidor de infiltraciones - Inyecciones de consolidación,Si,CYS-CW276532-PHI-01237,No,,
6a67432b,11/03/2025,CYS,Contrato CW 276532,Supervisión de seguridad y salud en el trabajo,Sin Frente,Observaciones hallazgos inspección conjunta 20,Si,CYS-CW276532-PHI-01239,No,4/3/2025,INT-OC-CYS-572/25
d75a324b,11/03/2025,CYS,Contrato CW 276532,Supervisión de seguridad y salud en el trabajo,Obras externas plazoleta de compuertas y captación,Hallazgos pendientes por cierre inspección conjunta 49,Si,CYS-CW276532-PHI-01240,No,4/3/2025,INT-OC-CYS-568/25
967df3d2,11/03/2025,CYS,Contrato CW 276532,Supervisión técnica,Túnel de acceso y galerías de construcción de la central,Galería de construcción inferior sur- Codo inferior N.°5 y 6 - Rendimientos bajo en actividades de excavación.,No,,No,3/12/2025,INT-OC-CYS-409/25
ec271e4a,11/03/2025,CYS,Contrato CW 276532,Supervisión de costos,Sin Frente,Solicitud de remisión de APU conciliados para formalización ante EPM,No,,No,,
ee1a5238,11/03/2025,CYS,Contrato CW 276532,Supervisión técnica,Casa de máquinas y obras anexas,"Restitución tensores tipo c afectados, Casa de Maquinas hastial aguas arriba",Si,D-PHI-COP-0127-2025,No,,
fac2bc1e,11/03/2025,CYS,Contrato CW 276532,Supervisión técnica,Casa de máquinas y obras anexas,"Restitución tensores tipo C afectados, Casa de Maquinas hastial aguas arriba",Si,D-PHI-COP-0131-2025,No,,
8e43707e,11/03/2025,CYS,Contrato CW 276532,Supervisión técnica,Conducciones zona sur,Reemplanteo drenaje conducción superior 5,Si,NC-051-25,No,,
796b0163,12/03/2025,CYS,Contrato CW 276532,Supervisión técnica,Casa de máquinas y obras anexas,Restitución tensores Tipo C afectados - Hastial Aguas Arriba,No,,No,,
cb6ff227,12/03/2025,CYS,Contrato CW 276532,Supervisión técnica,Casa de máquinas y obras anexas,Restitución tensores Tipo C afectados - Hastial Aguas Arriba,No,,No,,
439700ad,12/03/2025,CYS,Contrato CW 276532,Supervisión técnica,Casa de máquinas y obras anexas,"Referencias topográficas de Casa de Maquinas, Almenara 2 y galerías de barras 5 a 8",Si,D-PHI-COP-0130-2025,No,,
dd08e9c0,12/03/2025,CYS,Contrato CW 276532,Supervisión técnica,Casa de máquinas y obras anexas,"Solicitud de tratamiento  ejecutado en las paredes intervenidas de las cavernas de casa de maquinas sur y almenara 2, ejecutadas por CYS, de acuerdo a lo indicado en los planos para construcción",Si,D-PHI-COP-0129-2025,No,,
087b41d7,12/03/2025,CYS,Contrato CW 276532,Supervisión de seguridad y salud en el trabajo,Sin Frente,Solicitud información investigación accidente laboral Julián Andrés Arroyave CC. 1.037.450.034,No,,Si,3/12/2025,INT-OC-CYS-401/25
f1a9fbd8,12/03/2025,CYS,Contrato CW 276532,Supervisión técnica,Presa y obras anexas,Perforaciones pantalla medidor de infiltraciones,Si,NC-054-25,No,,
eb03414f,12/03/2025,CYS,Contrato CW 276532,Supervisión socioambiental,Sin Frente,Informe gestión correspondiente al mes de febrero 2025,Si,CYS-CW276532-PHI-01228,No,3/19/2025,INT-OC-CYS-450/25
6d47f383,12/03/2025,CYS,Contrato CW 276532,Supervisión técnica,Obras en las descargas,Observaciones al Procedimiento Demoliciones Descarga-Intermedia - Su comunicación CYS-CW276532-PHI-01182,Si,CYS-CW276532-PHI-01182,No,,
118cb5aa,12/03/2025,CYS,Contrato CW 276532,Supervisión técnica,Sin Frente,Helipuerto  - Oficialización instructivo de campo  IC-063-2025,Si,NC-052-25,No,3/18/2025,INT-OC-CYS-441/25
4b3f3f3d,12/03/2025,CYS,Contrato CW 276532,Supervisión de seguridad y salud en el trabajo,Sin Frente,Observaciones hallazgos inspección conjunta 17,Si,CYS-CW276532-PHI-01238,No,4/3/2025,INT-OC-CYS-567/25
689763a8,12/03/2025,CYS,Contrato CW 276532,Supervisión técnica,Galerías y pozos de compuertas,Perforaciones en la galería de acceso a la galería de comunicaciones - Rehabilitación de la galería superior de humos,Si,CYS-CW276532-PHI-01031,No,3/12/2025,INT-OC-CYS-413/25
847e5dc2,12/03/2025,CYS,Contrato CW 276532,Supervisión de seguridad física,Sin Frente,Informes 4 y 5 de gestión de seguridad física,Si,CAMI-0271-2025,No,,
390a0bc0,12/03/2025,CYS,Contrato CW 276532,Supervisión técnica,Sin Frente,Pozo de presión unidades 5 a 8. Drocales,Si,CYS-CW276532-PHI-01241,No,,
8594ff78,12/03/2025,CYS,Contrato CW 276532,Supervisión de seguridad y salud en el trabajo,Sin Frente,Solicitud información investigación accidente laboral William de Jesús Gómez Salazar CC 98464369,No,,No,3/12/2025,INT-OC-CYS-408/25
f1c163f2,12/03/2025,CYS,Contrato CW 276532,Supervisión de seguridad y salud en el trabajo,Sin Frente,Presentación hojas de vida personal Ambulancia Medicalizada,Si,CYS-CW276532-PHI-01242,No,3/15/2025,INT-OC-CYS-426/25
8da5eec7,12/03/2025,CYS,Contrato CW 276532,Supervisión técnica,Sin Frente,Prueba tinte trazador,Si,CYS-CW276532-PHI-01246,No,4/4/2025,INT-OC-CYS-585/25
69fe60e3,12/03/2025,CYS,Contrato CW 276532,Supervisión de seguridad y salud en el trabajo,Sin Frente,Retiro de personal extranjero por incumplimiento en el sistema general de Seguridad social integral,Si,CYS-CW276532-PHI-01248,No,4/6/2025,INT-OC-CYS-593/25
73c24feb,12/03/2025,CYS,Contrato CW 276532,Supervisión de seguridad y salud en el trabajo,Sin Frente,Solicitud información investigación accidente laboral Franco Lupercio Argoti Ospina CC 98607484,No,,No,3/12/2025,INT-OC-CYS-407/25
a865fbe3,12/03/2025,CYS,Contrato CW 276532,Supervisión de control de laboratorio ensayos de calidad,Sin Frente,Resultados de diseños de mezclas concreto plástico,Si,CYS-CW276532-PHI-01250,No,,
b94e1754,12/03/2025,CYS,Contrato CW 276532,Supervisión técnica,Casa de máquinas y obras anexas,Localización de tensores existentes tipo A y tipo C entre casa de maquinas y caverna de transformadores,Si,D-PHI-COP-0133-2025,No,,
e44fadbb,12/03/2025,CYS,Contrato CW 276532,Supervisión técnica,Sistema de caudal remanente (SQR),hjbb,No,,No,,
e4c93f05,12/03/2025,CYS,Contrato CW 276532,Supervisión técnica,Casa de máquinas y obras anexas,Restitución tensores Tipo C afectados - Hastial Aguas Arriba,No,,No,,
0c812611,12/03/2025,CYS,Contrato CW 276532,Supervisión de riesgos,Sin Frente,Entrega de acta de comité de riesgos No. 015,No,,Si,3/12/2025,INT-OC-CYS-412/25
e93a64c0,12/03/2025,CYS,Contrato CW 276532,Supervisión técnica,Casa de máquinas y obras anexas,Restitución de tensores Tipo C - Hastial Aguas Arriba,No,,No,,
dcdc5fe7,12/03/2025,CYS,Contrato CW 276532,Supervisión técnica,Casa de máquinas y obras anexas,Restitución de tensores Tipo C - Hastial Aguas Arriba,No,,No,3/12/2025,INT-OC-CYS-415/25
c931d4cd,12/03/2025,CYS,Contrato CW 276532,Supervisión técnica,Conducciones zona sur,Ramales de acceso a las Conducciones Inferiores - Solicitud de planos para rehabilitación,Si,CYS-CW276532-PHI-01088,No,3/12/2025,INT-OC-CYS-411/25
5f9180a0,12/03/2025,CYS,Contrato CW 276532,Supervisión de seguridad y salud en el trabajo,Casa de máquinas y obras anexas,Incumplimiento a medidas de seguridad durante actividades simultaneas,No,,No,3/14/2025,INT-OC-CYS-421/25
502a4fcb,12/03/2025,CYS,Contrato CW 276532,Supervisión técnica,Galerías de acceso y construcción sistema de conducción,Ramales de acceso desde GCIS - Saneamientos penidientes,No,,No,,
83ca404c,13/03/2025,CYS,Contrato CW 276532,Supervisión técnica,Casa de máquinas y obras anexas,Actualización de check list para descenso de banco en cavernas,No,,Si,3/14/2025,INT-OC-CYS-420/25
6e24fb11,13/03/2025,CYS,Contrato CW 276532,Supervisión técnica,Presa y obras anexas,Oficialización nota de campo NC-054-25,No,,Si,3/14/2025,INT-OC-CYS-419/25
034d4043,13/03/2025,CYS,Contrato CW 276532,Supervisión de control de laboratorio ensayos de calidad,Sin Frente,"Diseño de lechadas para anclaje (LE-108), diferencia en porcentajes de aditivo",No,,No,3/16/2025,INT-OC-CYS-430/25
d94b00a4,14/03/2025,CYS,Contrato CW 276532,Supervisión de seguridad y salud en el trabajo,Galerías de acceso y construcción sistema de conducción,Desviaciones al PON durante la ejecución de actividades simultáneas,No,,No,3/15/2025,INT-OC-CYS-429/25
0c5143a3,14/03/2025,CYS,Contrato CW 276532,Supervisión técnica,Sin Frente,Complemento anexos,Si,CYS-CW276532-PHI-01244,No,,
976946cf,14/03/2025,CYS,Contrato CW 276532,Supervisión socioambiental,Sin Frente,Atención observaciones informe socioambiental mes de noviembre de 2024,Si,CYS-CW276532-PHI-01247,No,3/20/2025,INT-OC-CYS-462/25
ef96499c,14/03/2025,CYS,Contrato CW 276532,Supervisión técnica,Sin Frente,Ejecución obras extras formalización de APU,Si,CYS-CW276532-PHI-01249,No,4/15/2025,INT-OC-CYS-668/25
95dcb4dd,14/03/2025,CYS,Contrato CW 276532,Supervisión técnica,Sin Frente,Estructuras de concreto uso de empalmes para acero de refuerzo con acoples tipo 2 FMax Ramalza,Si,CYS-CW276532-PHI-01251,No,4/21/2025,INT-OC-CYS-695/25
61722d73,14/03/2025,CYS,Contrato CW 276532,Supervisión de control de laboratorio ensayos de calidad,Sin Frente,Resultados de diseños de mezclas concreto plástico,Si,CYS-CW276532-PHI-01250,No,3/15/2025,INT-OC-CYS-428/25
0782202e,14/03/2025,CYS,Contrato CW 276532,Supervisión socioambiental,Sin Frente,Manejo de aguas residuales domesticas y no domesticas y calidad del aire en frentes de obra,Si,CYS-CW276532-PHI-01252,No,3/20/2025,INT-OC-CYS-463/25
07713f39,14/03/2025,CYS,Contrato CW 276532,Supervisión socioambiental,Sin Frente,Observaciones informe socio ambiental mes de enero de 2025,Si,CYS-CW276532-PHI-01253,No,3/20/2025,INT-OC-CYS-465/25
b0618b06,14/03/2025,CYS,Contrato CW 276532,Supervisión de seguridad y salud en el trabajo,Conducciones zona sur,Restricción uso de mini excavadora EX-06-CYS por condiciones subestándar.,No,,No,,
8d966275,14/03/2025,CYS,Contrato CW 276532,Supervisión de seguridad y salud en el trabajo,Sin Frente,Solicitud información investigación accidente laboral William Antonio Jiménez Montes CC.1063355268,No,,No,3/15/2025,INT-OC-CYS-423/25
0f545112,14/03/2025,CYS,Contrato CW 276532,Supervisión socioambiental,Zonas de deposito obras finales,Atención a las deficiencias en el manejo de RCD pétreos en el deposito Ticuita sur,Si,CYS-CW276532-PHI-01254,No,3/28/2025,INT-OC-CYS-512/25
a9a5aaa0,14/03/2025,CYS,Contrato CW 276532,Supervisión técnica,Consolidación y conglomeración macizo perturbado zona sur,Traslado de resultados de pruebas con tinte trazador.,No,,Si,3/15/2025,INT-OC-CYS-422/25
64780386,14/03/2025,CYS,Contrato CW 276532,Supervisión socioambiental,Sin Frente,Atención observaciones informe socioambiental mes de noviembre de 2024,Si,CYS-CW276532-PHI-01255,No,3/20/2025,INT-OC-CYS-455/25
82af10a0,14/03/2025,CYS,Contrato CW 276532,Supervisión de seguridad y salud en el trabajo,Sin Frente,Hallazgos atención inspección conjunta GI-SST-19 Sustancias químicas,Si,CYS-CW276532-PHI-01256,No,3/26/2025,INT-OC-CYS-501/25
fc042762,14/03/2025,CYS,Contrato CW 276532,Supervisión socioambiental,Instalaciones provisionales obras finales,Cierre inspección conjunta GI-AM-01-25,Si,CYS-CW276532-PHI-01257,No,3/26/2025,INT-OC-CYS-500/25
689ad74a,14/03/2025,CYS,Contrato CW 276532,Supervisión socioambiental,Instalaciones provisionales obras finales,Atención a las desviaciones manejo integral residuos en los frentes de obra,Si,CYS-CW276532-PHI-01258,No,3/27/2025,INT-OC-CYS-502/25
2c46e485,14/03/2025,CYS,Contrato CW 276532,Supervisión técnica,Sin Frente,Bloque de anclaje adicional tuberías del By-pass y tapa sobre Micropilotes,Si,CYS-CW276532-PHI-01259,No,4/12/2025,INT-OC-CYS-644/25
719fc967,14/03/2025,CYS,Contrato CW 276532,Supervisión de seguridad y salud en el trabajo,Sin Frente,Solicitud de información de seguridad vial,Si,CYS-CW276532-PHI-01260,No,3/26/2025,INT-OC-CYS-498/25
c29bbf48,14/03/2025,CYS,Contrato CW 276532,Supervisión de seguridad y salud en el trabajo,Casa de máquinas y obras anexas,Condiciones y acciones subestándar en actividades de puente grúa 25 ton,Si,CYS-CW276532-PHI-01261,No,3/21/2025,INT-OC-CYS-468/25
f3cbbc42,14/03/2025,CYS,Contrato CW 276532,Supervisión técnica,Presa y obras anexas,Medidor infiltraciones Entrega planos para excavación de la plataforma en la cota 235 m s.n.m y los tratamientos para el cierre contra el estribo,Si,D-PHI-COP-0134-2025,No,3/21/2025,INT-OC-CYS-469/25
e520cec2,14/03/2025,CYS,Contrato CW 276532,Supervisión técnica,Casa de máquinas y obras anexas,Propuesta del Contratista para inyección de mortero desde galería superior sur hacia el entronque Almenara 2 culata sur,Si,D-PHI-COP-0135-2025,No,3/18/2025,INT-OC-CYS-437/25
31adee99,14/03/2025,CYS,Contrato CW 276532,Supervisión técnica,Presa y obras anexas,Medidor infiltraciones inyecciones de consolidación en el macizo rocoso por el método GIN,Si,NC-055-25,No,,
ad68b2d9,14/03/2025,CYS,Contrato CW 276532,Supervisión técnica,Sin Frente,Vía hacia el campamento Villa Luz afectación pavimento,Si,NC-057-25,Si,3/18/2025,INT-OC-CYS-439/25
48b2e45a,15/03/2025,CYS,Contrato CW 276532,Supervisión técnica,Sin Frente,Hoja vida Ingeniero Geólogo Carlos Castro,Si,CYS-CW276532-PHI-01262,No,3/18/2025,INT-OC-CYS-438/25
94d26125,15/03/2025,CYS,Contrato CW 276532,Supervisión técnica,Presa y obras anexas,Medidor de infiltraciones - Inyecciones de consolidación,Si,CYS-CW276532-PHI-01237,Si,3/17/2025,INT-OC-CYS-435/25
2fdc60a6,15/03/2025,CYS,Contrato CW 276532,Supervisión de seguridad y salud en el trabajo,Sin Frente,Paradas de seguridad por condiciones y actos subestándar en frentes de obra subterránea,No,,No,3/17/2025,INT-OC-CYS-431/25
1a18082d,15/03/2025,CYS,Contrato CW 276532,Supervisión técnica,Casa de máquinas y obras anexas,Galería de barras 5 y 6. Estado de los concretos sección aporticada,Si,CYS-CW276532-PHI-01000,No,3/27/2025,INT-OC-CYS-509/25
a4cca09d,16/03/2025,CYS,Contrato CW 276532,Supervisión de seguridad y salud en el trabajo,Sin Frente,"Hallazgos sin atención inspecciones conjuntas Nro. 47, 48, 50 y 51",No,,Si,3/17/2025,INT-OC-CYS-436/25
8a9e807e,16/03/2025,CYS,Contrato CW 276532,Supervisión técnica,Descarga intermedia,"Bloque de anclaje adicional de tuberías del ""BY-PASS"" - Procedimiento de construcción",No,,No,3/29/2025,INT-OC-CYS-519/25
2c04b395,16/03/2025,CYS,Contrato CW 276532,Supervisión técnica,Presa y obras anexas,Pantalla Cortaflujo - Perforación inyección de consolidación - Inactividad.,No,,No,3/17/2025,INT-OC-CYS-433/25
6f7e3733,16/03/2025,CYS,Contrato CW 276532,Supervisión técnica,Túnel de acceso y galerías de construcción de la central,Galería Inferior del Pozo Inferior de Humos- Inactividad,No,,No,3/17/2025,INT-OC-CYS-434/25
13b8c2df,16/03/2025,CYS,Contrato CW 276532,Supervisión contractual,Temas administrativos del contrato,"Copia de pólizas, garantías contractuales y seguros",No,,No,3/20/2025,INT-OC-CYS-456/25
283cec8e,17/03/2025,CYS,Contrato CW 276532,Supervisión de seguridad y salud en el trabajo,Sin Frente,Actualización sistema de gestión de seguridad y salud en el trabajo,Si,CYS-CW276532-PHI-01263,No,4/4/2025,INT-OC-CYS-580/25
c02b95b8,17/03/2025,CYS,Contrato CW 276532,Supervisión técnica,Sin Frente,Solicitud controles durante procedimientos de fragmentación de roca en los diferentes frentes de trabajo,Si,CYS-CW276532-PHI-01264,No,4/21/2025,INT-OC-CYS-696/25
426a355b,17/03/2025,CYS,Contrato CW 276532,Supervisión técnica,Sin Frente,Oficialización instructivo de campo IC-064-2025,Si,NC-058-25,No,3/21/2025,INT-OC-CYS-470/25
519f5b95,17/03/2025,CYS,Contrato CW 276532,Supervisión técnica,Túnel de acceso y galerías de construcción de la central,Galería de Construcción inferior sur – Ramales inferiores– Desviaciones manejo de Aguas Residuales no Domésticas (ARnD).,No,,No,3/18/2025,INT-OC-CYS-440/25
767cfca6,17/03/2025,CYS,Contrato CW 276532,Supervisión técnica,Almenaras y obras anexas,Almenara 2 estabilización proceso de remoción,Si,D-PHI-COP-0142-2025,No,,
1101af70,17/03/2025,CYS,Contrato CW 276532,Supervisión de gestión documental y calidad,Sin Frente,Desviaciones de legibilidad soportes acta de obra ejecutada numero 11,Si,CYS-CW276532-PHI-01245,No,3/29/2025,INT-OC-CYS-517/25
d2913035,17/03/2025,CYS,Contrato CW 276532,Supervisión de seguridad y salud en el trabajo,Sin Frente,Equipo mínimo hoja de vida gestor SST,Si,CYS-CW276532-PHI-01265,No,4/14/2025,INT-OC-CYS-664/25
7a3ca068,17/03/2025,CYS,Contrato CW 276532,Supervisión técnica,Casa de máquinas y obras anexas,Remoción de escombros elevación 188 diseño balde,Si,CYS-CW276532-PHI-01266,No,3/29/2025,INT-OC-CYS-526/25
7a7a6475,17/03/2025,CYS,Contrato CW 276532,Supervisión técnica,Casa de máquinas y obras anexas,Inyecciones de consolidación inactividad,Si,CYS-CW276532-PHI-01267,No,4/13/2025,INT-OC-CYS-646/25
e6430701,17/03/2025,CYS,Contrato CW 276532,Supervisión de control de laboratorio ensayos de calidad,Sin Frente,Información plantas de hielo planta de concreto 60 y 100 m3/h,Si,CYS-CW276532-PHI-01268,No,6/2/2025,INT-OC-CYS-1026/25
99f56e88,17/03/2025,CYS,Contrato CW 276532,Supervisión socioambiental,Sin Frente,Parámetros de vertimiento de aguas residuales no domesticas (ARnD) cumplimiento resolución 0631 de 2015,Si,CYS-CW276532-PHI-01269,No,3/31/2025,INT-OC-CYS-539/25
3c639ce3,17/03/2025,CYS,Contrato CW 276532,Supervisión técnica,Túnel de acceso y galerías de construcción de la central,Entronque y ramal de acceso superior a Almenara 2 despiece de entibado metálico,Si,CYS-CW276532-PHI-01270,No,,
c75d62b4,17/03/2025,CYS,Contrato CW 276532,Supervisión técnica,Almenaras y obras anexas,Pórtico de manejo de compuertas de aspiración embebidos Planos de taller platinas viga 201-70,Si,CYS-CW276532-PHI-01271,No,3/29/2025,INT-OC-CYS-520/25
603aeb2d,17/03/2025,CYS,Contrato CW 276532,Supervisión técnica,Sin Frente,Procedimientos de construcción solera túneles de descarga,Si,CYS-CW276532-PHI-01272,No,5/27/2025,INT-OC-CYS-988/25
5850a10e,17/03/2025,CYS,Contrato CW 276532,Supervisión técnica,Casa de máquinas y obras anexas,Metodología constructiva para los concretos de las unidades 5 a 8,Si,CYS-CW276532-PHI-01273,No,5/30/2025,INT-OC-CYS-1014/25
bd1e1a73,17/03/2025,CYS,Contrato CW 276532,Supervisión técnica,Casa de máquinas y obras anexas,Modificación plazo del hito 2 del contrato,Si,CYS-CW276532-PHI-01274,No,,
7de26b4f,18/03/2025,CYS,Contrato CW 276532,Supervisión técnica,Sin Frente,Conducción superior pozos de presión bacha y canastilla para pórtico CSM,Si,CYS-CW276532-PHI-01275,No,3/29/2025,INT-OC-CYS-522/25
16656597,18/03/2025,CYS,Contrato CW 276532,Supervisión técnica,Túnel de acceso y galerías de construcción de la central,Entrega de planos para construcción,Si,CYS-CW276532-PHI-01276,Si,3/20/2025,INT-OC-CYS-457/25
95a9d882,18/03/2025,CYS,Contrato CW 276532,Supervisión técnica,Casa de máquinas y obras anexas,Fosos infiltración refuerzo planos despiece,Si,CYS-CW276532-PHI-01277,No,,
4bd9a865,18/03/2025,CYS,Contrato CW 276532,Supervisión de control de laboratorio ensayos de calidad,Sin Frente,Informes resultados laboratorios externos diseños de mezcla FL 263 con agregados EL Valle,Si,CYS-CW276532-PHI-01278,No,3/21/2025,INT-OC-CYS-471/25
51a5fbee,18/03/2025,CYS,Contrato CW 276532,Supervisión técnica,Presa y obras anexas,Campaña de cierre romerito,Si,NC-060-25,No,,
f297adc0,18/03/2025,CYS,Contrato CW 276532,Supervisión técnica,Descarga intermedia,Oficialización Acta de Entrega de Frentes,No,,Si,3/20/2025,INT-OC-CYS-458/25
894a698f,18/03/2025,CYS,Contrato CW 276532,Supervisión de seguridad y salud en el trabajo,Sin Frente,Transporte de Mercancías Peligrosas – Líquidos Inflamables (Clase 3),Si,CW276532-PHI-01172,No,3/19/2025,INT-OC-CYS-446/25
5cfc1277,18/03/2025,CYS,Contrato CW 276532,Supervisión técnica,Consolidación y conglomeración macizo perturbado zona sur,Campaña de cierre Romerito,No,,Si,3/20/2025,INT-OC-CYS-459/25
537ded4e,18/03/2025,CYS,Contrato CW 276532,Supervisión técnica,Conducciones zona sur,Galeria D Sur – Ramales superiores – Desviaciones manejo de Aguas Residuales no Domésticas (ARnD).,No,,No,3/19/2025,INT-OC-CYS-447/25
8b07f3f9,18/03/2025,CYS,Contrato CW 276532,Supervisión de seguridad y salud en el trabajo,Casa de máquinas y obras anexas,Condiciones subestándares en actividades de instalación de viga riel,Si,CYS-CW276532-PHI-01279,No,4/3/2025,INT-OC-CYS-566/25
00767ecc,18/03/2025,CYS,Contrato CW 276532,Supervisión socioambiental,Sin Frente,Restricción aprovechamiento forestal - Definición por parte de la Asesoría,Si,CYS-CW276532-PHI-01281,No,3/29/2025,INT-OC-CYS-523/25
a839c77f,18/03/2025,CYS,Contrato CW 276532,Supervisión de seguridad y salud en el trabajo,Casa de máquinas y obras anexas,Personal No Certificado Operando Vehículos de Transporte de Sustancias Peligrosas,Si,CW276532-PHI-01174,No,3/19/2025,INT-OC-CYS-448/25
57d89d8f,18/03/2025,CYS,Contrato CW 276532,Supervisión socioambiental,Sin Frente,Manejo de aguas residuales no domesticas en obra (ARnD),Si,CYS-CW276532-PHI-01281,Si,3/31/2025,INT-OC-CYS-541/25
5cce150a,18/03/2025,CYS,Contrato CW 276532,Supervisión técnica,Descarga intermedia,"Procedimiento constructivo bloque de anclaje adicional de tuberías del ""BY-PASS"" y tapa losa sobre micropilotes",Si,CYS-CW276532-PHI-01259,No,3/19/2025,INT-OC-CYS-444/25
a1cfe233,18/03/2025,CYS,Contrato CW 276532,Supervisión técnica,Conducciones zona sur,Conducciones -Entibados ramal inferior a conducciones 7 y 8 - Planos de taller,Si,CYS-CW276532-PHI-01282,No,,
fd6b581d,18/03/2025,CYS,Contrato CW 276532,Supervisión técnica,Casa de máquinas y obras anexas,Restitución de tensores afectados en machón entre Casa de Maquinas y Almenara 2,Si,D-PHI-COP-0150-2025,No,,
2000e0fb,18/03/2025,CYS,Contrato CW 276532,Supervisión técnica,Casa de máquinas y obras anexas,"Referencias topográficas de casa de máquinas, almenara 2 y galerías de barra 5 a 8",Si,D-PHI-COP-0148-2025,No,,
1096f3cc,19/03/2025,CYS,Contrato CW 276532,Supervisión técnica,Conducciones zona sur,Galería D Sur - Ramales superiores - Pendientes,No,,No,3/20/2025,INT-OC-CYS-464/25
a38270c0,19/03/2025,CYS,Contrato CW 276532,Supervisión socioambiental,Sin Frente,Respuesta seguimiento reclamaciones en tramite,Si,CYS-CW276532-PHI-01283,No,3/20/2025,INT-OC-CYS-453/25
86260a90,19/03/2025,CYS,Contrato CW 276532,Supervisión técnica,Casa de máquinas y obras anexas,"Restitución tensores tipo C afectados, Casa de Maquinas Hastial aguas arriba",Si,D-PHI-COP-0149-2025,No,,
5c908b42,19/03/2025,CYS,Contrato CW 276532,Supervisión técnica,Conducciones zona norte,Adecuación tubería de aforos Ramal Conducción Superior 4,Si,NC-062-25,No,3/21/2025,INT-OC-CYS-472/25
4479a218,19/03/2025,CYS,Contrato CW 276532,Supervisión técnica,Almenaras y obras anexas,Estabilización y proceso de remoción Almenara 2,Si,CYS-CW276532-PHI-01232,Si,3/20/2025,INT-OC-CYS-452/25
3d80087f,19/03/2025,CYS,Contrato CW 276532,Supervisión de control de laboratorio ensayos de calidad,Sin Frente,Control de los parametros de viscosidad y densidad de mezclas LE-123 y LE-118,No,,No,,
161857b2,19/03/2025,CYS,Contrato CW 276532,Supervisión contractual,Casa de máquinas y obras anexas,Modificación plazo del Hito 2- Casa de máquinas sur,Si,CYS-CW276532-PHI-01274,No,3/19/2025,INT-OC-CYS-451/25
0dbd17d7,19/03/2025,CYS,Contrato CW 276532,Supervisión técnica,Túnel de acceso y galerías de construcción de la central,Galería de construcción inferior sur - Ramal de acceso almenara 2 - Pendientes.,No,,No,3/20/2025,INT-OC-CYS-460/25
fc034147,19/03/2025,CYS,Contrato CW 276532,Supervisión de seguridad física,Sin Frente,Informe mensual seguridad física febrero 2025,Si,CYS-CW276532-PHI-01285,No,3/26/2025,INT-OC-CYS-499/25
4acf6aee,19/03/2025,CYS,Contrato CW 276532,Supervisión técnica,Casa de máquinas y obras anexas,Solución a las interferencias entre cabezales de tensores y estructuras de la zona sur de casa de maquinas,Si,D-PHI-COP-0151-2025,No,,
74fe70a8,19/03/2025,CYS,Contrato CW 276532,Supervisión de seguridad y salud en el trabajo,Sin Frente,Hallazgo sin atención inspecciones conjuntas No. 45 y 46,Si,CYS-CW276532-PHI-01284,No,4/9/2025,INT-OC-CYS-613/25
e4d85928,19/03/2025,CYS,Contrato CW 276532,Supervisión de seguridad y salud en el trabajo,Sin Frente,Presentación hojas de vida personal ambulancia medicalizada,Si,CYS-CW276532-PHI-01286,No,4/10/2025,INT-OC-CYS-619/25
465c350b,19/03/2025,CYS,Contrato CW 276532,Supervisión de seguridad y salud en el trabajo,Sin Frente,Solicitud presentación inmediata Plan estratégico de seguridad vial (PESV),Si,CYS-CW276532-PHI-01287,No,3/31/2025,INT-OC-CYS-538/25
34223169,19/03/2025,CYS,Contrato CW 276532,Supervisión técnica,Casa de máquinas y obras anexas,Restitución tensores tipo C afectados en machón entre Casa de Máquinas y Caverna de transformadores.,No,,No,3/20/2025,INT-OC-CYS-467/25
40aff3ae,19/03/2025,CYS,Contrato CW 276532,Supervisión técnica,Consolidación y conglomeración macizo perturbado zona sur,Avance general inyecciones de aglutinamiento,Si,CYS-CW276532-PHI-01288,No,,
ffd2e6ed,20/03/2025,CYS,Contrato CW 276532,Supervisión técnica,Casa de máquinas y obras anexas,Restitución tensores afectados en machón entre Casa de Máquinas y Almenara 2.,No,,No,3/20/2025,INT-OC-CYS-466/25
8d3279f5,21/03/2025,CYS,Contrato CW 276532,Supervisión técnica,Casa de máquinas y obras anexas,Formalización Actas de Entrega de Bienes,No,,Si,3/22/2025,INT-OC-CYS-473/25
aec62a92,21/03/2025,CYS,Contrato CW 276532,Supervisión técnica,Conducciones zona sur,Actas de entrega de bienes - Perfiles metálicos,No,,Si,3/22/2025,INT-OC-CYS-474/25
82f90668,21/03/2025,CYS,Contrato CW 276532,Supervisión de seguridad y salud en el trabajo,Sin Frente,SST - Presentación hojas de vida personal ambulancia medicalizada,Si,CYS-CW276532-PHI-01290,No,4/4/2025,INT-OC-CYS-582/25
cb86d21a,21/03/2025,CYS,Contrato CW 276532,Supervisión de seguridad y salud en el trabajo,Sin Frente,Perforaciones para inyecciones de aglutinamiento - Condiciones subestándar en descenso de equipos,Si,CYS-CW276532-PHI-01289,No,4/5/2025,INT-OC-CYS-588/25
1874ea3a,21/03/2025,CYS,Contrato CW 276532,Supervisión socioambiental,Sin Frente,Manejo aguas residuales no domestica en obra (ARnD),Si,CYS-CW276532-PHI-01291,No,4/1/2025,INT-OC-CYS-554/25
b7b496b7,22/03/2025,CYS,Contrato CW 276532,Supervisión técnica,Presa y obras anexas,Definición del tipo de lechada a usar en las inyecciones del macizo rocoso de la pantalla corta flujo,Si,D-PHI-COP-0152-2025,No,,
780b0e35,22/03/2025,CYS,Contrato CW 276532,Supervisión técnica,Sin Frente,Hoja de vida geólogo,Si,CYS-CW276532-PHI-01292,No,3/24/2025,INT-OC-CYS-482/25
54d70dc4,22/03/2025,CYS,Contrato CW 276532,Supervisión técnica,Conducciones zona sur,Items de pago para la rehabilitación de los pozos de presión 5 a 8,Si,D-PHI-COP-0154-2025,Si,,
fdaee1e0,22/03/2025,CYS,Contrato CW 276532,Supervisión técnica,Casa de máquinas y obras anexas,Metodología constructiva – Procedimiento de tensores de anclaje,Si,CYS-CW276532-PHI-00978,No,3/23/2025,INT-OC-CYS-477/25
23057d0f,22/03/2025,CYS,Contrato CW 276532,Supervisión técnica,Casa de máquinas y obras anexas,Actualización de los Check list para descenso de banco en Casa de Máquinas sur y Almenara 2.,No,,Si,3/23/2025,INT-OC-CYS-481/25
a60d5181,22/03/2025,CYS,Contrato CW 276532,Supervisión técnica,Casa de máquinas y obras anexas,"Referencias topográficas de casa de maquinas, almenara 2  y galerías de barras 5 a 8",Si,D-PHI-COP-0155-2025,No,,
5e9e9354,22/03/2025,CYS,Contrato CW 276532,Supervisión técnica,Casa de máquinas y obras anexas,Indicación de pernos en hastial aguas abajo,Si,NC-063-25,No,3/24/2025,INT-OC-CYS-486/25
6651646e,22/03/2025,CYS,Contrato CW 276532,Supervisión técnica,Casa de máquinas y obras anexas,Oficialización instructivo de campo IC-067-2025,Si,NC-064-25,No,3/29/2025,INT-OC-CYS-524/25
99fdeb27,22/03/2025,CYS,Contrato CW 276532,Supervisión técnica,Consolidación y conglomeración macizo perturbado zona sur,Entrega de procedimiento descenso conducción superior 5 -caverna pozos de compuertas,Si,CYS-CW276532-PHI-01296,No,3/27/2025,INT-OC-CYS-508/25
b8994684,22/03/2025,CYS,Contrato CW 276532,Supervisión técnica,Almenaras y obras anexas,Registro de baja ejecución de actividades.,No,,No,3/24/2025,INT-OC-CYS-488/25
7dd49072,23/03/2025,CYS,Contrato CW 276532,Supervisión técnica,Galerías de acceso y construcción sistema de conducción,Galería D sur – Ramales superiores 5 a 8 – Metodología constructiva de rehabilitación.,Si,CYS-CW276532-PHI-01046,No,3/23/2025,INT-OC-CYS-476/25
fd5bbf4a,23/03/2025,CYS,Contrato CW 276532,Supervisión de seguridad y salud en el trabajo,Sin Frente,Solicitud información investigación accidente laboral Juvenal Albenis Loaiza Jaramillo C.C.1.042.762.283,No,,Si,3/24/2025,INT-OC-CYS-485/25
5ff8140b,23/03/2025,CYS,Contrato CW 276532,Supervisión socioambiental,Conducciones zona sur,Manejo de aguas residuales no domésticas (ARnD) de las conducciones N°5 a N°8.,No,,No,3/24/2025,INT-OC-CYS-483/25
26eb9235,23/03/2025,CYS,Contrato CW 276532,Supervisión técnica,Conducciones zona sur,Rehabilitación de los pozos de presión conducciones N°5 a N°8.,Si,D-PHI-CCE-ADM-1-C6652,No,3/27/2025,INT-OC-CYS-505/25
66d9d82b,23/03/2025,CYS,Contrato CW 276532,Supervisión de seguridad y salud en el trabajo,Casa de máquinas y obras anexas,Condición subestándar trafico vehicular y equipos.,No,,No,3/27/2025,INT-OC-CYS-506/25
dbf67dd2,23/03/2025,CYS,Contrato CW 276532,Supervisión técnica,Casa de máquinas y obras anexas,Obras Subterráneas y Obras Exteriores – Frentes Inactivos,No,,No,3/24/2025,INT-OC-CYS-484/25
179bcff6,23/03/2025,CYS,Contrato CW 276532,Supervisión técnica,Casa de máquinas y obras anexas,Alternativa para respaldo en la producción de concretos,No,,No,3/24/2025,INT-OC-CYS-487/25
e5a3c5fc,24/03/2025,CYS,Contrato CW 276532,Supervisión de seguridad y salud en el trabajo,Sin Frente,Observaciones sistema de ventilación,Si,CYS-CW276532-PHI-01199,No,3/25/2025,INT-OC-CYS-495/25
86263623,24/03/2025,CYS,Contrato CW 276532,Supervisión técnica,Conducciones zona sur,Pozos de presión – Procedimiento de rehabilitación,Si,CYS-CW276532-PHI-01053,No,3/28/2025,INT-OC-CYS-511/25
4ca4b696,24/03/2025,CYS,Contrato CW 276532,Supervisión técnica,Conducciones zona sur,Ramal 7 y 8 Tratamiento de excavación,Si,CYS-CW276532-PHI-01297,No,,
ede1077e,24/03/2025,CYS,Contrato CW 276532,Supervisión técnica,Consolidación y conglomeración macizo perturbado zona sur,Entrega chequeo de desviaciones de perforaciones,Si,CYS-CW276532-PHI-01298,No,3/31/2025,INT-OC-CYS-540/25
e8ec6d59,24/03/2025,CYS,Contrato CW 276532,Supervisión técnica,Casa de máquinas y obras anexas,Restitución de tensores afectados en machón entre Casa de Maquinas y Almenara 2,Si,D-PHI-COP-0158-2025,No,,
4f62d53f,24/03/2025,CYS,Contrato CW 276532,Supervisión técnica,Sin Frente,Informe de seguimiento de la instrumentación entre el 16 de febrero y 15 de marzo de 2025,Si,D-PHI-COP-0160-2025,No,,
5502d13e,24/03/2025,CYS,Contrato CW 276532,Supervisión técnica,Galerías de acceso y construcción sistema de conducción,Galería inferior al pozo de evacuación de humos y Galería acceso Almenara 2 – Registro de inactividades.,No,,No,3/25/2025,INT-OC-CYS-494/25
f5ff3c02,24/03/2025,CYS,Contrato CW 276532,Supervisión técnica,Casa de máquinas y obras anexas,Restitución tensores afectados en machón entre Casa de Máquinas y Almenara 2.,No,,No,3/25/2025,INT-OC-CYS-492/25
bd0d36f3,24/03/2025,CYS,Contrato CW 276532,Supervisión técnica,Sin Frente,Instalaciones eléctricas. Complemento a nuestras comunicaciones INT-OC-CYS-802/24 e INT-OC-CYS-0345/25,No,,No,3/26/2025,INT-OC-CYS-497/25
eee003ef,24/03/2025,CYS,Contrato CW 276532,Supervisión técnica,Presa y obras anexas,Panel de prueba - Procedimiento y programa detallado,No,,No,3/25/2025,INT-OC-CYS-489/25
88723cc0,24/03/2025,CYS,Contrato CW 276532,Supervisión técnica,Casa de máquinas y obras anexas,Sitio inestable 9 - Sitio inestable 10 - Galería y Pozos de Compuertas parte alta - Inactividad,No,,No,3/25/2025,INT-OC-CYS-491/25
708ab34d,25/03/2025,CYS,Contrato CW 276532,Supervisión técnica,Casa de máquinas y obras anexas,Vigas carrilera Puente Grúa 25 t,No,,No,3/25/2025,INT-OC-CYS-490/25
289a4c28,24/03/2025,CYS,Contrato CW 276532,Supervisión técnica,Obras en las descargas,Obras en las descargas - Procedimientos de construcción solera túneles de descarga,Si,CYS-CW276532-PHI-01272,No,,
eefd7a1c,25/03/2025,CYS,Contrato CW 276532,Supervisión contractual,Almenaras y obras anexas,Entrega del programa detallado de AMB7,No,,No,3/26/2025,INT-OC-CYS-496/25
92d882d6,25/03/2025,CYS,Contrato CW 276532,Supervisión de seguridad y salud en el trabajo,Sin Frente,Supervisión de Seguridad y Salud en el Trabajo – Solicitud información investigación accidente laboral Edwin Yessid Mellizo Patiño CC. 1095813355,No,,No,,
501f8156,25/03/2025,CYS,Contrato CW 276532,Supervisión de seguridad y salud en el trabajo,Sin Frente,Solicitud información investigación accidente laboral Edwin Yessid Mellizo Patiño CC. 1095813355,No,,No,4/11/2025,INT-OC-CYS-624/25
47740787,25/03/2025,CYS,Contrato CW 276532,Supervisión de seguridad y salud en el trabajo,Sin Frente,Solicitud información investigación accidente laboral Samir Amin Cueva Berrio CC. 78300690,No,,No,4/11/2025,INT-OC-CYS-623/25
4507fe43,25/03/2025,CYS,Contrato CW 276532,Supervisión técnica,Presa y obras anexas,Ajuste perforación P-INY-PP-13,Si,NC-065-25,No,,
1284d3a9,25/03/2025,CYS,Contrato CW 276532,Supervisión técnica,Presa y obras anexas,Oficialización nota de campo NC-065-25,No,NC-065-25,Si,3/27/2025,INT-OC-CYS-504/25
3dbe3265,26/03/2025,CYS,Contrato CW 276532,Supervisión de costos,Sin Frente,Remisión de acta de obra ejecutada AMB5-01 - Febrero de 2025,Si,CYS-CW276532-PHI-01293,No,3/31/2025,INT-OC-CYS-542/25
2447cfc6,26/03/2025,CYS,Contrato CW 276532,Supervisión de costos,Sin Frente,Remisión de acta de obra ejecutada AMB3-07 - Febrero de 2025,Si,CYS-CW276532-PHI-01294,No,3/31/2025,INT-OC-CYS-543/25
6b61c31a,26/03/2025,CYS,Contrato CW 276532,Supervisión de costos,Sin Frente,Remisión de acta de obra ejecutada AMB5-02 - Febrero de 2025,Si,CYS-CW276532-PHI-01295,No,3/31/2025,INT-OC-CYS-545/25
5f4707c2,26/03/2025,CYS,Contrato CW 276532,Supervisión socioambiental,Sin Frente,Observaciones informe socio ambiental noviembre de 2024,Si,CYS-CW276532-PHI-01299,No,4/2/2025,INT-OC-CYS-561/25
11802c69,26/03/2025,CYS,Contrato CW 276532,Supervisión técnica,Sin Frente,Verificación de avance  de excavaciones y solicitud de topografía actualizada -Sector Helipuerto,Si,NC-068-25,No,,
40d503e2,26/03/2025,CYS,Contrato CW 276532,Supervisión técnica,Sin Frente,"Revisión de viabilidad de corte en el Sector Helipuerto - Villa Luz, Abscisas km 2+490 a km 2+520",Si,NC-069-25,No,,
8f17482d,26/03/2025,CYS,Contrato CW 276532,Supervisión técnica,Vía Presa - Bombillo,Vía industrial y acceso plazoleta 615 sector helipuerto,No,,Si,3/27/2025,INT-OC-CYS-507/25
996bbd98,26/03/2025,CYS,Contrato CW 276532,Supervisión de seguridad y salud en el trabajo,Sin Frente,Solicitud informe mensual periodo febrero de 2025,No,,No,3/29/2025,INT-OC-CYS-516/25
709d7b11,26/03/2025,CYS,Contrato CW 276532,Supervisión técnica,Presa y obras anexas,Pantalla cortaflujo panel de prueba,Si,CYS-CW276532-PHI-01300,No,,
954f4a4c,26/03/2025,CYS,Contrato CW 276532,Supervisión socioambiental,Sin Frente,Observaciones informe socioambiental del mes de enero de 2025,Si,CYS-CW276532-PHI-01301,No,4/2/2025,INT-OC-CYS-563/25
a2e88ae7,26/03/2025,CYS,Contrato CW 276532,Supervisión técnica,Caverna de transformadores y obras anexas,Entrega de plano. Alcance a comunicación,No,,Si,3/27/2025,INT-OC-CYS-510/25
5bffd161,27/03/2025,CYS,Contrato CW 276532,Supervisión socioambiental,Zonas de deposito obras finales,Deficiencias en la clasificación y entrega de residuos ferrosos -  Depósito Ticuitá Sur.,No,,No,,
a1195f06,27/03/2025,CYS,Contrato CW 276532,Supervisión socioambiental,Vertedero y obras anexas,asas,No,,No,,
512a052e,27/03/2025,CYS,Contrato CW 276532,Supervisión socioambiental,Zonas de deposito obras finales,Deficiencias en la clasificación y entrega de residuos ferrosos -  Depósito Ticuitá Sur,No,Deficiencias en la clasificación y entrega de residuos ferrosos -  Depósito Ticuitá Sur,No,3/28/2025,INT-OC-CYS-514/25
2ead047a,27/03/2025,CYS,Contrato CW 276532,Supervisión técnica,Casa de máquinas y obras anexas,Procedimiento para la ejecución de los concretos para el vaciado de los muros laterales,Si,CYS-CW276532-PHI-01094,No,8/10/2025,INT-OC-CYS-1577/25
08b14ef9,27/03/2025,CYS,Contrato CW 276532,Supervisión de control de laboratorio ensayos de calidad,Sin Frente,Aseguramiento de la Calidad - Plan Metrológico y certificados de calibración de los Equipos de Obras,No,,No,3/31/2025,INT-OC-CYS-536/25
d224b9ae,27/03/2025,CYS,Contrato CW 276532,Supervisión socioambiental,Sin Frente,Seguimiento solicitud interpuesta por la empresa Serviminas.,No,,Si,3/29/2025,INT-OC-CYS-518/25
46dca0b0,27/03/2025,CYS,Contrato CW 276532,Supervisión contractual,Sin Frente,Seguimiento al programa de trabajo de AMB4,No,,No,3/29/2025,INT-OC-CYS-521/25
ac2f5f9f,27/03/2025,CYS,Contrato CW 276532,Supervisión técnica,Sin Frente,Informe técnico mensual febrero de 2025.,Si,CYS-CW276532-PHI-01302,No,4/3/2025,INT-OC-CYS-573/25
bc71d149,27/03/2025,CYS,Contrato CW 276532,Supervisión de control de laboratorio ensayos de calidad,Sin Frente,Control de los parámetros durante la producción de lechadas mezclas LE-123 y LE-118,No,,No,,
4c971b47,27/03/2025,CYS,Contrato CW 276532,Supervisión de control de laboratorio ensayos de calidad,Sin Frente,Control de los parámetros durante la producción de lechadas mezclas LE-123 y LE-118,No,,No,,
dd7871eb,27/03/2025,CYS,Contrato CW 276532,Supervisión de control de laboratorio ensayos de calidad,Sin Frente,Control de los parámetros durante la producción de lechadas mezclas LE-123 y LE-1,No,,No,,
019b469d,27/03/2025,CYS,Contrato CW 276532,Supervisión de control de laboratorio ensayos de calidad,Sin Frente,Control de los parámetros durante la producción de lechadas mezclas LE-123 y LE-118,No,,No,,
8e0efa94,27/03/2025,CYS,Contrato CW 276532,Supervisión de control de laboratorio ensayos de calidad,Sin Frente,Control de los parámetros durante la producción de lechadas mezclas LE-123 y LE-118,No,,No,3/29/2025,INT-OC-CYS-527/25
2615909b,27/03/2025,CYS,Contrato CW 276532,Supervisión técnica,Sin Frente,Entrega acta de comité de obra No 060,No,,Si,3/29/2025,INT-OC-CYS-515/25
dd4802a1,27/03/2025,CYS,Contrato CW 276532,Supervisión de control de laboratorio ensayos de calidad,Sin Frente,Registros de cargue planta Domat 30 m3/h.,Si,CYS-CW276532-PHI-01303,No,3/30/2025,INT-OC-CYS-532/25
897d9f5b,27/03/2025,CYS,Contrato CW 276532,Supervisión técnica,Presa y obras anexas,Pantalla cortaflujo - Panel de prueba,Si,CYS-276532-PHI-01300,No,,
78f89f15,27/03/2025,CYS,Contrato CW 276532,Supervisión de seguridad y salud en el trabajo,Almenaras y obras anexas,Solicitud investigación de incidente.,No,,No,3/29/2025,INT-OC-CYS-525/25
74db3dc6,27/03/2025,CYS,Contrato CW 276532,Supervisión técnica,Túnel de acceso y galerías de construcción de la central,Conducción inferior 5 - Inactividad,No,,No,3/29/2025,INT-OC-CYS-528/25
d17ce25c,27/03/2025,CYS,Contrato CW 276532,Supervisión de seguridad y salud en el trabajo,Sin Frente,Hallazgos sin atención inspecciones conjuntas Nro. 52 y 53,No,,Si,3/31/2025,INT-OC-CYS-535/25
f5a84d24,28/03/2025,CYS,Contrato CW 276532,Supervisión técnica,Conducciones zona sur,Perforaciones de drenaje pozos de presión zona afectada sur,Si,D-PHI-COP-0166-2025,Si,4/2/2025,INT-OC-CYS-556/25
e9f80764,28/03/2025,CYS,Contrato CW 276532,Supervisión técnica,Presa y obras anexas,Medidor de infiltraciones entrega planos para la excavación de la plataforma en la cota 325  m snm construcción pantalla plástica y los tratamientos para el cierre contra el estribo derecho.,Si,D-PHI-COP-0168-2025,No,3/30/2025,INT-OC-CYS-530/25
350d4b13,28/03/2025,CYS,Contrato CW 276532,Supervisión técnica,Sin Frente,"Tratamiento entre las cotas 633,42 y 629,20  msnm entre las abscisas Km 2+551,52 y Km 2+516 oficialización IC-073-2025",Si,NC-070-25,No,4/3/2025,INT-OC-CYS-574/25
ef8100c3,28/03/2025,CYS,Contrato CW 276532,Supervisión técnica,Consolidación y conglomeración macizo perturbado zona sur,"Ayuda de memoria reunión de planeación para ejecución de inyecciones de consolidación en ramales inferiores de acceso a cavernas, conducciones y galerías de construcción.",No,,Si,,
a855d68d,28/03/2025,CYS,Contrato CW 276532,Supervisión técnica,Sin Frente,Acero de refuerzo almenara dudas y preguntas elaboración planos de taller,Si,CYS-CW276532-PHI-01183,No,4/13/2025,INT-OC-CYS-648/25
de55e291,28/03/2025,CYS,Contrato CW 276532,Supervisión técnica,Consolidación y conglomeración macizo perturbado zona sur,"Ayuda de memoria reunión de planeación para ejecución de inyecciones de consolidación en ramales inferiores de acceso a cavernas, conducciones y galerías de construcción",No,,Si,4/2/2025,INT-OC-CYS-565/25
09c7f77b,29/03/2025,CYS,Contrato CW 276532,Supervisión técnica,Casa de máquinas y obras anexas,Formalización Acta de Transferencia zona de trabajo - Sala de Montajes.,No,,Si,3/30/2025,INT-OC-CYS-529/25
a1c4c403,29/03/2025,CYS,Contrato CW 276532,Supervisión técnica,Consolidación y conglomeración macizo perturbado zona sur,Entrega de registros automatizados septiembre 2024,Si,CYS-CW276532-PHI-01200,Si,4/14/2025,INT-OC-CYS-656/25
17518832,29/03/2025,CYS,Contrato CW 276532,Supervisión técnica,Sin Frente,Equipo mínimo hoja de vida Geólogo,Si,CYS-CW276532-PHI-01243,No,8/14/2025,INT-OC-CYS-1616/25
392a9a12,29/03/2025,CYS,Contrato CW 276532,Supervisión técnica,Presa y obras anexas,Sistema de derivación del caudal remanente galería de conexión intersección con la descarga intermedia excavación y demoliciones entrega planos para construcción,Si,D-PHI-CCE-ADM-1-C6654,No,4/1/2025,INT-OC-CYS-550/25
dc4d4332,29/03/2025,CYS,Contrato CW 276532,Supervisión de seguridad física,Sin Frente,Contratación coordinador de seguridad física,Si,CYS-CW276532-PHI-01304,No,4/1/2025,INT-OC-CYS-548/25
632bbeba,29/03/2025,CYS,Contrato CW 276532,Supervisión de seguridad y salud en el trabajo,Sin Frente,Solicitud información investigación accidente laboral de Argemiro de Jesús Zapata Giraldo,Si,CYS-CW276532-PHI-01305,No,4/11/2025,INT-OC-CYS-630/25
8b28b1a3,29/03/2025,CYS,Contrato CW 276532,Supervisión de seguridad y salud en el trabajo,Sin Frente,Solicitud información investigación accidente laboral de Jhonny Leon Tirado   CC 1039688577,Si,CYS-CW276532-PHI-01306,No,4/11/2025,INT-OC-CYS-629/25
68f6a4ed,29/03/2025,CYS,Contrato CW 276532,Supervisión técnica,Tapones de túneles y galerías de acceso y construcción,Cerramiento galería de acceso a galería de construcción G3 CTIFS,Si,D-PHI-COP-0165-2025,No,4/1/2025,INT-OC-CYS-553/25
58f76526,29/03/2025,CYS,Contrato CW 276532,Supervisión técnica,Estabilidad helipuerto villa luz,Tratamiento temporal talud inferior a berma 619 msnm Variante Helipuerto Villa Luz,Si,NC-073-25,No,,
5e7d7c55,29/03/2025,CYS,Contrato CW 276532,Supervisión técnica,Estabilidad helipuerto villa luz,Tratamiento de grietas en concreto lanzado talud helipuerto villa luz,Si,NC-074-25,No,,
c2a4ef6d,29/03/2025,CYS,Contrato CW 276532,Supervisión socioambiental,Sin Frente,Atención a los hallazgos de la inspección conjunta GI-AM-12-24,Si,CYS-CW276532-PHI-01307,No,4/2/2025,INT-OC-CYS-560/25
64c09572,29/03/2025,CYS,Contrato CW 276532,Supervisión contractual,Casa de máquinas y obras anexas,"Modificación plazo de los hitos 1, 2 y 3 del contrato - AMB7",Si,CYS-CW276532-PHI-01308,No,4/1/2025,INT-OC-CYS-551/25
cec902f2,29/03/2025,CYS,Contrato CW 276532,Supervisión técnica,Estabilidad helipuerto villa luz,Aplicación de concreto lanzado y tratamiento de fisuras,No,,Si,3/30/2025,INT-OC-CYS-531/25
bb2434c4,29/03/2025,CYS,Contrato CW 276532,Supervisión de control de laboratorio ensayos de calidad,Sin Frente,Certificados de calibración y verificación de equipos para tensionamiento de tensores.,Si,CYS-CW276532-PHI-01309,No,5/21/2025,INT-OC-CYS-922/25
0911c76f,29/03/2025,CYS,Contrato CW 276532,Supervisión técnica,Sin Frente,Tubo de aspiración Interferencias entre líneas de tubería con el acero de refuerzo.,Si,CYS-CW276532-PHI-01310,No,,
c638b0ab,29/03/2025,CYS,Contrato CW 276532,Supervisión técnica,Consolidación y conglomeración macizo perturbado zona sur,Complemento de anexos.,Si,CYS-CW276532-PHI-01312,No,,
68ba2891,29/03/2025,CYS,Contrato CW 276532,Supervisión técnica,Conducciones zona sur,Conducción No. 7 y 8 zona de entronques –Inactividades,No,,No,4/4/2025,INT-OC-CYS-581/25
97657317,29/03/2025,CYS,Contrato CW 276532,Supervisión técnica,Sin Frente,Estado de cumplimiento compromisos comité de obra CYS-Marzo 2025,No,,No,3/31/2025,INT-OC-CYS-533/25
039ebaf6,29/03/2025,CYS,Contrato CW 276532,Supervisión de seguridad y salud en el trabajo,Sin Frente,Supervisión de seguridad y salud en el trabajo – Almenaras y obras anexas – Solicitud investigación de incidente de alto potencial.,No,,No,4/11/2025,INT-OC-CYS-628/25
f905bcb2,30/03/2025,CYS,Contrato CW 276532,Supervisión técnica,Túnel de acceso y galerías de construcción de la central,Galería de construcción inferior sur- Ramal de acceso y codo inferior N°6- Regularización zona de bóveda,No,,Si,3/31/2025,INT-OC-CYS-534/25
8fb84181,30/03/2025,CYS,Contrato CW 276532,Supervisión técnica,Consolidación y conglomeración macizo perturbado zona sur,Avance general inyecciones de aglutinamiento,Si,CYS-CW276532-PHI-01288,No,3/31/2025,INT-OC-CYS-544/25
863f9a13,30/03/2025,CYS,Contrato CW 276532,Supervisión de seguridad y salud en el trabajo,Sin Frente,Solicitud de evaluaciones médicas ocupacionales y reinducciones SST vigentes.,No,,No,4/11/2025,INT-OC-CYS-636/25
19054771,30/03/2025,CYS,Contrato CW 276532,Supervisión técnica,Sin Frente,Complemento de anexos,Si,CYS-CW276532-PHI-01311,No,,
bffb84b1,30/03/2025,CYS,Contrato CW 276532,Supervisión de seguridad y salud en el trabajo,Sin Frente,Solicitud información investigación accidente laboral de Santiago Upegui Estrada cc 1018346376,Si,CYS-CW276532-PHI-01313,No,4/12/2025,INT-OC-CYS-642/25
f2f95e9c,30/03/2025,CYS,Contrato CW 276532,Supervisión de seguridad y salud en el trabajo,Sin Frente,Solicitud información investigación accidente laboral de Duber Herney Osorio Silva CC 1037266768,Si,CYS-CW276532-PHI-01314,No,4/13/2025,INT-OC-CYS-647/25
bff46d91,30/03/2025,CYS,Contrato CW 276532,Supervisión de seguridad y salud en el trabajo,Casa de máquinas y obras anexas,Condiciones y acciones subestándar ingreso maquinaria sobre dimensionadas a áreas restringidas,Si,CYS-CW276532-PHI-01315,No,4/14/2025,INT-OC-CYS-652/25
aad84056,30/03/2025,CYS,Contrato CW 276532,Supervisión técnica,Sin Frente,Desviaciones manejo de aguas residuales no domesticadas,Si,CYS-CW276532-PHI-01316,Si,4/4/2025,INT-OC-CYS-584/25
5eff7dae,30/03/2025,CYS,Contrato CW 276532,Supervisión de seguridad y salud en el trabajo,Sin Frente,Solicitud información investigación accidente laboral Rubén Darío Giraldo  CC 15491070,Si,CYS-CW276532-PHI-01317,No,4/14/2025,INT-OC-CYS-655/25
7b69ec02,30/03/2025,CYS,Contrato CW 276532,Supervisión técnica,Sin Frente,Certificado materiales del 16 al 28 de febrero de 2025,Si,CYS-CW276532-PHI-01318,No,4/3/2025,INT-OC-CYS-575/25
bd0ca84e,30/03/2025,CYS,Contrato CW 276532,Supervisión de control de laboratorio ensayos de calidad,Sin Frente,Certificados materiales del 01 al 15 de febrero de 2025,Si,CYS-CW276532-PHI-01319,No,,
f98fe53c,30/03/2025,CYS,Contrato CW 276532,Supervisión técnica,Presa y obras anexas,Pantalla cortaflujo panel de prueba,Si,CYS-CW276532-PHI-01311,No,4/2/2025,INT-OC-CYS-559/25
d004c0ca,31/03/2025,CYS,Contrato CW 276532,Supervisión técnica,Túnel de acceso y galerías de construcción de la central,Galería de construcción inferior sur- Ramal de acceso y codo inferior N°6- Pendientes,No,,No,4/1/2025,INT-OC-CYS-546/25
567da1d1,31/03/2025,CYS,Contrato CW 276532,Supervisión técnica,Consolidación y conglomeración macizo perturbado zona sur,Propuesta para la ejecución de inyecciones de aglutinamiento en la zona intermedia desde la Galería de Construcción Inferior Sur.,Si,CYS-CW276532-PHI-00984,Si,4/1/2025,INT-OC-CYS-547/25
8e820c0f,31/03/2025,CYS,Contrato CW 276532,Supervisión técnica,Almenaras y obras anexas,Tensores Tipo C en culata sur,Si,CYS-CW276532-PHI-01320,Si,4/11/2025,INT-OC-CYS-635/25
31e598e6,31/03/2025,CYS,Contrato CW 276532,Supervisión contractual,Temas administrativos del contrato,"Copia pólizas, garantías contractuales y seguros",Si,CYS-CW276532-PHI-01321,No,4/14/2025,INT-OC-CYS-658/25
cabb187e,31/03/2025,CYS,Contrato CW 276532,Supervisión de seguridad y salud en el trabajo,Sin Frente,Observaciones información accidente de trabajo Álvaro Ibarra Madroñedo,Si,CYS-CW276532-PHI-01322,No,4/14/2025,INT-OC-CYS-654/25
a31dc2ff,31/03/2025,CYS,Contrato CW 276532,Supervisión técnica,Consolidación y conglomeración macizo perturbado zona sur,Registro automatizados SIRI equipo inyecciones - Entrega 6,Si,CYS-CW276532-PHI-01322,No,,
4816ec92,31/03/2025,CYS,Contrato CW 276532,Supervisión de seguridad y salud en el trabajo,Sin Frente,Solicitud documentación accidente de trabajo Señor Carlos Mario Herrera Echavarría,Si,CYS-CW276532-PHI-01325,No,4/14/2025,INT-OC-CYS-653/25
369e2dce,31/03/2025,CYS,Contrato CW 276532,Supervisión de seguridad y salud en el trabajo,Sin Frente,Observaciones información accidente laboral Leison Steven Zapata George,Si,CYS-CW276532-PHI-01326,No,4/14/2025,INT-OC-CYS-663/25
f57cd4d0,31/03/2025,CYS,Contrato CW 276532,Supervisión técnica,Consolidación y conglomeración macizo perturbado zona sur,Registro automatizado SIRI equipos inyecciones,Si,CYS-CW276532-PHI-01324,Si,4/16/2025,INT-OC-CYS-675/25
32f0faea,31/03/2025,CYS,Contrato CW 276532,Supervisión de seguridad y salud en el trabajo,Sin Frente,Observaciones información accidente de trabajo Juan David Orrego Correa,Si,CYS-CW276532-PHI-01327,No,4/14/2025,INT-OC-CYS-662/25
53f2dedd,31/03/2025,CYS,Contrato CW 276532,Supervisión técnica,Conducciones zona sur,Perforaciones de aglutinamiento macizo perturbado sur desde la GCIS,Si,D-PHI-COP-0174-2025,No,,
32015e0b,31/03/2025,CYS,Contrato CW 276532,Supervisión técnica,Puentes grúa,Acta de Entrega de Bienes.,No,,Si,4/1/2025,INT-OC-CYS-549/25
1e75337b,31/03/2025,CYS,Contrato CW 276532,Supervisión contractual,Sin Frente,Seguimiento al programa de trabajo de AMB4,Si,CYS-CW276532-PHI-01323,No,4/9/2025,INT-OC-CYS-615/25
122ca7b7,31/03/2025,CYS,Contrato CW 276532,Supervisión técnica,Casa de máquinas y obras anexas,Oficialización instructivos de campo Casa de Maquinas y Ramal 5 de Acceso a Conducción Inferior,Si,D-PHI-COP-0164-2025,No,4/2/2025,INT-OC-CYS-558/25
58c4b486,31/03/2025,CYS,Contrato CW 276532,Supervisión técnica,Casa de máquinas y obras anexas,Solicitud levantamientos topográficos de la zona sur de casa de maquinas.,Si,D-PHI-COP-0175-2025,No,,
136758cb,01/04/2025,CYS,Contrato CW 276532,Supervisión técnica,Sin Frente,Entrega acta de comité de obra CYS No 061,No,,Si,4/1/2025,INT-OC-CYS-552/25
a37ee6b4,01/04/2025,CYS,Contrato CW 276532,Supervisión socioambiental,Instalaciones provisionales obras finales,Culminacion de instalaciones provisionales,No,,No,4/2/2025,INT-OC-CYS-562/25
caa9ca47,01/04/2025,CYS,Contrato CW 276532,Supervisión técnica,Casa de máquinas y obras anexas,Formalización Acta de Entrega de Bienes - Manguera.,No,,Si,4/2/2025,INT-OC-CYS-555/25
18171afd,01/04/2025,CYS,Contrato CW 276532,Supervisión técnica,Zonas de deposito obras finales,Entrega modelo conceptual para conformación,No,,Si,4/4/2025,INT-OC-CYS-587/25
e801571f,01/04/2025,CYS,Contrato CW 276532,Supervisión técnica,Casa de máquinas y obras anexas,Actualización de los check list para el descenso de banco en Casa de máquinas sur y Almenara 2,No,,Si,,
6a4b93e0,01/04/2025,CYS,Contrato CW 276532,Supervisión técnica,Casa de máquinas y obras anexas,Actualización de los check list para el descenso de banco en Casa de máquinas sur y Almenara 2,No,,Si,4/2/2025,INT-OC-CYS-564/25
7a2d011d,01/04/2025,CYS,Contrato CW 276532,Supervisión de seguridad y salud en el trabajo,Sin Frente,Supervisión de Seguridad y Salud en el Trabajo – Solicitud información investigación incidente vial Esneider Enrique Florez Muñoz CC. 1033764635,No,,No,4/11/2025,INT-OC-CYS-632/25
11f15186,01/04/2025,CYS,Contrato CW 276532,Supervisión de riesgos,Sin Frente,Entrega de acta de comité de riesgos No. 016,No,,Si,4/2/2025,INT-OC-CYS-557/25
715840f9,02/04/2025,CYS,Contrato CW 276532,Supervisión técnica,Túnel de acceso y galerías de construcción de la central,Conducción inferior 5 - Inactividad.,No,,No,4/3/2025,INT-OC-CYS-576/25
feb1a17e,02/04/2025,CYS,Contrato CW 276532,Supervisión técnica,Casa de máquinas y obras anexas,Justificación acta de modificación bilateral No. 7 (AMB7) - Análisis solicitud de plazo hitos 1 y 2,Si,D-PHI-COP-0177-2025,No,,
9f372fdc,02/04/2025,CYS,Contrato CW 276532,Supervisión técnica,Sin Frente,Certificados materiales del 01 al 15 de febrero de 2025,Si,CYS-CW276532-PHI-01319,No,4/9/2025,INT-OC-CYS-612/25
528db42e,02/04/2025,CYS,Contrato CW 276532,Supervisión de seguridad física,Sin Frente,Entrega acta comité de seguridad física 013,No,,Si,4/22/2025,INT-OC-CYS-702/25
c3d1af22,02/04/2025,CYS,Contrato CW 276532,Supervisión contractual,Sin Frente,Consulta de intención de modificación bilateral N.7,Si,CYS-EPM-CW276532-PHI-0039,No,,
2124e9f8,02/04/2025,CYS,Contrato CW 276532,Supervisión de seguridad y salud en el trabajo,Sin Frente,Hallazgos sin atención inspección conjunta No.54,No,,Si,4/3/2025,INT-OC-CYS-578/25
6bca3644,02/04/2025,CYS,Contrato CW 276532,Supervisión de seguridad y salud en el trabajo,Sin Frente,Remisión acta de revisión de obligaciones laborales SST No.14,No,,Si,4/3/2025,INT-OC-CYS-577/25
01f73e4a,03/04/2025,CYS,Contrato CW 276532,Supervisión de seguridad y salud en el trabajo,Sin Frente,Informe de gestión mensual SST - Febrero 2025,Si,CYS-CW276532-PHI-01328,No,4/26/2025,INT-OC-CYS-746/25
afd6aba0,03/04/2025,CYS,Contrato CW 276532,Supervisión de costos,Sin Frente,Acta mensual de obra No 12 de febrero de 2025,No,,No,4/4/2025,INT-OC-CYS-586/25
e8ea0b50,03/04/2025,CYS,Contrato CW 276532,Supervisión de seguridad y salud en el trabajo,Sin Frente,Entrega ayuda de memoria reunión No. 6 – Revisión aspectos pendientes de cumplimiento en Seguridad y Salud en el Trabajo,No,,Si,4/4/2025,INT-OC-CYS-583/25
0fca8431,04/04/2025,CYS,Contrato CW 276532,Supervisión socioambiental,Sin Frente,Atención  reclamación interpuesta por la empresa GLOBAL AMBULANCIA,No,,Si,4/6/2025,INT-OC-CYS-592/25
d436c63e,04/04/2025,CYS,Contrato CW 276532,Supervisión técnica,Casa de máquinas y obras anexas,Unidad 5. Demolición local en estructura remanente del muro recinto en “U” que soporta los concretos masivos de la cámara espiral.,Si,D-PHI-COP-0180-2025,No,4/11/2025,INT-OC-CYS-639/25
315671ed,04/04/2025,CYS,Contrato CW 276532,Supervisión de seguridad y salud en el trabajo,Sin Frente,Aprobación hojas de vida personal SST y brigadas,Si,CYS-CW276532-PHI-01329,No,4/11/2025,INT-OC-CYS-634/25
8c1e7e8b,04/04/2025,CYS,Contrato CW 276532,Supervisión de seguridad y salud en el trabajo,Casa de máquinas y obras anexas,Incumplimiento en disponibilidad de tripulación de ambulancia TAM Y TAB,Si,CYS-CW276532-PHI-01331,No,4/23/2025,INT-OC-CYS-704/25
661ab7e7,04/04/2025,CYS,Contrato CW 276532,Supervisión socioambiental,Sin Frente,Seguimiento personal extranjero,Si,CYS-CW276532-PHI-01332,No,4/8/2025,INT-OC-CYS-609/25
2382135d,04/04/2025,CYS,Contrato CW 276532,Supervisión técnica,Almenaras y obras anexas,Almenara 2 - Estabilización y proceso de remoción.  Respuesta a comunicado INT-OC-EPM-0269-25 de Interventoría.,Si,D-PHI-COP-0179-2025,No,,
ef707cd2,04/04/2025,CYS,Contrato CW 276532,Supervisión técnica,Presa y obras anexas,Solicitud perforación P-INY-PP-14,Si,NC-075-25,No,,
f31ca4e3,05/04/2025,CYS,Contrato CW 276532,Supervisión socioambiental,Conducciones zona sur,Manejo de aguas residuales no domesticas (ARnD) de las conducciones N.5 a N.8.,Si,CYS-CW276532-PHI-01330,No,4/11/2025,INT-OC-CYS-633/25
c46be6a3,05/04/2025,CYS,Contrato CW 276532,Supervisión técnica,Almenaras y obras anexas,Detalle constructivos solera,Si,CYS-CW276532-PHI-01335,No,,
bf71b965,05/04/2025,CYS,Contrato CW 276532,Supervisión de seguridad y salud en el trabajo,Sin Frente,Solicitud informe mensual periodo febrero de 2025,Si,CYS-CW276532-PHI-01336,No,,
58edb981,05/04/2025,CYS,Contrato CW 276532,Supervisión técnica,Almenaras y obras anexas,Detalles constructivos solera,Si,CYS-CW276532-PHI-01335,No,,
f69e0049,05/04/2025,CYS,Contrato CW 276532,Supervisión de riesgos,Sin Frente,Informe mensual de la gestión de Riesgos - Febrero 2025.,Si,CYS-CW276532-PHI-01337,No,4/8/2025,INT-OC-CYS-596/25
22bad2b4,05/04/2025,CYS,Contrato CW 276532,Supervisión de seguridad y salud en el trabajo,Sin Frente,Observaciones información accidente laboral José Fernando Muriel Taborda,Si,CYS-CW276532-PHI-01338,No,4/22/2025,INT-OC-CYS-703/25
f77dff73,05/04/2025,CYS,Contrato CW 276532,Supervisión de seguridad física,Sin Frente,Informe mensual seguridad física Febrero 2025,Si,CYS-CW276532-PHI-01339,No,4/9/2025,INT-OC-CYS-611/25
681c8afe,05/04/2025,CYS,Contrato CW 276532,Supervisión de control de laboratorio ensayos de calidad,Sin Frente,Diseños de mezclas FL - 334 Solera túnel descarga,Si,CYS-CW276532-PHI-01340,No,4/25/2025,INT-OC-CYS-732/25
72d8309d,05/04/2025,CYS,Contrato CW 276532,Supervisión de gestión documental y calidad,Sin Frente,Respuesta a comunicaciones recibidas de enero de 2025,Si,D-PHI-COP-0189-2025,No,,
e6ac0c1c,05/04/2025,CYS,Contrato CW 276532,Supervisión de gestión documental y calidad,Sin Frente,Respuesta a comunicaciones recibidas en el mes de diciembre de 2024,Si,D-PHI-COP-0188-2025,No,,
82ce3f5a,05/04/2025,CYS,Contrato CW 276532,Supervisión de gestión documental y calidad,Sin Frente,Respuesta a comunicaciones recibidas en el mes de noviembre de 2024,Si,D-PHI-COP-0187-2025,No,,
419904a3,05/04/2025,CYS,Contrato CW 276532,Supervisión técnica,Presa y obras anexas,Oficialización nota de campo NC-075-25 - Solicitud perforación P-INY-PP-14,No,,Si,4/6/2025,INT-OC-CYS-591/25
9ef08b39,05/04/2025,CYS,Contrato CW 276532,Supervisión técnica,Estabilidad helipuerto villa luz,Ajuste excavación talud inferior berma 619 m.s.n.m Variante Villa Luz,Si,NC-077-25,No,4/17/2025,INT-OC-CYS-677/25
e07961f3,05/04/2025,CYS,Contrato CW 276532,Supervisión técnica,Conducciones zona sur,Complemento campaña de cierre,Si,NC-076-25,No,,
fbb71050,05/04/2025,CYS,Contrato CW 276532,Supervisión técnica,Consolidación y conglomeración macizo perturbado zona sur,Complemento campaña de cierre Romerito,No,,Si,4/6/2025,INT-OC-CYS-590/25
e9aa9d8b,05/04/2025,CYS,Contrato CW 276532,Supervisión técnica,Conducciones zona sur,Inyecciones de consolidación pendientes por ejecutar,No,,No,4/8/2025,INT-OC-CYS-600/25
dbba4220,06/04/2025,CYS,Contrato CW 276532,Supervisión de seguridad y salud en el trabajo,Sin Frente,Entrega ayuda de memoria reunión No.7 – :Seguimiento al estado de ventilación en obra subterránea,No,,Si,4/7/2025,INT-OC-CYS-594/25
c7e24379,06/04/2025,CYS,Contrato CW 276532,Supervisión técnica,Presa y obras anexas,Pantalla cortaflujo - Excavación para construcción de muro guía,No,,No,4/8/2025,INT-OC-CYS-599/25
bf62f285,06/04/2025,CYS,Contrato CW 276532,Supervisión de seguridad y salud en el trabajo,Almenaras y obras anexas,Incidente de alto potencial,Si,CYS-CW276532-PHI-01334,No,4/23/2025,INT-OC-CYS-705/25
7b3dd025,06/04/2025,CYS,Contrato CW 276532,Supervisión de control de laboratorio ensayos de calidad,Sin Frente,Aprobación del diseños de mezclas FL - 300,Si,CYS-CW276532-PHI-01341,No,4/24/2025,INT-OC-CYS-725/25
8d4e8d37,06/04/2025,CYS,Contrato CW 276532,Supervisión técnica,Sin Frente,Hoja de vida  ingeniero mecánico,Si,CYS-CW276532-PHI-01342,No,4/8/2025,INT-OC-CYS-597/25
38fc3448,06/04/2025,CYS,Contrato CW 276532,Supervisión técnica,Almenaras y obras anexas,Almenara -Pórtico de compuertas,Si,D-PHI-COP-0191-2025,No,,
149960a1,06/04/2025,CYS,Contrato CW 276532,Supervisión técnica,Casa de máquinas y obras anexas,Saneamiento y restitución del sostenimiento CM - Desabombe manual,Si,NC-078-25,No,4/8/2025,INT-OC-CYS-603/25
8aa36a00,06/04/2025,CYS,Contrato CW 276532,Supervisión técnica,Presa y obras anexas,"Medidor de infiltraciones - Inyecciones de
consolidación en el macizo rocoso y en zona de sedimentos",No,,No,4/8/2025,INT-OC-CYS-602/25
ce50a36b,06/04/2025,CYS,Contrato CW 276532,Supervisión técnica,Casa de máquinas y obras anexas,"Afectación a manguera - Losa 193,00",No,,No,4/9/2025,INT-OC-CYS-616/25
1e2c473b,06/04/2025,CYS,Contrato CW 276532,Supervisión técnica,Conducciones zona sur,Optimización de los trabajos en la Galería D Sur,No,,No,4/8/2025,INT-OC-CYS-595/25
94c496d6,06/04/2025,CYS,Contrato CW 276532,Supervisión de seguridad y salud en el trabajo,Sin Frente,Entrega ayuda de memoria reunión No. 8 – Recorridos de seguridad,No,,Si,4/8/2025,INT-OC-CYS-604/25
69e08b5d,06/04/2025,CYS,Contrato CW 276532,Supervisión técnica,Presa y obras anexas,Pantalla cortaflujo - Entrega de esquema de perfil del lecho rocoso,No,,No,4/8/2025,INT-OC-CYS-598/25
cd700f59,07/04/2025,CYS,Contrato CW 276532,Supervisión de seguridad y salud en el trabajo,Sin Frente,Solicitud información investigación accidente laboral William Camilo Espinal Zapata C.C.1.037.264.583.,No,,Si,4/8/2025,INT-OC-CYS-605/25
dc721232,07/04/2025,CYS,Contrato CW 276532,Supervisión de seguridad y salud en el trabajo,Sin Frente,Solicitud presentación inmediata Plan estratégico de seguridad vial (PESV),Si,CYS-CW276532-PHI-01344,No,4/12/2025,INT-OC-CYS-641/25
61f93f0a,07/04/2025,CYS,Contrato CW 276532,Supervisión socioambiental,Sin Frente,Informe mensual socioambiental - Marzo de 2025,Si,CYS-CW276532-PHI-01345,No,4/13/2025,INT-OC-CYS-645/25
a9caa1f1,07/04/2025,CYS,Contrato CW 276532,Supervisión de seguridad y salud en el trabajo,Sin Frente,Solicitud información investigación accidente laboral Alejadro Taborda Zapata C.C.1.037.776.908.,No,,Si,4/8/2025,INT-OC-CYS-606/25
a8b18ecf,07/04/2025,CYS,Contrato CW 276532,Supervisión de seguridad y salud en el trabajo,Vías Industriales del proyecto,Solicitud atención condiciones inseguras en el laboratorio por accidente laboral personal de la Interventoría,No,,No,4/8/2025,INT-OC-CYS-601/25
8429a4a2,07/04/2025,CYS,Contrato CW 276532,Supervisión técnica,Casa de máquinas y obras anexas,"Reparación de tensores de tensores 267, 268 y 269 ubicados en la cota 215 del hastial aguas abajo de Casa de Maquinas.",Si,NC-079-25,No,4/9/2025,INT-OC-CYS-614/25
1bacbee0,07/04/2025,CYS,Contrato CW 276532,Supervisión técnica,Conducciones zona norte,Galería D Norte - Afectación a piezómetro,No,,No,4/8/2025,INT-OC-CYS-608/25
f1c6855c,07/04/2025,CYS,Contrato CW 276532,Supervisión socioambiental,Instalaciones provisionales obras finales,Cierre de inspección conjunta GI-AM-02-25,No,,Si,4/8/2025,INT-OC-CYS-607/25
1cfbbbd5,07/04/2025,CYS,Contrato CW 276532,Supervisión técnica,Consolidación y conglomeración macizo perturbado zona sur,Modificación de las condiciones contractuales e impacto económica por restricción de simultaneidad de actividades de perforación e inyecciones de aglutinamiento.,Si,CYS-CW276532-PHI-00848 y CYS-CW276532-PHI-00880,No,5/5/2025,INT-OC-CYS-780/25
43798b10,08/04/2025,CYS,Contrato CW 276532,Supervisión técnica,Presa y obras anexas,Actualización de información de medidor de infiltraciones,Si,CYS-CW276532-PHI-00933,No,4/8/2025,INT-OC-CYS-610/25
c934b6a8,08/04/2025,CYS,Contrato CW 276532,Supervisión de seguridad física,Sin Frente,Observaciones informe de actividades de seguridad enero de 2025,Si,CYS-CW276532-PHI-01343,No,4/9/2025,INT-OC-CYS-617/25
eab62d3c,08/04/2025,CYS,Contrato CW 276532,Supervisión socioambiental,Sin Frente,Observaciones informe socioambiental del mes de noviembre de 2024,Si,CYS-CW276532-PHI-01347,No,4/10/2025,INT-OC-CYS-620/25
b62a6cc7,08/04/2025,CYS,Contrato CW 276532,Supervisión de seguridad y salud en el trabajo,Sin Frente,Hallazgos sin atención inspección conjunta No. 54,Si,CYS-CW276532-PHI-01348,No,4/23/2025,INT-OC-CYS-719/25
3c5647a4,08/04/2025,CYS,Contrato CW 276532,Supervisión de seguridad y salud en el trabajo,Sin Frente,Presentación hojas de vida personal ambulancia medicalizada,Si,CYS-CW276532-PHI-01349,No,5/5/2025,INT-OC-CYS-779/25
ed2b81cb,08/04/2025,CYS,Contrato CW 276532,Supervisión técnica,Consolidación y conglomeración macizo perturbado zona sur,Entrega de chequeos de desviación de perforaciones,Si,D-PHI-COP-0194-2025,No,4/11/2025,INT-OC-CYS-638/25
c40ade4b,08/04/2025,CYS,Contrato CW 276532,Supervisión técnica,Consolidación y conglomeración macizo perturbado zona sur,Entrega de registros automatizados. Medida de apremio provisional,Si,D-PHI-COP-0196-2025,No,,
d066206f,08/04/2025,CYS,Contrato CW 276532,Supervisión técnica,Casa de máquinas y obras anexas,Reporte del estado de los tensores entre Casa de Maquinas y Almenara No. 2,Si,D-PHI-COP-0197-2025,No,4/10/2025,INT-OC-CYS-618/25
8cbd2588,08/04/2025,CYS,Contrato CW 276532,Supervisión técnica,Consolidación y conglomeración macizo perturbado zona sur,Disposición final de los recobros de perforación almacenamiento de perforaciones exploratorias en la litoteca de EPM,Si,D-PHI-COP-0198-2025,No,4/13/2025,INT-OC-CYS-650/25
947d2556,08/04/2025,CYS,Contrato CW 276532,Supervisión de costos,Sin Frente,Acta mensual de obra No. 12 febrero de 2025,Si,CYS-CW276532-PHI-01346-,No,4/14/2025,INT-OC-CYS-660/25
683ddf5b,08/04/2025,CYS,Contrato CW 276532,Supervisión socioambiental,Sin Frente,Observaciones plantilla de caracterización de área de reubicación de flora epifita rescatada,Si,CYS-CW276532-PHI-01350,No,4/22/2025,INT-OC-CYS-699/25
8313c704,08/04/2025,CYS,Contrato CW 276532,Supervisión de seguridad y salud en el trabajo,Sin Frente,Requerimiento de acciones correctivas para actividades de fragmentación de roca con Rompex.,Si,CYS-CW276532-PHI-01351,No,4/29/2025,INT-OC-CYS-759/25
edae0c60,08/04/2025,CYS,Contrato CW 276532,Supervisión técnica,Casa de máquinas y obras anexas,Galería de barras - Plataforma de acceso,Si,CYS-CW276532-PHI-01352,No,,
21569b09,08/04/2025,CYS,Contrato CW 276532,Supervisión técnica,Casa de máquinas y obras anexas,"Muros laterales aguas arriba y aguas abajo - Unidades 7 y 8
Retiro de material para inspección de muro y extensiones.",Si,D-PHI-COP-0199-2025,No,4/20/2025,INT-OC-CYS-691/25
307d3af1,08/04/2025,CYS,Contrato CW 276532,Supervisión técnica,Conducciones zona sur,Ensayo tinte trazador perforaciones Galería F,Si,NC-080-25,No,4/11/2025,INT-OC-CYS-637/25
06217ac3,08/04/2025,CYS,Contrato CW 276532,Supervisión técnica,Galerías de acceso y construcción sistema de conducción,Rehabilitación de los ramales 7 y 8 - Tratamiento de Excavación,Si,CYS-CW276532-PHI-01297,No,4/14/2025,INT-OC-CYS-661/25
5aafc434,08/04/2025,CYS,Contrato CW 276532,Supervisión de seguridad y salud en el trabajo,Sin Frente,Retiro personal extranjero por incumplimiento en el sistema integral de seguridad social integral,Si,CYS-CW276532-PHI-01353,No,5/2/2025,INT-OC-CYS-766/25
ce1b6b66,08/04/2025,CYS,Contrato CW 276532,Supervisión técnica,Sin Frente,Observaciones diseño y medidas de manejo ambiental para la operación de la estación de servicio (EDS).,Si,CYS-CW276532-PHI-01354,No,4/23/2025,INT-OC-CYS-718/25
fcfdb8ee,08/04/2025,CYS,Contrato CW 276532,Supervisión de seguridad física,Sin Frente,Informe mensual  seguridad física marzo 2025,Si,CYS-CW276532-PHI-01355,No,4/11/2025,INT-OC-CYS-627/25
afeeffeb,08/04/2025,CYS,Contrato CW 276532,Supervisión técnica,Galerías de acceso y construcción sistema de conducción,Viga riel de apoyo del pórtico CSM,Si,CYS-CW276532-PHI-01356,No,8/5/2025,INT-OC-CYS-1522/25
8ea5d52b,08/04/2025,CYS,Contrato CW 276532,Supervisión de seguridad y salud en el trabajo,Sin Frente,Presentación hojas de vida personal HSE.,Si,CYS-CW276532-PHI-01357,No,4/30/2025,INT-OC-CYS-764/25
c9f0d595,08/04/2025,CYS,Contrato CW 276532,Supervisión de seguridad y salud en el trabajo,Sin Frente,Incidente de alto potencial volqueta KTN-669,No,,No,4/11/2025,INT-OC-CYS-625/25
93aaeed1,09/04/2025,CYS,Contrato CW 276532,Supervisión técnica,Casa de máquinas y obras anexas,Actualización de los check list para el descenso de banco en Casa de máquinas sur y Almenara 2.,No,,Si,4/11/2025,INT-OC-CYS-631/25
81e8536a,09/04/2025,CYS,Contrato CW 276532,Supervisión de seguridad y salud en el trabajo,Sin Frente,Hallazgos sin atención inspección conjunta Nro. 55.,No,,Si,4/11/2025,INT-OC-CYS-626/25
9bfc2c09,09/04/2025,CYS,Contrato CW 276532,Supervisión técnica,Consolidación y conglomeración macizo perturbado zona sur,Galería A – Control de los parámetros durante la producción de lechadas mezcla LE-118,No,,No,4/11/2025,INT-OC-CYS-622/25
c3c4e5fd,09/04/2025,CYS,Contrato CW 276532,Supervisión de control de laboratorio ensayos de calidad,Sin Frente,Diseños de mezclas para concretos estructurales,Si,CYS-CW276532-PHI-01358,No,6/6/2025,INT-OC-CYS-1057/25
5f73e355,09/04/2025,CYS,Contrato CW 276532,Supervisión técnica,Sin Frente,Certificado de materiales del 01 al 15 de marzo de 2025,Si,CYS-CW276532-PHI-01359,No,4/13/2025,INT-OC-CYS-651/25
6cd767fc,09/04/2025,CYS,Contrato CW 276532,Supervisión técnica,Casa de máquinas y obras anexas,Solicitud detalles constructivos restitución en oquedades y zonas de sobre excavación,Si,CYS-CW276532-PHI-01360,No,8/9/2025,INT-OC-CYS-1569/25
f94f7c86,09/04/2025,CYS,Contrato CW 276532,Supervisión socioambiental,Sin Frente,Programa de manejo de calidad atmosférica,Si,CYS-CW276532-PHI-01361,No,4/13/2025,INT-OC-CYS-649/25
f9f345b2,09/04/2025,CYS,Contrato CW 276532,Supervisión socioambiental,Instalaciones provisionales obras finales,Instalaciones provisionales obras finales - Plan de manejo ambiental especifico planta de concreto 60 m,Si,CYS-CW276532-PHI-01362,No,4/25/2025,INT-OC-CYS-733/25
cb7058e5,09/04/2025,CYS,Contrato CW 276532,Supervisión de seguridad y salud en el trabajo,Sin Frente,Presentación hojas de vida personal ambulancia medicalizada,Si,CYS-CW276532-PHI-01363,No,5/2/2025,INT-OC-CYS-767/25
8d44edd7,09/04/2025,CYS,Contrato CW 276532,Supervisión técnica,Almenaras y obras anexas,Solicitud de respuesta a comunicaciones planos de taller de refuerzo,Si,CYS-CW276532-PHI-01364,No,5/10/2025,INT-OC-CYS-838/25
88ba4dfd,09/04/2025,CYS,Contrato CW 276532,Supervisión técnica,Casa de máquinas y obras anexas,Casa de Maquinas reparación cabezales tensores - Nota de campo NC-079-25 del 6 de abril de 2025 a las 7:30 a.m,Si,D-PHI-COP-0200-2025,No,5/27/2025,INT-OC-CYS-992/25
3a274345,09/04/2025,CYS,Contrato CW 276532,Supervisión técnica,Almenaras y obras anexas,Almenara 2 -Pórtico de compuertas - Aclaración al numeral 6 nuestro comunicado D-PHI-COP-0191-2025,Si,D-PHI-COP-0200-2025,No,,
d6c5e8e3,09/04/2025,CYS,Contrato CW 276532,Supervisión técnica,Estabilidad helipuerto villa luz,Ajuste en la excavación del talud inferior berma 619 m s.n.m.,No,,Si,4/11/2025,INT-OC-CYS-621/25
23bb6dfe,09/04/2025,CYS,Contrato CW 276532,Supervisión técnica,Almenaras y obras anexas,Almenara 2 -Pórtico de compuertas - Aclaración al numeral 6 nuestro comunicado D-PHI-COP-0191-2025,Si,D-PHI-COP-0201-2025,No,,
75f4c7dd,10/04/2025,CYS,Contrato CW 276532,Supervisión socioambiental,Sin Frente,Atención observaciones informe Socioambiental de octubre de 2024,Si,CYS-CW276532-PHI-01365,No,4/22/2025,INT-OC-CYS-700/25
830bbe35,11/04/2025,CYS,Contrato CW 276532,Supervisión técnica,Sin Frente,Saneamiento y restitución del sostenimiento CM desabombe manual,Si,CYS-CW276532-PHI-01367,No,4/14/2025,INT-OC-CYS-659/25
c24af639,11/04/2025,CYS,Contrato CW 276532,Supervisión técnica,Conducciones zona sur,Rehabilitación de los pozos de presión conducciones 5 a 8 entrega de planos para construcción,Si,CYS-CW276532-PHI-01369,No,9/14/2025,INT-OC-CYS-1930/25
bce8494f,11/04/2025,CYS,Contrato CW 276532,Supervisión técnica,Casa de máquinas y obras anexas,Acero de refuerzo columna tipo 1 a 5,Si,CYS-CW276532-PHI-01370,No,6/8/2025,INT-OC-CYS-1077/25
a2542800,11/04/2025,CYS,Contrato CW 276532,Supervisión técnica,Conducciones zona sur,Perforación para inyecciones de aglutinamiento,Si,D-PHI-COP-0202-2025,No,4/25/2025,INT-OC-CYS-728/25
4a9c73e5,11/04/2025,CYS,Contrato CW 276532,Supervisión técnica,Consolidación y conglomeración macizo perturbado zona sur,Avance general inyecciones de aglutinamiento,Si,D-PHI-COP-0204-2025,Si,4/15/2025,INT-OC-CYS-669/25
062a8411,11/04/2025,CYS,Contrato CW 276532,Supervisión técnica,Descarga intermedia,Instrumentación del by pass del TDD a la DI,Si,NC-083-25,No,,
3731e7f5,11/04/2025,CYS,Contrato CW 276532,Supervisión técnica,Casa de máquinas y obras anexas,Solicitud coordenadas tensores tipo A entre casa de maquinas y almenara 2,Si,NC-084-25,Si,,
3396fe69,11/04/2025,CYS,Contrato CW 276532,Supervisión de control de laboratorio ensayos de calidad,Sin Frente,Aseguramiento de la Calidad-   Plan de calibración de la planta de concreto con el alcance.,No,,No,4/12/2025,INT-OC-CYS-643/25
10041238,12/04/2025,CYS,Contrato CW 276532,Supervisión técnica,Sin Frente,Ajuste y entrega de procedimiento de retiro de material en la EL.188.50.,No,,No,,
1a06c401,12/04/2025,CYS,Contrato CW 276532,Supervisión técnica,Sin Frente,Ajuste y entrega de procedimiento de retiro de material en la EL.188.50.,No,,No,4/12/2025,INT-OC-CYS-640/25
d91bee02,12/04/2025,CYS,Contrato CW 276532,Supervisión técnica,Almenaras y obras anexas,"Viga inferior El. 192,20 - Planos y cartilla de refuerzo",Si,CYS-CW276532-PHI-01154,No,4/15/2025,INT-OC-CYS-666/25
52134a48,12/04/2025,CYS,Contrato CW 276532,Supervisión de seguridad y salud en el trabajo,Sin Frente,Informe de gestión mensual SST Marzo 2025,Si,CYS-CW276532-PHI-01371,No,5/9/2025,INT-OC-CYS-818/25
f6c69703,12/04/2025,CYS,Contrato CW 276532,Supervisión técnica,Casa de máquinas y obras anexas,Fe de erratas reporte final del estado de los tensores entre casa de maquinas y almenara 2,Si,D-PHI-COP-0207-2025,No,4/15/2025,INT-OC-CYS-673/25
9ed7fad2,12/04/2025,CYS,Contrato CW 276532,Supervisión técnica,Estabilidad helipuerto villa luz,"Tratamiento entre cotas 630,70 y 626,80 msnm entre las abscisas km 2+490 y km2+520 oficialización IC-082-2025",Si,NC-085-25,No,4/15/2025,INT-OC-CYS-672/25
b54f7c25,12/04/2025,CYS,Contrato CW 276532,Supervisión de costos,Consolidación y conglomeración macizo perturbado zona sur,Avance general inyecciones aglutinamiento afectación económica,Si,CYS-CW276532-PHI-01372,No,4/23/2025,INT-OC-CYS-721/25
07e5bebd,13/04/2025,CYS,Contrato CW 276532,Supervisión técnica,Túnel de acceso y galerías de construcción de la central,Galería Inferior al Pozo de Evacuación de Humos- Metodología Constructiva,No,,No,4/15/2025,INT-OC-CYS-665/25
183c9515,13/04/2025,CYS,Contrato CW 276532,Supervisión técnica,Sin Frente,Entrega actas de comité de obra Nos. 062-063,No,,Si,4/14/2025,INT-OC-CYS-657/25
39ad53a6,14/04/2025,CYS,Contrato CW 276532,Supervisión de seguridad y salud en el trabajo,Sin Frente,Solicitud investigación accidente laboral Alejandro Mora Buitrago C.C. 1053827934,No,,No,4/15/2025,INT-OC-CYS-670/25
69f92335,14/04/2025,CYS,Contrato CW 276532,Supervisión de seguridad y salud en el trabajo,Sin Frente,Solicitud investigación accidente laboral Cesar Augusto Rodríguez C.C. 8.415.036,No,,No,4/15/2025,INT-OC-CYS-671/25
39eaa967,14/04/2025,CYS,Contrato CW 276532,Supervisión técnica,Presa y obras anexas,Entrega de plano para construcción,Si,CYS-CW276532-PHI-01373,Si,4/23/2025,INT-OC-CYS-710/25
67387c75,14/04/2025,CYS,Contrato CW 276532,Supervisión técnica,Conducciones zona norte,Galería D norte - Afectaciones piezómetro,Si,CYS-CW276532-PHI-01374,No,,
fed17c2e,14/04/2025,CYS,Contrato CW 276532,Supervisión de control de laboratorio ensayos de calidad,Sin Frente,Plan de calibración y verificación -Planta Domat DMPE100-4A,Si,CYS-CW276532-PHI-01375,No,4/18/2025,INT-OC-CYS-683/25
7706f844,14/04/2025,CYS,Contrato CW 276532,Supervisión técnica,Casa de máquinas y obras anexas,Pernos de anclaje - Planos,Si,CYS-CW276532-PHI-01376,No,8/5/2025,INT-OC-CYS-1538/25
68ee2776,14/04/2025,CYS,Contrato CW 276532,Supervisión técnica,Almenaras y obras anexas,Pernos de anclajes - Planos,Si,CYS-CW276532-PHI-01377,No,8/12/2025,INT-OC-CYS-1586/25
ce924359,14/04/2025,CYS,Contrato CW 276532,Supervisión de seguridad y salud en el trabajo,Sin Frente,Solicitud documentación ambulancia TAB,Si,CYS-CW276532-PHI-01377,No,,
6d895075,14/04/2025,CYS,Contrato CW 276532,Supervisión de seguridad y salud en el trabajo,Sin Frente,Solicitud investigación accidente laboral Oscar Elías Fuentes Sierra C.C 1.038.093.667,No,,No,4/15/2025,INT-OC-CYS-667/25
75eb69ce,14/04/2025,CYS,Contrato CW 276532,Supervisión de seguridad y salud en el trabajo,Sin Frente,Solicitud documentación ambulancia TAB,Si,CYS-CW276532-PHI-01379,No,5/7/2025,INT-OC-CYS-806/25
d374e7d3,14/04/2025,CYS,Contrato CW 276532,Supervisión de seguridad y salud en el trabajo,Sin Frente,Solicitud información investigación accidente laboral Henry Giovanny Carvajal Carvajal C.C.1.037.268.262,No,,No,4/23/2025,INT-OC-CYS-715/25
44dcb045,14/04/2025,CYS,Contrato CW 276532,Supervisión técnica,Casa de máquinas y obras anexas,Estado de tensores pasantes tipo A entre Casa de Maquinas y almenara 2,Si,NC-088-25,No,,
2386acf1,14/04/2025,CYS,Contrato CW 276532,Supervisión de seguridad y salud en el trabajo,Sin Frente,Solicitud información investigación accidente laboral Rubén Darío Giraldo C.C.15.491.070,No,,No,4/23/2025,INT-OC-CYS-714/25
ca86a178,14/04/2025,CYS,Contrato CW 276532,Supervisión de seguridad y salud en el trabajo,Sin Frente,Solicitud información investigación accidente laboral Hiraldo Parra Cervantes C.C.78.302.647,No,,No,4/23/2025,INT-OC-CYS-713/25
31ecbf3c,14/04/2025,CYS,Contrato CW 276532,Supervisión de seguridad y salud en el trabajo,Sin Frente,Solicitud investigación accidente laboral Farley Dario Cebollas Suleta C.C.1045428129,No,,No,4/23/2025,INT-OC-CYS-712/25
6170fa78,14/04/2025,CYS,Contrato CW 276532,Supervisión de seguridad y salud en el trabajo,Casa de máquinas y obras anexas,Hallazgos pendiente por cierre inspección conjunta No. 57,No,,Si,4/16/2025,INT-OC-CYS-674/25
e0921c36,14/04/2025,CYS,Contrato CW 276532,Supervisión de seguridad y salud en el trabajo,Sin Frente,Solicitud investigación accidente laboral Edwin Esneider Chavarria C.C.1037449929,No,,No,4/23/2025,INT-OC-CYS-711/25
82bfdec0,14/04/2025,CYS,Contrato CW 276532,Supervisión de seguridad y salud en el trabajo,Sin Frente,Solicitud investigación accidente laboral Jaider Yeison Jiménez Valdés C.C.1.035.520.810,No,,No,4/26/2025,INT-OC-CYS-747/25
17f92e70,15/04/2025,CYS,Contrato CW 276532,Supervisión de control de laboratorio ensayos de calidad,Sin Frente,Plan de calidad y verificación Planta Domat DMPE100-4A,Si,CYS-CW276532-PHI-01368,No,,
ea95c249,15/04/2025,CYS,Contrato CW 276532,Supervisión de control de laboratorio ensayos de calidad,Sin Frente,Plan de calidad y verificación Planta Domat DMPE100-4A,Si,CYS-CW276532-PHI-01368,No,,
24cd63ce,15/04/2025,CYS,Contrato CW 276532,Supervisión de seguridad física,Sin Frente,Obsevaciones informe mensual seguridad física marzo 2025,Si,CYS-CW276532-PHI-01378,No,4/23/2025,INT-OC-CYS-708/25
8c4dd4c8,15/04/2025,CYS,Contrato CW 276532,Supervisión de seguridad y salud en el trabajo,Sin Frente,Solicitud investigación accidente laboral Eider Alcides Mazo Jaramillo CC. 1.007.320.098,No,,No,4/25/2025,INT-OC-CYS-729/25
9cf73153,15/04/2025,CYS,Contrato CW 276532,Supervisión socioambiental,Sin Frente,Programa de manejo de calidad atmosférica,Si,CYS-CW276532-PHI-01380,No,4/25/2025,INT-OC-CYS-734/25
9b72ec78,15/04/2025,CYS,Contrato CW 276532,Supervisión técnica,Galerías y pozos de compuertas,Solicitud adecuación perforaciones descarga de fondo,Si,NC-089-25,No,4/17/2025,INT-OC-CYS-676/25
38afa1b8,15/04/2025,CYS,Contrato CW 276532,Supervisión de seguridad y salud en el trabajo,Sin Frente,Solicitud  investigación accidente laboral Wilson Alonso Vélez Ochoa CC.1.042.763.045,No,,No,4/25/2025,INT-OC-CYS-730/25
d80329d2,15/04/2025,CYS,Contrato CW 276532,Supervisión de gestión documental y calidad,Sin Frente,Desviaciones de legibilidad soportes acta de obra ejecutada número 12,No,,No,4/22/2025,INT-OC-CYS-701/25
73d96ebc,15/04/2025,CYS,Contrato CW 276532,Supervisión técnica,Galerías y pozos de compuertas,Instrumentación geotécnica. Ramales a codos superiores conducciones 5 a 8. Cambio de dianas de convergencias mixtas a argollas de convergencias sencillas,Si,NC-090-25,No,4/20/2025,INT-OC-CYS-687/25
9c4012c0,15/04/2025,CYS,Contrato CW 276532,Supervisión técnica,Casa de máquinas y obras anexas,Tensores tipo C en hastial aguas arriba - Tensor de prueba 39CR,Si,CYS-CW276532-PHI-01381,No,,
8e01302d,15/04/2025,CYS,Contrato CW 276532,Supervisión técnica,Sin Frente,Informe técnico mensual marzo 2025,Si,CYS-CW276532-PHI-01382,No,4/28/2025,INT-OC-CYS-757/25
7a3f97e6,15/04/2025,CYS,Contrato CW 276532,Supervisión técnica,Casa de máquinas y obras anexas,Tensores tipo C en hastial aguas arriba - Tensor de prueba 39CR,Si,CYS-CW276532-PHI-01381,No,4/26/2025,INT-OC-CYS-739/25
00a1c176,15/04/2025,CYS,Contrato CW 276532,Supervisión de costos,Sin Frente,Remisión acta de obra ejecutada AMB3-08 Marzo de 2025,Si,CYS-CW276532-PHI-01383,No,,
96adb755,15/04/2025,CYS,Contrato CW 276532,Supervisión de costos,Sin Frente,Remisión de acta de obra ejecutada AMB5-03 marzo de 2025,Si,CYS-CW276532-PHI-01384,No,4/18/2025,INT-OC-CYS-682/25
5e4ed464,16/04/2025,CYS,Contrato CW 276532,Supervisión de control de laboratorio ensayos de calidad,Sin Frente,Plan de calibración y verificación planta concreto Janeoo,Si,CYS-CW276532-PHI-01385,No,4/18/2025,INT-OC-CYS-681/25
9918240f,16/04/2025,CYS,Contrato CW 276532,Supervisión de seguridad y salud en el trabajo,Sin Frente,Restricción de transito de vehículos livianos galería inferior sur,Si,CYS-CW276532-PHI-01386,No,5/2/2025,INT-OC-CYS-768/25
8fd09e9a,16/04/2025,CYS,Contrato CW 276532,Supervisión de seguridad y salud en el trabajo,Casa de máquinas y obras anexas,Condiciones y acciones subestándar en actividades de puente grúa 25 Ton,Si,CYS-CW276532-PHI-01387,No,4/24/2025,INT-OC-CYS-723/25
6c62c0c3,16/04/2025,CYS,Contrato CW 276532,Supervisión técnica,Presa y obras anexas,Solicitud de orientación técnica por cambio en contorno de excavación para la plataforma en la cota 235 m.s.n.m.,Si,CYS-CW276532-PHI-01389,No,6/25/2025,INT-OC-CYS-1205/25
ec5993be,16/04/2025,CYS,Contrato CW 276532,Supervisión técnica,Conducciones zona sur,Simultaneidad de trabajos en la Galería D Sur,No,,No,4/18/2025,INT-OC-CYS-680/25
ec0cff5f,16/04/2025,CYS,Contrato CW 276532,Supervisión contractual,Sin Frente,"Copia póliza, garantía contractuales y seguros",Si,CYS-CW276532-PHI-01391,No,4/26/2025,INT-OC-CYS-741/25
7e6901a7,16/04/2025,CYS,Contrato CW 276532,Supervisión técnica,Obras en las descargas,Remisión de control de cambios FE-2194 - Recuperación zona sur DES-R1 Túnel de descarga N.4,Si,D-PHI-CCE-ADM-1-C6678,No,,
a8a218be,16/04/2025,CYS,Contrato CW 276532,Supervisión técnica,Conducciones zona norte,Galería D Norte - Afectación a piezómetro,Si,CYS-CW276532-PHI-01374,No,4/17/2025,INT-OC-CYS-678/25
c31a9927,16/04/2025,CYS,Contrato CW 276532,Supervisión de seguridad y salud en el trabajo,Sin Frente,Solicitud investigación accidente laboral Fredy Esneider Lopez Vasquez  C.C. 1.037.266.925.,No,,Si,4/18/2025,INT-OC-CYS-679/25
1fde770c,17/04/2025,CYS,Contrato CW 276532,Supervisión técnica,Casa de máquinas y obras anexas,"Oficialización instructivos de campo Casa de Maquinas, Almenara 2 y Galería Comunicaciones",Si,D-PHI-COP-0215-2025,No,4/19/2025,INT-OC-CYS-686/25
49f7109c,17/04/2025,CYS,Contrato CW 276532,Supervisión técnica,Casa de máquinas y obras anexas,"Oficialización instructivos de campo Romerito,  Casa de Maquinas, Almenara 2, GCIS R6 y Galería Comunicaciones",Si,D-PHI-COP-0216-2025,No,4/19/2025,INT-OC-CYS-685/25
4d22e51c,17/04/2025,CYS,Contrato CW 276532,Supervisión técnica,Casa de máquinas y obras anexas,Muros aguas arriba - Planos de despiece acero de refuerzo,Si,CYS-CW276532-PHI-01392,No,,
3a4bcb7d,17/04/2025,CYS,Contrato CW 276532,Supervisión técnica,Conducciones zona sur,Entibados ramal inferior a conducciones 7 y 8 - Planos de taller,Si,CYS-CW276532-PHI-01393,No,6/19/2025,INT-OC-CYS-1173/25
c1c014e6,17/04/2025,CYS,Contrato CW 276532,Supervisión técnica,Descarga intermedia,"Bloque de anclaje adicional de tuberías del ""BY-PASS"" y Tapa losa sobre micropilotes - Procedimiento de construcción.",Si,CYS-CW276532-PHI-01394,No,8/3/2025,INT-OC-CYS-1499/25
0e250ad2,17/04/2025,CYS,Contrato CW 276532,Supervisión socioambiental,Zonas de deposito obras finales,Entrega de plano del Deposito de Ticuitá  y la distribución de acopios,Si,CYS-CW276532-PHI-01395,No,,
a435f766,17/04/2025,CYS,Contrato CW 276532,Supervisión técnica,Casa de máquinas y obras anexas,Informe técnico - IMOCOM - Inspección estructural - Puente Grúa BARRIEL 27.,Si,CYS-CW276532-PHI-01396,No,4/26/2025,INT-OC-CYS-740/25
2c6c24b7,17/04/2025,CYS,Contrato CW 276532,Supervisión socioambiental,Zonas de deposito obras finales,Entrega de plano del Deposito de Ticuitá  y la distribución de acopios,Si,CYS-CW276532-PHI-01395,No,4/24/2025,INT-OC-CYS-724/25
51f82939,17/04/2025,CYS,Contrato CW 276532,Supervisión de seguridad y salud en el trabajo,Sin Frente,Plan estratégico de seguridad vial (PESV),Si,CYS-CW276532-PHI-01397,No,4/23/2025,INT-OC-CYS-706/25
222cd93a,17/04/2025,CYS,Contrato CW 276532,Supervisión de control de laboratorio ensayos de calidad,Sin Frente,Plantas de concreto - Implantación acopio de bentonita,Si,CYS-CW276532-PHI-01398,No,5/23/2025,INT-OC-CYS-948/25
533d643c,17/04/2025,CYS,Contrato CW 276532,Supervisión de seguridad física,Sin Frente,Atención compromisos del comité No. 13 de seguridad física,Si,CYS-CW276532-PHI-01400,No,4/23/2025,INT-OC-CYS-709/25
448571a7,18/04/2025,CYS,Contrato CW 276532,Supervisión de seguridad y salud en el trabajo,Conducciones zona sur,Conducciones  superiores - Sistema de ventilación,Si,CYS-CW276532-PHI-01401,No,5/12/2025,INT-OC-CYS-855/25
16c5baef,18/04/2025,CYS,Contrato CW 276532,Supervisión técnica,Casa de máquinas y obras anexas,Escaleras tipo 3 y tipo 4 - Planos,Si,CYS-CW276532-PHI-01402,No,,
1eb09c13,18/04/2025,CYS,Contrato CW 276532,Supervisión técnica,Sin Frente,Certificado de calidad cables Torones,Si,CYS-CW276532-PHI-01403,No,,
ba0fd01c,18/04/2025,CYS,Contrato CW 276532,Supervisión técnica,Sin Frente,Registro de logueo perforación,Si,CYS-CW276532-PHI-01404,No,,
bcd1a606,18/04/2025,CYS,Contrato CW 276532,Supervisión técnica,Conducciones zona sur,Entibados ramales superiores 7 y 8 - Planos de taller,Si,CYS-CW276532-PHI-01405,No,6/19/2025,INT-OC-CYS-1171/25
98ec41fd,18/04/2025,CYS,Contrato CW 276532,Supervisión técnica,Conducciones zona sur,Drenaje conducción inferior 7,Si,NC-093-25,No,4/20/2025,INT-OC-CYS-689/25
d76985fe,18/04/2025,CYS,Contrato CW 276532,Supervisión técnica,Conducciones zona sur,Drenaje conducción superior 6,Si,NC-094-25,No,4/20/2025,INT-OC-CYS-688/25
60cdac0a,18/04/2025,CYS,Contrato CW 276532,Supervisión técnica,Casa de máquinas y obras anexas,Uso de empalmes mecánicos para acero de refuerzo con acoples tipo 2 de marca FMax fabricados por Ramalza S.A.S,Si,NC-094-25,No,,
c0c2cf3c,19/04/2025,CYS,Contrato CW 276532,Supervisión técnica,Casa de máquinas y obras anexas,Uso de empalmes mecánicos para acero de refuerzo con acoples tipo 2 de marca FMax fabricados por Ramalza S.A.S. Respuesta a la comunicación INT-OC-EPM-330/25 de la Interventoría.,Si,D-PHI-COP-0217-2025,No,,
77f2df2d,19/04/2025,CYS,Contrato CW 276532,Supervisión de seguridad y salud en el trabajo,Sin Frente,Hallazgos sin atención inspección conjunta Nro. 56,No,,Si,4/23/2025,INT-OC-CYS-720/25
c5d7e757,19/04/2025,CYS,Contrato CW 276532,Supervisión de costos,Sin Frente,Remisión de acta de obra ejecutada N°13 - Marzo de 2025,Si,CYS-CW276532-PHI-01390,No,4/21/2025,INT-OC-CYS-694/25
018b548b,19/04/2025,CYS,Contrato CW 276532,Supervisión técnica,Presa y obras anexas,CYS-CW276532-PHI-01404,Si,CYS-CW276532-PHI-01404.,No,,
c893d3ae,19/04/2025,CYS,Contrato CW 276532,Supervisión técnica,Presa y obras anexas,Observaciones a registro de logueos de perforación - Pantalla corta-flujo,Si,CYS-CW276532-PHI-01404,No,4/20/2025,INT-OC-CYS-690/25
35565798,19/04/2025,CYS,Contrato CW 276532,Supervisión técnica,Casa de máquinas y obras anexas,"Entrega plano Lote 07, excavación de nicho para paso de tubería",Si,D-PHI-COP-0218-2025,No,4/25/2025,INT-OC-CYS-736/25
3a16825e,19/04/2025,CYS,Contrato CW 276532,Supervisión técnica,Sin Frente,Prueba tinte trazador,Si,CYS-CW276532-PHI-01408,No,5/3/2025,INT-OC-CYS-776/25
a0a567fb,19/04/2025,CYS,Contrato CW 276532,Supervisión técnica,Sin Frente,Prueba tinte trazador,Si,CYS-CW276532-PHI-01406,No,,
fb3a45b7,19/04/2025,CYS,Contrato CW 276532,Supervisión técnica,Sin Frente,Entrega ayudas de memoria -Recorridos mesa de constructibilidad,No,,Si,,
6420a24c,19/04/2025,CYS,Contrato CW 276532,Supervisión técnica,Sin Frente,Entrega ayudas de memoria-Recorridos mesa de constructibilidad,No,,Si,4/23/2025,INT-OC-CYS-722/25
01df29e5,20/04/2025,CYS,Contrato CW 276532,Supervisión de seguridad y salud en el trabajo,Sin Frente,Entrega ayuda de memoria reunión No.9 – Recorridos de seguridad.,No,,Si,4/20/2025,INT-OC-CYS-692/25
6127ee7e,20/04/2025,CYS,Contrato CW 276532,Supervisión técnica,Casa de máquinas y obras anexas,"Tuberías instaladas previo a la contingencia, para las zonas del tubo de aspiración",No,,No,4/23/2025,INT-OC-CYS-717/25
31396b7a,20/04/2025,CYS,Contrato CW 276532,Supervisión técnica,Almenaras y obras anexas,"Almenara 2 – Vigas EL.201,70 – Planos y cartilla de despiece",Si,CYS- CW276532-PHI-01157,No,4/21/2025,INT-OC-CYS-698/25
1a3874fb,20/04/2025,CYS,Contrato CW 276532,Supervisión técnica,Casa de máquinas y obras anexas,Actualización de los check list al 19 de abril de 2025 para el descenso de banco en Casa de máquinas sur y Almenara 2.,No,,Si,4/21/2025,INT-OC-CYS-693/25
7a171f09,20/04/2025,CYS,Contrato CW 276532,Supervisión socioambiental,Sin Frente,Observaciones informe semestral de cumplimiento ambiental ICA semestre II - 2024,Si,CYS-CW276532-PHI-01407,No,4/26/2025,INT-OC-CYS-745/25
bdfd53c3,21/04/2025,CYS,Contrato CW 276532,Supervisión técnica,Casa de máquinas y obras anexas,Muros aguas abajo - Planos de taller acero de refuerzo,Si,CYS-CW276532-PHI-01409,No,,
020cee2d,21/04/2025,CYS,Contrato CW 276532,Supervisión técnica,Casa de máquinas y obras anexas,Tratamiento para cabezales de tensores tipo A cuyo dictamen los clasifica como tensores fallados,Si,D-PHI-COP-0221-2025,No,4/25/2025,INT-OC-CYS-735/25
3e6d5b6d,21/04/2025,CYS,Contrato CW 276532,Supervisión de seguridad y salud en el trabajo,Sin Frente,Solicitud investigación accidente laboral Julio Cesar Roa,No,,Si,4/21/2025,INT-OC-CYS-697/25
57eaf1e8,21/04/2025,CYS,Contrato CW 276532,Supervisión técnica,Galerías de acceso y construcción sistema de conducción,Galería D Sur acceso a conducciones superiores - Control de calidad de higrometría,Si,CYS-CW276532-PHI-01410,No,5/5/2025,INT-OC-CYS-786/25
8849275f,21/04/2025,CYS,Contrato CW 276532,Supervisión técnica,Casa de máquinas y obras anexas,"Demolición local en estructura remanente del muro recinto en ""U"" que soporta los concretos masivos de la cámara aspiral",Si,CYS-CW276532-PHI-01411,No,8/8/2025,INT-OC-CYS-1562/25
be7b176a,22/04/2025,CYS,Contrato CW 276532,Supervisión técnica,Túnel de acceso y galerías de construcción de la central,Inactividad Entronque Ramal 7,No,,No,,
ddd090c8,22/04/2025,CYS,Contrato CW 276532,Supervisión técnica,Descarga intermedia,Tapa losa sobre micropilotes - Procedimiento para perforaciones e inyecciones,No,,No,4/23/2025,INT-OC-CYS-707/25
5090b213,22/04/2025,CYS,Contrato CW 276532,Supervisión técnica,Casa de máquinas y obras anexas,Procedimiento de remoción de material El. 188 y EL. 193,Si,CYS-CW276532-PHI-01412,No,10/29/2025,INT-OC-CYS-2355/25
114bf0f7,22/04/2025,CYS,Contrato CW 276532,Supervisión de control de laboratorio ensayos de calidad,Sin Frente,Certificados de calidad Cables Torones,Si,CYS-CW276532-PHI-01413,No,5/7/2025,INT-OC-CYS-792/25
8340cec9,22/04/2025,CYS,Contrato CW 276532,Supervisión técnica,Túnel de acceso y galerías de construcción de la central,Estado de adquisición material explosivo,No,,No,4/23/2025,INT-OC-CYS-716/25
c205b0bd,23/04/2025,CYS,Contrato CW 276532,Supervisión de control de laboratorio ensayos de calidad,Sin Frente,Gestión Control de Calidad - Certificados de Calibración y Verificación de equipos para Tensionamiento de Tensores,Si,PHI-01309,No,,
b8246097,23/04/2025,CYS,Contrato CW 276532,Supervisión técnica,Presa y obras anexas,Perfil Geológico del Sector Capitanes P-CYS-PRE-GEN-008 - Pantalla cortaflujo,Si,CYS-CW276532-PHI-01414,Si,4/28/2025,INT-OC-CYS-756/25
90b4a67b,23/04/2025,CYS,Contrato CW 276532,Supervisión socioambiental,Sin Frente,Atención a las desviaciones manejo integral de residuos en los frentes de obra,Si,CYS-CW276532-PHI-01416,No,5/5/2025,INT-OC-CYS-787/25
0e4e69e4,23/04/2025,CYS,Contrato CW 276532,Supervisión de control de laboratorio ensayos de calidad,Sin Frente,Diseños de mezclas de concreto - Concepto resistencia a la abrasión,Si,D-PHI-COP-0226-2025,No,,
85b5d278,23/04/2025,CYS,Contrato CW 276532,Supervisión técnica,Túnel de acceso y galerías de construcción de la central,Galería de construcción inferior Sur - Medidor de infiltraciones,Si,CYS-CW276532-PHI-01123 y CYS-CW276532-PHI-01184,No,,
b2e5d6a5,23/04/2025,CYS,Contrato CW 276532,Supervisión técnica,Sin Frente,Entrega acta de comité de obra CYS No. 064,No,,Si,4/25/2025,INT-OC-CYS-727/25
fc640bd0,23/04/2025,CYS,Contrato CW 276532,Supervisión técnica,Sin Frente,Entrega acta de comité de obra No.065,No,,Si,4/24/2025,INT-OC-CYS-726/25
4ed848be,24/04/2025,CYS,Contrato CW 276532,Supervisión de seguridad y salud en el trabajo,Almenaras y obras anexas,Solicitud investigación de incidente,No,,No,4/26/2025,INT-OC-CYS-737/25
27281c6a,24/04/2025,CYS,Contrato CW 276532,Supervisión técnica,Sin Frente,Entrega ayuda de memoria- Presentación inicial Procedimiento pantalla plástica,No,,Si,,
afe2fc84,24/04/2025,CYS,Contrato CW 276532,Supervisión socioambiental,Sin Frente,Manejo de aguas residuales no domesticas en obra ARnD,Si,CYS-CW276532-PHI-01421,No,,
2459af69,24/04/2025,CYS,Contrato CW 276532,Supervisión socioambiental,Sin Frente,Seguimiento PQRS,Si,CYS-CW276532-PHI-01422,No,5/5/2025,INT-OC-CYS-788/25
5cc171e8,24/04/2025,CYS,Contrato CW 276532,Supervisión técnica,Sistema de caudal remanente (SQR),Procedimiento Fase 1- Demoliciones Descarga Intermedia,Si,CYS-CW276532-PHI-01182,No,4/28/2025,INT-OC-CYS-758/25
2f67beb6,24/04/2025,CYS,Contrato CW 276532,Supervisión técnica,Sin Frente,Entrega de registros diarios de excavación subterráneas,Si,CYS-CW276532-PHI-01419,No,,
e38e52d7,24/04/2025,CYS,Contrato CW 276532,Supervisión técnica,Presa y obras anexas,Pantalla cortaflujo - Procedimiento de construcción,Si,CYS-CW276532-PHI-01415,No,,
413ac99f,24/04/2025,CYS,Contrato CW 276532,Supervisión de seguridad y salud en el trabajo,Sin Frente,Registros documentales de obligaciones laborales personal extranjero,Si,CYS-CW276532-PHI-01420,No,5/13/2025,INT-OC-CYS-858/25
d6b4f90d,24/04/2025,CYS,Contrato CW 276532,Supervisión técnica,Casa de máquinas y obras anexas,Entrega acta de reunión técnica No 043 -Planeación para  Ejecución de las inyecciones de consolidación de los tensores pasantes hastial aguas abajo.,No,,Si,4/26/2025,INT-OC-CYS-738/25
37fe5662,24/04/2025,CYS,Contrato CW 276532,Supervisión socioambiental,Sin Frente,Manejo de aguas residuales no domésticas en obra (ARnD),Si,CYS-CW276532-PHI-01421,Si,4/25/2025,INT-OC-CYS-731/25
40eed677,24/04/2025,CYS,Contrato CW 276532,Supervisión técnica,Casa de máquinas y obras anexas,Entrega de planos para construcción estructurales de la losa El. 205.50 - Zona Sur,Si,D-PHI-CCE-ADM-1-C6679,Si,4/26/2025,INT-OC-CYS-742/25
d95d9cb1,25/04/2025,CYS,Contrato CW 276532,Supervisión técnica,Casa de máquinas y obras anexas,Instrumentación geotécnica solicitud de estaciones de convergencia,Si,NC-099-25,No,,
1ec92484,26/04/2025,CYS,Contrato CW 276532,Supervisión técnica,Descarga intermedia,"Bloque de anclaje adicional de tuberia del ""BY-PASS"" y Tapa losa sobre micropilotes - Procedimiento de construcción",Si,CYS-CW-276532-PHI-01394,No,,
d11ca8e9,26/04/2025,CYS,Contrato CW 276532,Supervisión técnica,Sin Frente,Campaña de aglutinamiento macizo rocoso afectado al sur de las cavernas,Si,CYS-CW276532-PHI-01418,Si,6/20/2025,INT-OC-CYS-1175/25
f3123261,26/04/2025,CYS,Contrato CW 276532,Supervisión técnica,Sin Frente,Certificados de materiales Marzo 16 al 31 de MARZO 2025,Si,CYS-CW276532-PHI-01424,No,4/28/2025,INT-OC-CYS-752/25
09bb3096,26/04/2025,CYS,Contrato CW 276532,Supervisión técnica,Sin Frente,Oficialización instructivos de campo obras subterráneas,Si,D-PHI-COP-0220-2025,No,,
a6b03501,26/04/2025,CYS,Contrato CW 276532,Supervisión de riesgos,Sin Frente,Entrega de actas de comité de Gestión Integral de Riesgos de No 173 y No 174,No,,Si,4/26/2025,INT-OC-CYS-744/25
53d8d088,26/04/2025,CYS,Contrato CW 276532,Supervisión técnica,Casa de máquinas y obras anexas,Oficialización Instructivos de Campo,Si,D-PHI-COP-0220-2025,Si,4/26/2025,INT-OC-CYS-743/25
1816d818,26/04/2025,CYS,Contrato CW 276532,Supervisión de seguridad y salud en el trabajo,Sin Frente,Solicitud investigación accidente laboral José Ernesto Bejarano Martín  CC. 80.375.139,No,,No,4/27/2025,INT-OC-CYS-750/25
de0cc2a8,26/04/2025,CYS,Contrato CW 276532,Supervisión de seguridad y salud en el trabajo,Sin Frente,Entrega ayuda de memoria reunión No. 05 – Seguimiento a compromisos SST.,No,,Si,4/27/2025,INT-OC-CYS-749/25
061309fa,26/04/2025,CYS,Contrato CW 276532,Supervisión técnica,Casa de máquinas y obras anexas,Instrumentación Geotécnica - Solicitud de estaciones de convergencias.,No,,No,4/28/2025,INT-OC-CYS-753/25
19bd986d,26/04/2025,CYS,Contrato CW 276532,Supervisión socioambiental,Sin Frente,Entrega de área para instalaciones provisionales,Si,CYS-CW276532-PHI-01423,Si,5/16/2025,INT-OC-CYS-889/25
9d19f0fa,26/04/2025,CYS,Contrato CW 276532,Supervisión socioambiental,Sin Frente,Observaciones informe mensual socioambiental marzo de 2025,SI,CYS-CW276532-PHI-01425,No,5/6/2025,INT-OC-CYS-790/25
1cef55a0,27/04/2025,CYS,Contrato CW 276532,Supervisión técnica,Obras en el lecho del río Cauca,Entrega ayuda de memoria-Reunión actividades jarillon de las descargas,No,,Si,4/27/2025,INT-OC-CYS-748/25
99f2185c,27/04/2025,CYS,Contrato CW 276532,Supervisión técnica,Almenaras y obras anexas,Almenar - Columnas Etapa 1 – Planos y cartillas de acero de refuerzo.,Si,CYS- CW276532-PHI-01155,No,4/28/2025,INT-OC-CYS-751/25
d1bca78a,27/04/2025,CYS,Contrato CW 276532,Supervisión técnica,Sin Frente,Informe de seguimiento de la instrumentación entre el 16 de marzo y el 15 de abril de 2025,Si,D-PHI-COP-0228-2025,No,5/14/2025,INT-OC-CYS-870/25
ead6ae69,27/04/2025,CYS,Contrato CW 276532,Supervisión técnica,Almenaras y obras anexas,Almenara 2 pórtico de manejo de compuertas refuerzo en columnas,Si,D-PHI-COP-0229-2025,No,5/7/2025,INT-OC-CYS-794/25
c112ff34,27/04/2025,CYS,Contrato CW 276532,Supervisión técnica,Casa de máquinas y obras anexas,"Casa de maquinas, galería barras y obras anexas informe de inspección a tramo expuesto de muero lateral aguas abajo sobre tubo de aspiración de la Unidad 8",Si,D-PHI-COP-0230-2025,No,,
b16731d7,27/04/2025,CYS,Contrato CW 276532,Supervisión de seguridad y salud en el trabajo,Sin Frente,Remisión acta de comité obligaciones laborales en SST No. 15,No,,Si,4/28/2025,INT-OC-CYS-755/25
f5767fd9,27/04/2025,CYS,Contrato CW 276532,Supervisión de seguridad y salud en el trabajo,Casa de máquinas y obras anexas,Hallazgos pendiente por cierre inspección conjunta No. 58.,No,,Si,4/28/2025,INT-OC-CYS-754/25
3afc585e,28/04/2025,CYS,Contrato CW 276532,Supervisión técnica,Almenaras y obras anexas,Tratamiento del machón central,Si,NC-101-25,No,,
5a19cc95,28/04/2025,CYS,Contrato CW 276532,Supervisión técnica,Almenaras y obras anexas,Tratamiento del machón central,No,,Si,4/29/2025,INT-OC-CYS-760/25
554523ce,28/04/2025,CYS,Contrato CW 276532,Supervisión de control de laboratorio ensayos de calidad,Sin Frente,Resultados de diseños de mezclas concreto plástico,Si,CYS-CW276532-PHI-01426,No,,
67d6e1a0,28/04/2025,CYS,Contrato CW 276532,Supervisión técnica,Presa y obras anexas,Pantalla cortaflujo - Procedimiento de construcción,Si,CYS-CW276532-PHI-01415,No,5/2/2025,INT-OC-CYS-772/25
2a048d2d,29/04/2025,CYS,Contrato CW 276532,Supervisión de gestión documental y calidad,Sin Frente,Desviaciones de legibilidad soportes acta de obra ejecutada número 13. Su comunicación CYS-CW276532-PHI-01390.,Si,CYS-CW276532-PHI-01390,No,,
c8084c1f,29/04/2025,CYS,Contrato CW 276532,Supervisión de gestión documental y calidad,Sin Frente,Desviaciones de legibilidad soportes acta de obra ejecutada número 13. Su comunicación CYS-CW276532-PHI-01390.,Si,CYS-CW276532-PHI-01390,No,4/29/2025,INT-OC-CYS-761/25
8b1ff3a1,29/04/2025,CYS,Contrato CW 276532,Supervisión técnica,Almenaras y obras anexas,Pórtico Almenara 2. Columnas Etapa 2 – Planos y cartillas de acero de refuerzo,Si,CYS- CW276532-PHI-01156,No,4/30/2025,INT-OC-CYS-762/25
ac059aef,29/04/2025,CYS,Contrato CW 276532,Supervisión técnica,Presa y obras anexas,Pantalla corta flujo - Procedimiento de construcción,Si,CYS-CW276532-PHI-01428,No,5/7/2025,INT-OC-CYS-803/25
2b5c84ef,29/04/2025,CYS,Contrato CW 276532,Supervisión técnica,Conducciones zona sur,Plano de taller entronques,Si,CYS-CW276532-PHI-01429,No,6/19/2025,INT-OC-CYS-1170/25
dc1a460a,29/04/2025,CYS,Contrato CW 276532,Supervisión técnica,Casa de máquinas y obras anexas,Galería de barras N. 5 - Acero de refuerzo,Si,CYS-CW276532-PHI-01430,No,,
7bedbf47,29/04/2025,CYS,Contrato CW 276532,Supervisión técnica,Presa y obras anexas,Depósito Ticuitá Sur- Clasificación material RCD - Horas trabajadas equipos,No,,No,5/4/2025,INT-OC-CYS-778/25
17f21980,29/04/2025,CYS,Contrato CW 276532,Supervisión socioambiental,Sin Frente,Observaciones informe socioambiental del mes de febrero de 2025,Si,CYS-CW276532-PHI-01427,No,5/8/2025,INT-OC-CYS-807/25
14e116a9,29/04/2025,CYS,Contrato CW 276532,Supervisión de seguridad y salud en el trabajo,Casa de máquinas y obras anexas,Incumplimiento en disponibilidad en tripulación de ambulancia TAM - TAB,Si,CYS-CW276532-PHI-01431,No,,
15454ca6,29/04/2025,CYS,Contrato CW 276532,Supervisión de seguridad y salud en el trabajo,Sin Frente,Orden reiterada de la Interventoría certificados personal operadores y auxiliares de transito.,Si,CYS-CW276532-PHI-01432,No,5/14/2025,INT-OC-CYS-869/25
e6395caa,29/04/2025,CYS,Contrato CW 276532,Supervisión de gestión documental y calidad,Sin Frente,Incumplimiento en disponibilidad en tripulación de ambulancia TAM - TAB,Si,CYS-CW276532-PHI-01431,No,,
5eb86113,29/04/2025,CYS,Contrato CW 276532,Supervisión de seguridad y salud en el trabajo,Casa de máquinas y obras anexas,Incumplimiento en disponibilidad en tripulación de ambulancia TAM y TAB,Si,CYS-CW276532-PHI-01431,No,5/15/2025,INT-OC-CYS-880/25
e9a36006,29/04/2025,CYS,Contrato CW 276532,Supervisión de seguridad y salud en el trabajo,Sin Frente,Equipo mínimo hoja de vida gestor SST,Si,CYS-CW276532-PHI-01433,No,5/15/2025,INT-OC-CYS-878/25
d0ec16eb,29/04/2025,CYS,Contrato CW 276532,Supervisión de seguridad y salud en el trabajo,Sin Frente,Presentación hoja de vida personal ambulancia TAM y TAB,Si,CYS-CW276532-PHI-01434,No,5/15/2025,INT-OC-CYS-879/25
c2e0501d,29/04/2025,CYS,Contrato CW 276532,Supervisión contractual,Sin Frente,"Copia de las certificaciones de las pólizas del contrato de la referencia, expedidos por las aseguradoras CONFIANZA y CHUBB generada con ocasión  a las Actas de Modificación Bilateral N. 6 y 7",Si,CYS-CW276532-PHI-01435,No,5/9/2025,INT-OC-CYS-826/25
c0768d5e,29/04/2025,CYS,Contrato CW 276532,Supervisión técnica,Descarga intermedia,Tapa losa sobre micropilotes - Procedimientos para inyecciones,Si,CYS-CW276532-PHI-01436,No,,
d2784009,29/04/2025,CYS,Contrato CW 276532,Supervisión técnica,Conducciones zona sur,Conducciones Superiores 6 y 8- Drenaje y Manejo de Aguas,No,,No,5/1/2025,INT-OC-CYS-765/25
db83fd62,30/04/2025,CYS,Contrato CW 276532,Supervisión de seguridad y salud en el trabajo,Sin Frente,Solicitud información investigación accidente laboral  Carlos Alberto Usuga Correa CC. 1.035.305.685,No,,No,5/2/2025,INT-OC-CYS-769/25
c7d5374f,30/04/2025,CYS,Contrato CW 276532,Supervisión técnica,Obras en las descargas,Túnel de descarga 3 - Zonas a lanzar como complemento a los tratamientos de soporte existentes entre abscisas km 0+154/357,No,,No,5/2/2025,INT-OC-CYS-773/25
5c383aef,30/04/2025,CYS,Contrato CW 276532,Supervisión de seguridad física,Sin Frente,Reporte eventos de seguridad física,No,,Si,4/30/2025,INT-OC-CYS-763/25
759dd8e1,01/05/2025,CYS,Contrato CW 276532,Supervisión técnica,Sin Frente,Certificados de materiales del 01 al 15 de abril de 2025,Si,CYS-CW276532-PHI-01437,No,5/8/2025,INT-OC-CYS-816/25
4a56ec4d,01/05/2025,CYS,Contrato CW 276532,Supervisión socioambiental,Sin Frente,Informe trimestral de indicadores del medio correspondiente al periodo enero a marzo del 2025,Si,CYS-CW276532-PHI-01438,No,5/7/2025,INT-OC-CYS-804/25
091b499a,01/05/2025,CYS,Contrato CW 276532,Supervisión técnica,Sin Frente,Informe de fragmentación con rompex,Si,CYS-CW276532-PHI-01439,No,5/12/2025,INT-OC-CYS-851/25
908fe4b0,01/05/2025,CYS,Contrato CW 276532,Supervisión de seguridad y salud en el trabajo,Sin Frente,Obra externas plazoleta de compuertas y captación - Hallazgos pendientes por cierre inspección conjunta 49,Si,CYS-CW276532-PHI-01440,No,5/15/2025,INT-OC-CYS-881/25
5104c06b,01/05/2025,CYS,Contrato CW 276532,Supervisión de seguridad y salud en el trabajo,Sin Frente,Presentación hoja de vida personal HSE,Si,CYS-CW276532-PHI-01441,No,5/12/2025,INT-OC-CYS-852/25
cbd56b00,01/05/2025,CYS,Contrato CW 276532,Supervisión de seguridad y salud en el trabajo,Sin Frente,Observaciones información accidente laboral Néstor Basto Zabala,Si,CYS-CW276532-PHI-01442,No,5/15/2025,INT-OC-CYS-877/25
f761f0c5,01/05/2025,CYS,Contrato CW 276532,Supervisión de seguridad y salud en el trabajo,Sin Frente,Solicitud atención condiciones inseguras en el laboratorio de concretos por accidente laboral personal de la Interventoría,Si,CYS-CW276532-PHI-01443,No,5/21/2025,INT-OC-CYS-921/25
34a67633,01/05/2025,CYS,Contrato CW 276532,Supervisión técnica,Sin Frente,Estado de cumplimiento compromisos comités de obra Consorcio CYS  Abril 2025.,No,,No,5/2/2025,INT-OC-CYS-771/25
4cfaec9b,02/05/2025,CYS,Contrato CW 276532,Supervisión de seguridad física,Sin Frente,Entrega acta comité de seguridad física No 014,No,,Si,5/3/2025,INT-OC-CYS-775/25
ff9a5a3d,02/05/2025,CYS,Contrato CW 276532,Supervisión socioambiental,Zonas de deposito obras finales,Entrega de plano del deposito de Ticuita y la distribución de acopios - Plan de acción,Si,CYS-CW276532-PHI-01445,No,5/7/2025,INT-OC-CYS-798/25
05f63406,02/05/2025,CYS,Contrato CW 276532,Supervisión de seguridad y salud en el trabajo,Sin Frente,Solicitud sobre el reporte entrega de documentación personal contrato,Si,CYS-CW276532-PHI-01447,No,5/23/2025,INT-OC-CYS-953/25
ec5cd368,02/05/2025,CYS,Contrato CW 276532,Supervisión de seguridad y salud en el trabajo,Sin Frente,Solicitud investigación accidente laboral de Fredy Esneider López Vásquez,Si,CYS-CW276532-PHI-01448,No,5/21/2025,INT-OC-CYS-925/25
c10f613f,02/05/2025,CYS,Contrato CW 276532,Supervisión de seguridad y salud en el trabajo,Sin Frente,Aprobación hojas de vida personal SST y brigadista,Si,CYS-CW276532-PHI-01449,No,5/18/2025,INT-OC-CYS-905/25
3b7135a8,02/05/2025,CYS,Contrato CW 276532,Supervisión de seguridad física,Sin Frente,Informe mensual de seguridad física febrero 2025,Si,CYS-CW276532-PHI-01450,No,5/7/2025,INT-OC-CYS-791/25
9f49417c,02/05/2025,CYS,Contrato CW 276532,Supervisión de control de laboratorio ensayos de calidad,Sin Frente,Aprobación de diseño de mezclas inyección de mortero bombeable,Si,CYS-CW276532-PHI-01451,No,5/13/2025,INT-OC-CYS-860/25
57aee92d,02/05/2025,CYS,Contrato CW 276532,Supervisión contractual,Casa de máquinas y obras anexas,Modificación plazo del hito 2 del contrato,Si,CYS-CW276532-PHI-01452,No,5/8/2025,INT-OC-CYS-809/25
079a8d58,02/05/2025,CYS,Contrato CW 276532,Supervisión técnica,Conducciones zona sur,Remisión de control de cambio FE-2194 - Recuperación zona sur - PZC-R0-Pozos y conducciones N. 5 a N. 8,Si,D-PHI-CCE-ADM-1-C6681,No,5/30/2025,INT-OC-CYS-1010/25
c45dc35e,03/05/2025,CYS,Contrato CW 276532,Supervisión técnica,Obras en las descargas,Descarga 4 - Restitución de malla electrosoldada,No,,No,5/3/2025,INT-OC-CYS-777/25
aa18ce55,03/05/2025,CYS,Contrato CW 276532,Supervisión técnica,Casa de máquinas y obras anexas,"Concretos secundarios zona sur caverna de máquinas, Niveles 205,45 - 211,90 y 217,45",Si,D-PHI-CCE-ADM-1-C6668,No,5/5/2025,INT-OC-CYS-783/25
1afa79f3,03/05/2025,CYS,Contrato CW 276532,Supervisión técnica,Casa de máquinas y obras anexas,Afectación blindobarra del puente grúa de 330 t. Nuestra comunicación INT-OC-CYS-1458/24,No,,No,5/3/2025,INT-OC-CYS-774/25
5e637c84,03/05/2025,CYS,Contrato CW 276532,Supervisión técnica,Casa de máquinas y obras anexas,Remoción de lleno – Actividades de saneamiento pendientes.,No,,No,,
c03ae877,03/05/2025,CYS,Contrato CW 276532,Supervisión técnica,Descarga intermedia,Tapa losa sobre micropilotes - Procedimiento para inyecciones,Si,CYS-CW276532-PHI-01453,No,5/10/2025,INT-OC-CYS-836/25
2691c1b6,03/05/2025,CYS,Contrato CW 276532,Supervisión técnica,Sin Frente,Pantalla corta flujo panel de prueba,Si,CYS-CW276532-PHI-01454,No,,
28abc909,03/05/2025,CYS,Contrato CW 276532,Supervisión técnica,Almenaras y obras anexas,Traslapos en columnas,Si,CYS-CW276532-PHI-01455,No,,
b2b6380e,03/05/2025,CYS,Contrato CW 276532,Supervisión técnica,Sin Frente,Fichas técnicas y certificados de conformidad para cumplimiento Retie elementos para el sistema puesta a tierra.,Si,CYS-CW276532-PHI-01456,No,5/5/2025,INT-OC-CYS-782/25
8f84bc4f,03/05/2025,CYS,Contrato CW 276532,Supervisión de seguridad física,Sin Frente,Atención compromisos del comité No. 13 de seguridad física,Si,CYS-CW276532-PHI-01457-,Si,5/7/2025,INT-OC-CYS-800/25
c4169563,03/05/2025,CYS,Contrato CW 276532,Supervisión técnica,Túneles de aspiración,Oficialización de planos para rehabilitación,Si,D-PHI-COP-0235-2025,No,5/5/2025,INT-OC-CYS-789/25
2ee8d3ad,03/05/2025,CYS,Contrato CW 276532,Supervisión de seguridad y salud en el trabajo,Sin Frente,Presentación hoja de vida personal SST,Si,CYS-CW276532-PHI-01458,No,5/12/2025,INT-OC-CYS-854/25
008936bb,03/05/2025,CYS,Contrato CW 276532,Supervisión técnica,Casa de máquinas y obras anexas,Aclaraciones técnicas de Ingeniería - Planos DC-PHI-062-CCM-PT-E-001 R0 y D-PHI-062-CCM-PT-E-002 R1,Si,CYS-CW276532-PHI-01459,No,5/12/2025,INT-OC-CYS-850/25
5413be20,03/05/2025,CYS,Contrato CW 276532,Supervisión técnica,Almenaras y obras anexas,"Equivalencia espesor y material en platinas tipo 2, tipo 3, tipo 4 y tipo 5 y tuberías",Si,CYS-CW276532-PHI-01460,No,5/23/2025,INT-OC-CYS-947/25
fa690dcd,04/05/2025,CYS,Contrato CW 276532,Supervisión técnica,Conducciones zona sur,Drenajes adicionales conducciones inferior 7,Si,NC-103-25,No,5/5/2025,INT-OC-CYS-785/25
95cf01f1,04/05/2025,CYS,Contrato CW 276532,Supervisión técnica,Casa de máquinas y obras anexas,Relocalización piezómetros Galería D,Si,NC-104-25,No,5/10/2025,INT-OC-CYS-835/25
14ecd821,04/05/2025,CYS,Contrato CW 276532,Supervisión de riesgos,Sin Frente,Entrega guía metodológica Gestión Integral del Riesgo (GIR) 2024,No,,Si,5/7/2025,INT-OC-CYS-801/25
d782cb09,04/05/2025,CYS,Contrato CW 276532,Supervisión técnica,Casa de máquinas y obras anexas,Control de calidad contenido de fibra en concreto lanzado,No,,No,,
069ee74f,04/05/2025,CYS,Contrato CW 276532,Supervisión de seguridad y salud en el trabajo,Casa de máquinas y obras anexas,Condiciones y acciones subestándar,No,,No,5/5/2025,INT-OC-CYS-784/25
917a6def,04/05/2025,CYS,Contrato CW 276532,Supervisión técnica,Casa de máquinas y obras anexas,Almenaras y obras anexas Galerías de acceso y construcción sistema de conducción – Tratamiento de soporte de excavación en material de derrumbe y áreas de reparación,Si,CYS-CW276532-PHI-00977,No,5/5/2025,INT-OC-CYS-781/25
65aa0bb8,05/05/2025,CYS,Contrato CW 276532,Supervisión contractual,Temas administrativos del contrato,Remisión Hoja de Vida de Ingeniero Residente-Director del Proyecto,No,,No,,
165c7ea5,05/05/2025,CYS,Contrato CW 276532,Supervisión técnica,Casa de máquinas y obras anexas,"Actualización de los check list con corte al 4 de mayo de 2025, para el descenso de banco en Casa de máquinas sur y Almenara 2.",No,,Si,,
54db4acd,05/05/2025,CYS,Contrato CW 276532,Supervisión técnica,Almenaras y obras anexas,"Vigas EL.210,60 - Planos y cartilla de despiece",Si,CYS-CW276532-PHI-01158,No,5/7/2025,INT-OC-CYS-795/25
5b84f835,05/05/2025,CYS,Contrato CW 276532,Supervisión de control de laboratorio ensayos de calidad,Sin Frente,Ensayos de calidad base granular El Valle,Si,CYS-CW276532-PHI-01462,No,5/13/2025,INT-OC-CYS-862/25
b40b51e7,05/05/2025,CYS,Contrato CW 276532,Supervisión técnica,Almenaras y obras anexas,Tubería para la sonda de medición de presión de las compuertas – Planos de taller,Si,CYS-CW276532-PHI-01115,No,5/7/2025,INT-OC-CYS-796/25
9c04e676,05/05/2025,CYS,Contrato CW 276532,Supervisión técnica,Sin Frente,Compromisos -Mesa de constructibilidad 26-abril-2025,No,,Si,5/7/2025,INT-OC-CYS-805/25
7613a1e5,05/05/2025,CYS,Contrato CW 276532,Supervisión técnica,Sin Frente,Entrega ayuda de memoria-reunión procedimiento inicial pantalla plástica,No,,Si,5/7/2025,INT-OC-CYS-802/25
9804320c,06/05/2025,CYS,Contrato CW 276532,Supervisión técnica,Almenaras y obras anexas,Entronque y ramal de acceso superior - Despiece entibado metálico,Si,CYS-CW276532-PHI-01270,No,5/7/2025,INT-OC-CYS-793/25
5fb15201,06/05/2025,CYS,Contrato CW 276532,Supervisión técnica,Casa de máquinas y obras anexas,Fosos de infiltración – Refuerzo – Planos de despiece,Si,CYS-CW276532-PHI-01277,No,5/7/2025,INT-OC-CYS-797/25
479bd124,06/05/2025,CYS,Contrato CW 276532,Supervisión técnica,Conducciones zona sur,Entibados ramal inferior de acceso a codos inferiores de los pozos de presión 7 y 8 - Planos de taller,Si,CYS-CW276532-PHI-01282,No,5/12/2025,INT-OC-CYS-847/25
1447e6bd,06/05/2025,CYS,Contrato CW 276532,Supervisión técnica,Conducciones zona sur,Perforaciones de aglutinamiento adicionales Galería D Sur,Si,NC-105-25,No,5/10/2025,INT-OC-CYS-834/25
9c73951f,06/05/2025,CYS,Contrato CW 276532,Supervisión técnica,Conducciones zona sur,Campaña de aglutinamiento lechada tipo C - Zona superior,Si,NC-107-25,Si,5/10/2025,INT-OC-CYS-833/25
485a6fab,06/05/2025,CYS,Contrato CW 276532,Supervisión de seguridad y salud en el trabajo,Sin Frente,Incumplimiento de registros documentales del SGSST personal extranjero.,No,,No,5/9/2025,INT-OC-CYS-825/25
2184e6ca,06/05/2025,CYS,Contrato CW 276532,Supervisión técnica,Almenaras y obras anexas,Traslado de concepto de estabilidad de la recuperación de la caverna de Almenara 2,No,,Si,5/9/2025,INT-OC-CYS-827/25
37d8489c,06/05/2025,CYS,Contrato CW 276532,Supervisión socioambiental,Sin Frente,Remisión de actas comités social especifico Nros 15 y 16.,No,,Si,5/7/2025,INT-OC-CYS-799/25
38ab572e,06/05/2025,CYS,Contrato CW 276532,Supervisión técnica,Sin Frente,Acero de refuerzo - Longitudes de traslapo en elementos.,Si,CYS-CW276532-PHI-01178,No,5/8/2025,INT-OC-CYS-814/25
fd8b39d2,06/05/2025,CYS,Contrato CW 276532,Supervisión de seguridad y salud en el trabajo,Sin Frente,SST Presentación hoja de vida personal ambulancia TAM y TAB,Si,CYS-CW276532-PHI-01463,No,5/18/2025,INT-OC-CYS-904/25
206b833c,06/05/2025,CYS,Contrato CW 276532,Supervisión técnica,Conducciones zona sur,Conducción superior Ramal 6 Galería 320 Sistema de drenaje,Si,CYS-CW276532-PHI-01464,No,5/12/2025,INT-OC-CYS-848/25
26f7d72c,06/05/2025,CYS,Contrato CW 276532,Supervisión técnica,Almenaras y obras anexas,Pórtico de manejo de compuertas de aspiración Embebidos planos de taller platinas viga 201.70,Si,CYS-CW276532-PHI-01465,No,5/8/2025,INT-OC-CYS-808/25
7e0266de,06/05/2025,CYS,Contrato CW 276532,Supervisión de seguridad física,Sin Frente,Informe seguridad física gestión abril 20235,Si,CYS-CW276532-PHI-01466,No,5/9/2025,INT-OC-CYS-821/25
4b7392c9,06/05/2025,CYS,Contrato CW 276532,Supervisión técnica,Descarga intermedia,Tapa losa sobre micropilotes procedimiento para inyecciones,Si,CYS-CW276532-PHI-01467,No,6/9/2025,INT-OC-CYS-1086/25
e6b02647,06/05/2025,CYS,Contrato CW 276532,Supervisión socioambiental,Sin Frente,Informe correspondiente al mes de abril de 2025,Si,CYS-CW276532-PHI-01468,No,5/17/2025,INT-OC-CYS-893/25
fc9472a3,06/05/2025,CYS,Contrato CW 276532,Supervisión de control de laboratorio ensayos de calidad,Sin Frente,Diseños de mezclas FL-343 DE 28 MPa,Si,CYS-CW276532-PHI-01469,No,5/20/2025,INT-OC-CYS-912/25
9d7b7aad,07/05/2025,CYS,Contrato CW 276532,Supervisión de seguridad y salud en el trabajo,Sin Frente,Entrega de memoria Reunión No 6 revisión aspectos pendientes de cumplimiento en seguridad y salud en el trabajo,Si,CYS-CW276532-PHI-01470,No,5/24/2025,INT-OC-CYS-960/25
72b8a0a9,07/05/2025,CYS,Contrato CW 276532,Supervisión de costos,Sin Frente,Solicitud de comunicación con el listado de APUs conciliados,No,,No,5/9/2025,INT-OC-CYS-819/25
0e91105f,07/05/2025,CYS,Contrato CW 276532,Supervisión técnica,Casa de máquinas y obras anexas,Galerías de barras - Plataformas de acceso desde casa de máquinas,Si,CYS- CW276532-PHI-01244,No,5/11/2025,INT-OC-CYS-841/25
9a610012,07/05/2025,CYS,Contrato CW 276532,Supervisión de seguridad y salud en el trabajo,Sin Frente,Solicitud información investigación accidente laboral Jesus Alberto Uriza Suarez CC. 1.098.638.238.,No,,No,5/9/2025,INT-OC-CYS-824/25
d7b24b1b,07/05/2025,CYS,Contrato CW 276532,Supervisión de riesgos,Sin Frente,Entrega de acta de comité de riesgos No. 017,No,,Si,5/8/2025,INT-OC-CYS-811/25
f69a5903,07/05/2025,CYS,Contrato CW 276532,Supervisión de seguridad y salud en el trabajo,Sin Frente,Solicitud información investigación accidente laboral Jesús Antonio Giraldo Bermúdez CC. 15.536.217.,No,,No,5/9/2025,INT-OC-CYS-823/25
0c0bc3cf,07/05/2025,CYS,Contrato CW 276532,Supervisión de seguridad y salud en el trabajo,Sin Frente,Solicitud información investigación accidente laboral Yohn Jairo Restrepo Calle CC. 70.632.169.,No,,No,5/9/2025,INT-OC-CYS-822/25
b1da32a6,07/05/2025,CYS,Contrato CW 276532,Supervisión socioambiental,Sin Frente,Desviaciones manejo de aguas residuales no domesticas,Si,CYS-CW276532-PHI-01478-Desviaciones-Manejo-Aguas-Residual-No-Domestica,Si,5/16/2025,INT-OC-CYS-887/25
acc3efb7,07/05/2025,CYS,Contrato CW 276532,Supervisión técnica,Galerías de acceso y construcción sistema de conducción,Galería D sur acceso a conducciones superiores control calidad pruebas de higrometria,Si,CYS-CW276532-PHI-01479-Galeria-D-Sur-Control-Calidad-Higrometria,No,5/10/2025,INT-OC-CYS-832/25
8853fd9a,07/05/2025,CYS,Contrato CW 276532,Supervisión socioambiental,Instalaciones provisionales obras finales,Supervisión socioambiental – Instalaciones provisionales obras finales – Cierre de inspección conjunta GI-AM-04-25,No,,Si,5/8/2025,INT-OC-CYS-810/25
d9bc45ec,07/05/2025,CYS,Contrato CW 276532,Supervisión de seguridad y salud en el trabajo,Sin Frente,Solicitud información investigación accidente laboral Alejandro Taborda Zapata cc 1.037.776.908,Si,CYS-CW276532-PHI-01477,No,5/23/2025,INT-OC-CYS-954/25
f9f38fb7,07/05/2025,CYS,Contrato CW 276532,Supervisión socioambiental,Sin Frente,Atención requerimiento 72 del acta del acta de oralidad 635 de la ANLA,Si,CYS-CW276532-PHI-01480,No,5/16/2025,INT-OC-CYS-888/25
47333e1c,07/05/2025,CYS,Contrato CW 276532,Supervisión socioambiental,Sin Frente,Entrega de las actas de comité socioambiental No. 26 a la No. 30.,No,,Si,5/8/2025,INT-OC-CYS-815/25
8a1a95a6,07/05/2025,CYS,Contrato CW 276532,Supervisión técnica,Sin Frente,Entrega acta de comité de obra No.066,No,,Si,5/9/2025,INT-OC-CYS-817/25
ae493002,08/05/2025,CYS,Contrato CW 276532,Supervisión socioambiental,Sin Frente,Atención derecho de petición interpuesto por el señor Andrés Felipe Tovar Vega.,No,,Si,5/9/2025,INT-OC-CYS-820/25
39c5efe5,08/05/2025,CYS,Contrato CW 276532,Supervisión de seguridad física,Sin Frente,Documentos de seguridad física diciembre de 2024,Si,CYS-CW276532-PHI-01481,No,5/14/2025,INT-OC-CYS-871/25
ed227156,08/05/2025,CYS,Contrato CW 276532,Supervisión de seguridad y salud en el trabajo,Sin Frente,SST Presentación hoja de vida personal ambulancia TAM Y TAB,Si,CYS-CW276532-PHI-01482,No,5/18/2025,INT-OC-CYS-900/25
e5166583,08/05/2025,CYS,Contrato CW 276532,Supervisión técnica,Sin Frente,Plano juntas losa de piso,Si,D-PHI-COP-0243-2025,No,5/12/2025,INT-OC-CYS-845/25
bbb52e6a,08/05/2025,CYS,Contrato CW 276532,Supervisión técnica,Sin Frente,Relocalización piezómetros PCV-GDN-01 Galería D Norte,Si,NC-109-25,No,5/14/2025,INT-OC-CYS-874/25
6b0cb95b,08/05/2025,CYS,Contrato CW 276532,Supervisión técnica,Sin Frente,Entrega ayudas de memoria- Seguimiento de Perforaciones e Inyecciones de Aglutinamiento Zona Sur.,No,,Si,5/8/2025,INT-OC-CYS-813/25
c48765c9,08/05/2025,CYS,Contrato CW 276532,Supervisión de seguridad y salud en el trabajo,Sin Frente,Solicitud certificación sistema de protección contra caídas en alturas -Planta DOMAT30,No,,No,5/10/2025,INT-OC-CYS-829/25
2b42d3dc,08/05/2025,CYS,Contrato CW 276532,Supervisión técnica,Almenaras y obras anexas,Almenara 2 pórtico de manejo de compuertas de aspiración vigas EL 210.700 planos taller,Si,CYS-CW276532-PHI-01471,No,,
4133a4e4,08/05/2025,CYS,Contrato CW 276532,Supervisión de seguridad y salud en el trabajo,Sin Frente,Presentación hoja de vida personal SST,Si,CYS-CW276532-PHI-01472,No,5/18/2025,INT-OC-CYS-899/25
904c5b40,08/05/2025,CYS,Contrato CW 276532,Supervisión de riesgos,Sin Frente,Informe mensual de la gestión de riesgos marzo 2025,Si,CYS-CW276532-PHI-01483,No,5/12/2025,INT-OC-CYS-856/25
bd7ef9a9,08/05/2025,CYS,Contrato CW 276532,Supervisión socioambiental,Sin Frente,Inadecuado uso del sistema de carpado en volquetas que transportan agregados,Si,CYS-CW276532-PHI-01484,No,5/12/2025,INT-OC-CYS-857/25
e9b1566a,08/05/2025,CYS,Contrato CW 276532,Supervisión técnica,Almenaras y obras anexas,Pórtico de manejo de compuertas de aspiración platinas tipo 2 y tipo 3 planos taller,Si,CYS-CW276532-PHI-01485,No,5/11/2025,INT-OC-CYS-840/25
27d30e3e,08/05/2025,CYS,Contrato CW 276532,Supervisión técnica,Conducciones zona sur,Zona sur conducción superior perforación de drenaje,Si,CYS-CW276532-PHI-01486,No,5/14/2025,INT-OC-CYS-873/25
1f5092ac,08/05/2025,CYS,Contrato CW 276532,Supervisión contractual,Temas administrativos del contrato,"Personal de dirección, administración y supervisión.",No,,No,5/8/2025,INT-OC-CYS-812/25
305206dd,08/05/2025,CYS,Contrato CW 276532,Supervisión técnica,Almenaras y obras anexas,Pórtico de manejo de compuertas de aspiración rejas y embebidos planos de taller,Si,CYS-CW276532-PHI-01473,Si,5/13/2025,INT-OC-CYS-861/25
4739870f,08/05/2025,CYS,Contrato CW 276532,Supervisión de seguridad y salud en el trabajo,Sin Frente,Presentación hoja de vida personal SST,Si,CYS-CW276532-PHI-01474,No,5/18/2025,INT-OC-CYS-903/25
843fb309,08/05/2025,CYS,Contrato CW 276532,Supervisión técnica,Almenaras y obras anexas,Pórtico manejo de compuertas de aspiración platina tipo 4-5,Si,CYS-CW276532-PHI-01475,No,5/15/2025,INT-OC-CYS-884/25
93276515,09/05/2025,CYS,Contrato CW 276532,Supervisión técnica,Conducciones zona sur,Conducción superior - Ramales 5 y 6 - Platina para fijación de pernos,Si,CYS-CW276532-PHI-01216,No,5/10/2025,INT-OC-CYS-837/25
91f2603f,09/05/2025,CYS,Contrato CW 276532,Supervisión de seguridad y salud en el trabajo,Sin Frente,Entrega ayuda de memoria reunión No.10 – Recorridos de seguridad.,No,,Si,5/10/2025,INT-OC-CYS-830/25
515b5ee8,09/05/2025,CYS,Contrato CW 276532,Supervisión de control de laboratorio ensayos de calidad,Sin Frente,Liberación planta de 100 m³/h,No,,No,5/10/2025,INT-OC-CYS-831/25
3b0ff18d,09/05/2025,CYS,Contrato CW 276532,Supervisión de seguridad y salud en el trabajo,Sin Frente,Reiteración solicitud atención desviaciones  en equipos vehículos y maquinaria activa,Si,CYS-CW276532-PHI-01476,No,5/24/2025,INT-OC-CYS-961/25
de6070ab,09/05/2025,CYS,Contrato CW 276532,Supervisión técnica,Sin Frente,Planos Túnel de descarga 4 galería auxiliar de desviación galería de construcción 1 tapones 6 y 14,Si,D-PHI-COP-0245-2025,No,5/12/2025,INT-OC-CYS-853/25
0811ea5f,09/05/2025,CYS,Contrato CW 276532,Supervisión técnica,Sin Frente,Túneles de descarga 3y4,Si,D-PHI-COP-0246-2025,No,,
ea5adaa0,09/05/2025,CYS,Contrato CW 276532,Supervisión socioambiental,Sin Frente,Solicitud-liquidacion-Contrato-Serviminas,Si,SUB-CYS-0005-2025,No,,
60c57271,09/05/2025,CYS,Contrato CW 276532,Supervisión de seguridad y salud en el trabajo,Túnel de acceso y galerías de construcción de la central,Condiciones subestándar durante actividades de instalación de perfiles,No,,No,5/11/2025,INT-OC-CYS-844/25
8a4fa43b,09/05/2025,CYS,Contrato CW 276532,Supervisión técnica,Túnel de acceso y galerías de construcción de la central,Galería de construcción inferior sur ramales de acceso a los codos inferiores de las conducciones 7 y 8,Si,D-PHI-COP-0247-2025,No,5/14/2025,INT-OC-CYS-864/25
872d2aa0,09/05/2025,CYS,Contrato CW 276532,Supervisión técnica,Casa de máquinas y obras anexas,Estado de cumplimiento hito 2,No,,No,5/10/2025,INT-OC-CYS-839/25
566583c5,10/05/2025,CYS,Contrato CW 276532,Supervisión técnica,Almenaras y obras anexas,Almenara 2 - Inactividad,No,,Si,5/12/2025,INT-OC-CYS-846/25
331b49be,10/05/2025,CYS,Contrato CW 276532,Supervisión técnica,Casa de máquinas y obras anexas,Remoción de material en unidad 7 para cumplimiento de hito 2,No,,No,5/10/2025,INT-OC-CYS-828/25
3e72eafd,10/05/2025,CYS,Contrato CW 276532,Supervisión técnica,Sin Frente,Sistemas de evacuación de ARN  inadecuados,No,,No,5/11/2025,INT-OC-CYS-842/25
c4915023,10/05/2025,CYS,Contrato CW 276532,Supervisión de seguridad y salud en el trabajo,Almenaras y obras anexas,Actos y condiciones subestándar durante actividades de mantenimiento de maquinaria.,No,,No,5/12/2025,INT-OC-CYS-849/25
2a56d2d0,10/05/2025,CYS,Contrato CW 276532,Supervisión de seguridad y salud en el trabajo,Sin Frente,Entrega ayuda de memoria reunión No.11- Recorrido de seguridad con líderes,No,,Si,5/11/2025,INT-OC-CYS-843/25
f7fa4c26,10/05/2025,CYS,Contrato CW 276532,Supervisión técnica,Almenaras y obras anexas,Concepto de estabilidad de la recuperación de la caverna de Almenara 2,Si,D-PHI-COP-0237-2025,No,,
87f3afed,10/05/2025,CYS,Contrato CW 276532,Supervisión técnica,Sin Frente,Sistema caudal remanente SQR,Si,D-PHI-COP-0249-2025,No,5/15/2025,INT-OC-CYS-875/25
b957aac8,10/05/2025,CYS,Contrato CW 276532,Supervisión técnica,Sin Frente,Informe de seguimiento de la instrumentación entre 1 y el 30 de abril de 2025,Si,D-PHI-COP-0250-2025,No,,
0b29c168,10/05/2025,CYS,Contrato CW 276532,Supervisión técnica,Almenaras y obras anexas,Concepto de estabilización de la recuperación de la caverna  de Almenara 2,Si,D-PHI-COP-0251-2025,No,,
4612ce36,10/05/2025,CYS,Contrato CW 276532,Supervisión técnica,Casa de máquinas y obras anexas,Restitución tensores tipo C afectados casa de maquinas hastial aguas arriba,Si,D-PHI-COP-0253-2025,No,,
2652a84b,10/05/2025,CYS,Contrato CW 276532,Supervisión técnica,Casa de máquinas y obras anexas,"Sala de montajes - Daño en equipo de EPM por lavado de losa EL.217,50",No,,Si,5/23/2025,INT-OC-CYS-952/25
54e0455a,10/05/2025,CYS,Contrato CW 276532,Supervisión técnica,Túnel de acceso y galerías de construcción de la central,Acceso hacia Almenara 2 - Inactividad - Bajos rendimientos,No,,No,5/13/2025,INT-OC-CYS-859/25
a4c9676e,12/05/2025,CYS,Contrato CW 276532,Supervisión de seguridad y salud en el trabajo,Sin Frente,Hallazgos sin atención inspección conjunta  No 56,Si,CYS-CW276532-PHI-01487,No,5/30/2025,INT-OC-CYS-1002/25
12ca58b6,12/05/2025,CYS,Contrato CW 276532,Supervisión de gestión documental y calidad,Sin Frente,Hallazgos sin atención inspección conjunta No 52 y 53,Si,CYS-CW276532-PHI-01488,No,5/30/2025,INT-OC-CYS-1011/25
49143517,12/05/2025,CYS,Contrato CW 276532,Supervisión de seguridad y salud en el trabajo,Sin Frente,Condiciones evidenciadas durante preparación de mezcla en equipo Robot Jet,Si,CYS-CW276532-PHI-01489,No,5/26/2025,INT-OC-CYS-977/25
9b146ba7,12/05/2025,CYS,Contrato CW 276532,Supervisión técnica,Sin Frente,Entrega registros diarios de excavaciones subterráneas,Si,CYS-CW276532-PHI-01490,No,,
14e7391a,12/05/2025,CYS,Contrato CW 276532,Supervisión socioambiental,Sin Frente,Seguimiento PQRS,Si,CYS-CW276532-PHI-01491,No,5/16/2025,INT-OC-CYS-885/25
a35b882b,12/05/2025,CYS,Contrato CW 276532,Supervisión socioambiental,Sin Frente,Instalaciones provisionales obras finales cierre de inspección conjunta GI-AM-02-25,Si,CYS-CW276532-PHI-01492,No,5/14/2025,INT-OC-CYS-872/25
86b5ace8,12/05/2025,CYS,Contrato CW 276532,Supervisión técnica,Casa de máquinas y obras anexas,Planos de taller muros de confinamiento,Si,CYS-CW276532-PHI-01493,No,7/4/2025,INT-OC-CYS-1283/25
99c374d7,12/05/2025,CYS,Contrato CW 276532,Supervisión contractual,Casa de máquinas y obras anexas,AMB 7 Modificación plazo del hito 2 del contrato,Si,CYS-CW276532-PHI-01496,No,5/30/2025,INT-OC-CYS-1017/25
5ddf9f87,12/05/2025,CYS,Contrato CW 276532,Supervisión técnica,Casa de máquinas y obras anexas,"Inspección visual de acoples mecánicos para refuerzos de losa N 199,00 msnm incorporados en concretos del muero en hastial aguas abajo de la unidad 8 entre abscisas 221,75 y 228,00",Si,D-PHI-COP-0248-2025,No,5/16/2025,INT-OC-CYS-891/25
e81a7591,12/05/2025,CYS,Contrato CW 276532,Supervisión técnica,Casa de máquinas y obras anexas,Informe de inspección a tramo expuesto de muro aguas abajo sobre tubo de aspiración de la unidad 8,Si,D-PHI-COP-0255-2025,No,,
9c7a5d3c,12/05/2025,CYS,Contrato CW 276532,Supervisión técnica,Túneles de aspiración,Revisión planos de concreto y acero de refuerzo,Si,D-PHI-COP-0256-2025,No,5/14/2025,INT-OC-CYS-868/25
71113d16,12/05/2025,CYS,Contrato CW 276532,Supervisión técnica,Sin Frente,Limpieza tanque recolector de infiltraciones GIYD 380MD,Si,NC-112-25,No,,
15492692,12/05/2025,CYS,Contrato CW 276532,Supervisión de seguridad y salud en el trabajo,Sin Frente,Hallazgos sin atención inspección conjunta Nro. 59.,No,,Si,5/14/2025,INT-OC-CYS-865/25
8241f0c7,12/05/2025,CYS,Contrato CW 276532,Supervisión técnica,Sin Frente,Histograma de concretos 2025,Si,CYS-CW276532-PHI-01500,No,6/16/2025,INT-OC-CYS-1142/25
9fa0c47f,12/05/2025,CYS,Contrato CW 276532,Supervisión de seguridad y salud en el trabajo,Sin Frente,Presentación hoja de vida personal SST,Si,CYS-CW276532-PHI-01498,No,5/18/2025,INT-OC-CYS-901/25
da7597a7,12/05/2025,CYS,Contrato CW 276532,Supervisión de seguridad y salud en el trabajo,Sin Frente,Transporte de mercancías peligrosas - Líquidos inflamables (Clase 3),Si,CYS-CW276532-PHI-01499,No,5/30/2025,INT-OC-CYS-1006/25
e03a1afb,12/05/2025,CYS,Contrato CW 276532,Supervisión técnica,Casa de máquinas y obras anexas,Instalación de celda de carga en el tensor 83c,Si,NC-111-25,No,,
bea3ab15,12/05/2025,CYS,Contrato CW 276532,Supervisión técnica,Sin Frente,Entrega ayuda de memoria -Reunión seguimiento a inyecciones y perforaciones de aglutinamiento zona sur,No,,Si,5/13/2025,INT-OC-CYS-863/25
e13b093f,13/05/2025,CYS,Contrato CW 276532,Supervisión técnica,Presa y obras anexas,Galería de Inyección y Drenaje 380 Margen Derecha - Limpieza,No,,Si,5/14/2025,INT-OC-CYS-866/25
fec9a74b,13/05/2025,CYS,Contrato CW 276532,Supervisión técnica,Casa de máquinas y obras anexas,Restitución tensores tipo C e instalación de celda de carga,No,,Si,5/14/2025,INT-OC-CYS-867/25
cc63167e,13/05/2025,CYS,Contrato CW 276532,Supervisión técnica,Almenaras y obras anexas,Platinas tipo 4 y tipo 5 - Materiales sustitutos,Si,CYS-CW276532-PHI-01494,No,,
3b04d8ed,13/05/2025,CYS,Contrato CW 276532,Supervisión técnica,Almenaras y obras anexas,Pórtico de manejo de compuertas Almenara 2 - Consultas tuberías de proceso,Si,CYS-CW276532-PHI-01495,No,5/23/2025,INT-OC-CYS-949/25
102fe6c3,13/05/2025,CYS,Contrato CW 276532,Supervisión técnica,Consolidación y conglomeración macizo perturbado zona sur,Entrega chequeo de desviaciones de perforaciones,Si,CYS-CW276532-PHI-01501,No,5/27/2025,INT-OC-CYS-991/25
f8fd770c,13/05/2025,CYS,Contrato CW 276532,Supervisión socioambiental,Sin Frente,Estado de documentación laboral del personal extranjero,Si,CYS-CW276532-PHI-01503,No,5/17/2025,INT-OC-CYS-892/25
475e11df,14/05/2025,CYS,Contrato CW 276532,Supervisión de control de laboratorio ensayos de calidad,Sin Frente,Certificado de materiales del 15 al 30 de abril de 2025,Si,CYS-CW276532-PHI-01506,No,5/20/2025,INT-OC-CYS-915/25
23ad54fd,14/05/2025,CYS,Contrato CW 276532,Supervisión de control de laboratorio ensayos de calidad,Sin Frente,Aseguramiento de la calidad - Plan metrológico y certificados de calibración de los equipos de obras,Si,CYS-CW276532-PHI-01505,No,5/25/2025,INT-OC-CYS-968/25
490a8e56,14/05/2025,CYS,Contrato CW 276532,Supervisión técnica,Casa de máquinas y obras anexas,Documentación elemtos metálicos procesos de soldadura,No,,No,5/15/2025,INT-OC-CYS-876/25
6b537bcc,14/05/2025,CYS,Contrato CW 276532,Supervisión de seguridad y salud en el trabajo,Casa de máquinas y obras anexas,Hallazgos pendiente por atención inspecciones conjuntas Nros. 60 y 61,No,,Si,5/15/2025,INT-OC-CYS-883/25
b74703c3,14/05/2025,CYS,Contrato CW 276532,Supervisión técnica,Casa de máquinas y obras anexas,Plano de taller - Pedestales de apoyo - Tubo de aspiración,Si,CYS-CW276532-PHI-01510-,No,6/19/2025,INT-OC-CYS-1169/25
3d704ce6,14/05/2025,CYS,Contrato CW 276532,Supervisión socioambiental,Zonas de deposito obras finales,Clasificación y entrega de residuos ferrosos,Si,CYS-CW276532-PHI-01508,No,5/23/2025,INT-OC-CYS-946/25
e04a497c,14/05/2025,CYS,Contrato CW 276532,Supervisión de control de laboratorio ensayos de calidad,Sin Frente,Plan de calibracion y verificación planta Janeoo,Si,CYS-CW276532-PHI-01507,No,5/21/2025,INT-OC-CYS-923/25
27228269,14/05/2025,CYS,Contrato CW 276532,Supervisión técnica,Conducciones zona sur,Conducción superior ramal 6 galería 320 sistema de drenaje,Si,CYS-CW276532-PHI-01509,No,5/26/2025,INT-OC-CYS-974/25
696c7d75,14/05/2025,CYS,Contrato CW 276532,Supervisión técnica,Almenaras y obras anexas,Pórtico de manejo de compuertas de aspiración - Tubería para la sonda de medición para presión de compuertas,Si,CYS-CW276532-PHI-01511,No,5/23/2025,INT-OC-CYS-950/25
9a0148a9,14/05/2025,CYS,Contrato CW 276532,Supervisión técnica,Casa de máquinas y obras anexas,Planos de taller - Puntales de transferencia - Muro aguas arriba,Si,CYS-CW276532-PHI-01512,No,,
afd0a2b2,14/05/2025,CYS,Contrato CW 276532,Supervisión de seguridad y salud en el trabajo,Sin Frente,Presentación hojas de vida personal ambulancia medicalizada,Si,CYS-CW276532-PHI-01513,No,5/18/2025,INT-OC-CYS-902/25
5aae149f,14/05/2025,CYS,Contrato CW 276532,Supervisión de gestión documental y calidad,Sin Frente,Hoja de vida - Auditor de calidad,Si,CYS-CW276532-PHI-01366,No,5/16/2025,INT-OC-CYS-886/25
a50665eb,14/05/2025,CYS,Contrato CW 276532,Supervisión técnica,Sin Frente,Entrega actas de comité de obra Nos.067-068,No,,Si,5/15/2025,INT-OC-CYS-882/25
378d969c,15/05/2025,CYS,Contrato CW 276532,Supervisión de seguridad y salud en el trabajo,Sin Frente,Condiciones y acciones subestándar en trabajos en alturas,No,,No,5/16/2025,INT-OC-CYS-890/25
36b3bcdb,15/05/2025,CYS,Contrato CW 276532,Supervisión técnica,Casa de máquinas y obras anexas,"Informe de inspección a las losas El. 199,00 y El. 199,86 parcialmente expuestas de las unidades 5 y 6",Si,D-PHI-COP-0259-2025,No,5/18/2025,INT-OC-CYS-896/25
cd0995f4,15/05/2025,CYS,Contrato CW 276532,Supervisión técnica,Casa de máquinas y obras anexas,Plan de ensayos a materiales de estructuras remanentes expuestas hasta la fecha.,Si,D-PHI-COP-0260-2025,No,,
db1fc0da,15/05/2025,CYS,Contrato CW 276532,Supervisión técnica,Casa de máquinas y obras anexas,"Demolición de columnas de apoyo de la losa N. 199,00 entre unidades 7 y 8",Si,NC-113-25,No,5/18/2025,INT-OC-CYS-897/25
d6a53d04,15/05/2025,CYS,Contrato CW 276532,Supervisión de seguridad y salud en el trabajo,Sin Frente,Plan estratégicos de seguridad vial (PESV),Si,CYS-CW276532-PHI-01504,No,5/22/2025,INT-OC-CYS-936/25
1e7f875c,15/05/2025,CYS,Contrato CW 276532,Supervisión de seguridad y salud en el trabajo,Sin Frente,Informe de gestión mensual SST abril 2025,Si,CYS-CW276532-PHI-01497,No,6/3/2025,INT-OC-CYS-1028/25
085d6009,15/05/2025,CYS,Contrato CW 276532,Supervisión técnica,Galerías de acceso y construcción sistema de conducción,Galería D Sur acceso a conducciones superiores - Control de calidad contenido de fibra en concreto lanzado,No,,No,5/20/2025,INT-OC-CYS-913/25
fec64124,15/05/2025,CYS,Contrato CW 276532,Supervisión de seguridad y salud en el trabajo,Sin Frente,Galería D Sur - Ramal 5 - Condiciones subestándar,Si,CYS-CW276532-PHI-01514,No,6/6/2025,INT-OC-CYS-1062/25
e906b01b,15/05/2025,CYS,Contrato CW 276532,Supervisión de seguridad y salud en el trabajo,Sin Frente,Presentación hoja de vida personal HSE,Si,CYS-CW276532-PHI-01515,No,5/30/2025,INT-OC-CYS-1005/25
b54a0561,15/05/2025,CYS,Contrato CW 276532,Supervisión técnica,Casa de máquinas y obras anexas,Planos de taller - Anclajes activos a la roca muro aguas abajo,Si,CYS-CW276532-PHI-01516,No,,
a91e137a,15/05/2025,CYS,Contrato CW 276532,Supervisión técnica,Casa de máquinas y obras anexas,Planos de taller - Anclajes BAL 8 - Muro aguas arriba,Si,CYS-CW276532-PHI-01517,No,,
734bf55f,15/05/2025,CYS,Contrato CW 276532,Supervisión de seguridad y salud en el trabajo,Sin Frente,Hallazgos inspecciones de vehículos y maquinarias,Si,CYS-CW276532-PHI-01519,No,5/30/2025,INT-OC-CYS-1007/25
6e2cfc13,15/05/2025,CYS,Contrato CW 276532,Supervisión de seguridad física,Sin Frente,Observaciones simulación evento de riesgo público,Si,CYS-CW276532-PHI-01520,No,5/20/2025,INT-OC-CYS-908/25
b32e642e,15/05/2025,CYS,Contrato CW 276532,Supervisión técnica,Almenaras y obras anexas,Pórtico de manejo de compuertas de aspiración - Solicitud de especificación NEGC 413 de soldadura.,Si,CYS-CW276532-PHI-01521,Si,5/18/2025,INT-OC-CYS-895/25
04d0613e,15/05/2025,CYS,Contrato CW 276532,Supervisión de control de laboratorio ensayos de calidad,Sin Frente,Ensayos de calidad base granular El Valle,Si,CYS-CW276532-PHI-01522,No,,
c9a45e82,16/05/2025,CYS,Contrato CW 276532,Supervisión técnica,Conducciones zona sur,Simultaneidad de trabajos en la Galería D Sur,No,,No,5/18/2025,INT-OC-CYS-898/25
f6431f70,16/05/2025,CYS,Contrato CW 276532,Supervisión de costos,Sin Frente,Ejecución de obras extras - Formalización de APU conciliados,Si,CYS-CW276532-PHI-01529,No,,
a8f650a6,17/05/2025,CYS,Contrato CW 276532,Supervisión técnica,Conducciones zona sur,Inyecciones de consolidación en los ramales superiores 5 a 8,Si,D-PHI-COP-0261-2025,No,5/22/2025,INT-OC-CYS-934/25
0b396caf,17/05/2025,CYS,Contrato CW 276532,Supervisión técnica,Estabilidad helipuerto villa luz,"Relocalización puntos de control superficial PCS-HLP-20, PCS-HLP-21 y PCS-HLP-23",Si,NC-114-25,No,5/20/2025,INT-OC-CYS-907/25
53bc088c,17/05/2025,CYS,Contrato CW 276532,Supervisión técnica,Almenaras y obras anexas,Oficialización IC-099-2025. Pernos localizados machón entre ASP5 y ASP6,Si,NC-115-25,No,5/20/2025,INT-OC-CYS-918/25
f2a70c50,17/05/2025,CYS,Contrato CW 276532,Supervisión técnica,Conducciones zona sur,Oficialización IC-100-2025. Soporte geotécnico conducción superior 5,Si,NC-116-25,No,5/18/2025,INT-OC-CYS-894/25
d6b88579,17/05/2025,CYS,Contrato CW 276532,Supervisión técnica,Casa de máquinas y obras anexas,Planos de taller - Anclajes BAL 8 - Muro aguas abajo,Si,CYS-CW276532-PHI-01518,No,7/20/2025,INT-OC-CYS-1387/25
b618e1b0,17/05/2025,CYS,Contrato CW 276532,Supervisión técnica,Casa de máquinas y obras anexas,Planos de taller - Anclaje activos a la roca - Muro aguas arriba,Si,CYS-CW276532-PHI-01523,No,7/20/2025,INT-OC-CYS-1386/25
bc240a73,17/05/2025,CYS,Contrato CW 276532,Supervisión técnica,Túneles de aspiración,Ramificación de drenaje de 12 a 2 - Definición tipos de conexión de tubería,Si,CYS-CW276532-PHI-01524,No,5/20/2025,INT-OC-CYS-909/25
522d5d2c,17/05/2025,CYS,Contrato CW 276532,Supervisión técnica,Almenaras y obras anexas,Pórtico de manejo de compuertas de aspiración - Aclaraciones línea BDI-TS-ALM-14 -SS-01 descarga de las bombas del foso de recolección de drenaje e infiltraciones,Si,CYS-CW276532-PHI-01525,No,5/23/2025,INT-OC-CYS-951/25
267816b7,17/05/2025,CYS,Contrato CW 276532,Supervisión técnica,Casa de máquinas y obras anexas,Instalación en campo de extensómetros para los sectores de Casa de Máquinas y Almenara,Si,CYS-CW276532-PHI-01526,No,5/27/2025,INT-OC-CYS-990/25
586b55fc,17/05/2025,CYS,Contrato CW 276532,Supervisión técnica,Casa de máquinas y obras anexas,Fosos de infiltración - Refuerzo - Planos de despiece,Si,CYS-CW276532-PHI-01527,No,8/6/2025,INT-OC-CYS-1550/25
e047f36c,17/05/2025,CYS,Contrato CW 276532,Supervisión técnica,Sin Frente,Informe técnico mensual marzo de 2025,Si,CYS-CW276532-PHI-01528,No,5/21/2025,INT-OC-CYS-928/25
1279a964,17/05/2025,CYS,Contrato CW 276532,Supervisión de seguridad y salud en el trabajo,Casa de máquinas y obras anexas,Condiciones subestándar en actividades de instalación de viga riel,Si,CYS-CW276532-PHI-01530,No,6/7/2025,INT-OC-CYS-1071/25
612f036c,18/05/2025,CYS,Contrato CW 276532,Supervisión de seguridad y salud en el trabajo,Sin Frente,Condición subestándar - Inspeccion anual equipos de protección contra caídas.,No,,No,5/20/2025,INT-OC-CYS-914/25
65727ac3,17/05/2025,CYS,Contrato CW 276532,Supervisión técnica,Casa de máquinas y obras anexas,Ejecución prueba de ponchado en barras de acero – Acoples Barsplice,No,,No,5/20/2025,INT-OC-CYS-910/25
c64441a8,18/05/2025,CYS,Contrato CW 276532,Supervisión técnica,Descarga intermedia,Construcción tapa losa sobre micropilotes,No,NC-119,No,5/22/2025,INT-OC-CYS-933/25
f0227d51,19/05/2025,CYS,Contrato CW 276532,Supervisión técnica,Casa de máquinas y obras anexas,Pruebas de carga realizadas al puente grúa provisional,No,,No,5/21/2025,INT-OC-CYS-919/25
8fda646e,19/05/2025,CYS,Contrato CW 276532,Supervisión técnica,Sin Frente,Aplazo despacho concreto para obras subterráneas,No,,No,5/23/2025,INT-OC-CYS-944/25
dc957f9f,19/05/2025,CYS,Contrato CW 276532,Supervisión técnica,Sin Frente,Registro de logueo perforación,Si,CYS-CW276532-PHI-01531,No,6/1/2025,INT-OC-CYS-1021/25
3ca13e72,19/05/2025,CYS,Contrato CW 276532,Supervisión contractual,Sin Frente,Personal de dirección administración y supervisión,Si,CYS-CW276532-PHI-01532,No,,
959fb579,19/05/2025,CYS,Contrato CW 276532,Supervisión técnica,Almenaras y obras anexas,"Pórtico de manejo de compuertas de aspiración - Válvulas de aireación 12 ""Nivel  233,186"" Información de conexión con válvulas de aireación",Si,CYS-CW276532-PHI-01533,No,5/20/2025,INT-OC-CYS-911/25
b241b3a8,19/05/2025,CYS,Contrato CW 276532,Supervisión técnica,Conducciones zona sur,Toma de higrometrías en ramales de conducción superior.,Si,CYS-CW276532-PHI-01534,No,8/12/2025,INT-OC-CYS-1597/25
6b2c0b61,19/05/2025,CYS,Contrato CW 276532,Supervisión socioambiental,Instalaciones provisionales obras finales,Culminación instalaciones provisionales,Si,CYS-CW276532-PHI-01535,No,5/27/2025,INT-OC-CYS-983/25
b1b2bcee,19/05/2025,CYS,Contrato CW 276532,Supervisión técnica,Conducciones zona sur,Remisión de control de cambios FE-2194 - Recuperación zona sur - AGS R0-Aglutinamiento - Zona Superior,Si,D-PHI-CCE-ADM-1-C6700,No,,
323da76c,19/05/2025,CYS,Contrato CW 276532,Supervisión técnica,Descarga intermedia,Longitud en roca de anclas tipo BAL 8 para nueva etapa - Losa sobre micropilotes en el túnel de descarga intermedia,Si,NC-119-25,No,,
643061b5,19/05/2025,CYS,Contrato CW 276532,Supervisión técnica,Casa de máquinas y obras anexas,"Restitución de tensores tipo C afectados, Casa de Máquinas Hastial Aguas Arriba",Si,D-PHI-COP-0266-2025,No,5/23/2025,INT-OC-CYS-942/25
02b00e56,19/05/2025,CYS,Contrato CW 276532,Supervisión técnica,Presa y obras anexas,Cuadrillas de mantenimiento,No,,No,5/22/2025,INT-OC-CYS-932/25
75edbdaa,19/05/2025,CYS,Contrato CW 276532,Supervisión técnica,Conducciones zona sur,Simultaneidad de trabajos en los ramales de la Galería de Construcción Inferior Sur.,No,,No,5/22/2025,INT-OC-CYS-931/25
c5646008,19/05/2025,CYS,Contrato CW 276532,Supervisión de costos,Sin Frente,Radicación oportuna actas de obra mensual abril de 2025,No,,Si,5/19/2025,INT-OC-CYS-906/25
0d6544c6,19/05/2025,CYS,Contrato CW 276532,Supervisión técnica,Túnel de acceso y galerías de construcción de la central,Galería inferior al pozo de evacuación de humos – Registro inactividades durante rehabilitación.,No,,No,5/23/2025,INT-OC-CYS-943/25
61f395c7,19/05/2025,CYS,Contrato CW 276532,Supervisión técnica,Conducciones zona sur,Solicitud de informe de desviación de perforación de drenaje P-DR-CND8-02,No,,No,5/22/2025,INT-OC-CYS-930/25
e8c705e3,19/05/2025,CYS,Contrato CW 276532,Supervisión técnica,Descarga intermedia,Tapa losa sobre micropilotes - Seguimiento y control de las actividades según programa.,No,,No,5/23/2025,INT-OC-CYS-941/25
87dbafb0,19/05/2025,CYS,Contrato CW 276532,Supervisión de seguridad y salud en el trabajo,Galerías y pozos de compuertas,Solicitud de investigación de incidente con alto potencial – Equipo Robojet RB-01-YR,No,,No,5/20/2025,INT-OC-CYS-917/25
3e53209c,19/05/2025,CYS,Contrato CW 276532,Supervisión de mantenimiento vial,Vía San Andrés de Cuerquia - Valle de Toledo,Perdida de banca sector San Andrés de Cuerquia en el km 0+200,Si,CYS-CW276532-PHI-01021,No,5/20/2025,INT-OC-CYS-916/25
bbf1fb3c,19/05/2025,CYS,Contrato CW 276532,Supervisión de seguridad y salud en el trabajo,Casa de máquinas y obras anexas,Condiciones subestándar - Actividades simultaneas.,No,,No,5/21/2025,INT-OC-CYS-920/25
65c863f6,19/05/2025,CYS,Contrato CW 276532,Supervisión técnica,Túnel de acceso y galerías de construcción de la central,Acceso hacia Almenara 2 – Inactividades,No,,No,5/23/2025,INT-OC-CYS-940/25
712b9dce,19/05/2025,CYS,Contrato CW 276532,Supervisión técnica,Casa de máquinas y obras anexas,Falta de operador para lanzados liberados,No,,No,5/23/2025,INT-OC-CYS-938/25
8ea8d372,20/05/2025,CYS,Contrato CW 276532,Supervisión técnica,Obras en las descargas,Túnel de descarga 3 - Inactividad,No,,No,5/23/2025,INT-OC-CYS-939/25
ad4149bd,20/05/2025,CYS,Contrato CW 276532,Supervisión de seguridad y salud en el trabajo,Sin Frente,Solicitud información investigación accidente laboral Yesid Eliécer Garnica Otero CC. 1038107954.,No,,No,5/24/2025,INT-OC-CYS-962/25
40f6d059,20/05/2025,CYS,Contrato CW 276532,Supervisión de control de laboratorio ensayos de calidad,Sin Frente,Aprobación de diseño mezcla FL-334,Si,CYS-CW276532-PHI-01536,No,5/21/2025,INT-OC-CYS-929/25
e1c8191c,20/05/2025,CYS,Contrato CW 276532,Supervisión de seguridad y salud en el trabajo,Sin Frente,Solicitud información investigación accidente laboral Alexander Gaviria Martinez CC. 1.068.815.544.,No,,No,5/24/2025,INT-OC-CYS-963/25
854ba0b0,20/05/2025,CYS,Contrato CW 276532,Supervisión de control de laboratorio ensayos de calidad,Sin Frente,Aprobación de diseño mezcla FL-300,Si,CYS-CW276532-PHI-01537,No,5/21/2025,INT-OC-CYS-926/25
a291ac72,20/05/2025,CYS,Contrato CW 276532,Supervisión técnica,Presa y obras anexas,Registro de logueo perforación - Sector Capitanes,Si,CYS-CW276532-PHI-01538,No,6/7/2025,INT-OC-CYS-1072/25
e04387df,20/05/2025,CYS,Contrato CW 276532,Supervisión técnica,Conducciones zona sur,Aglutinamiento inicial recuperación pozo de presión 5 a 8,Si,D-PHI-COP-0269-2025,No,5/23/2025,INT-OC-CYS-937/25
f83f407f,20/05/2025,CYS,Contrato CW 276532,Supervisión técnica,Obras en las descargas,Túnel de descarga 4 - Medidas de saneamiento y rehabilitación,Si,D-PHI-COP-0270-2025,No,5/21/2025,INT-OC-CYS-924/25
770d7f84,20/05/2025,CYS,Contrato CW 276532,Supervisión técnica,Casa de máquinas y obras anexas,Informe técnico IMOCOM puente grúa birriel 25 t,Si,CYS-CW276532-PHI-01539,No,5/30/2025,INT-OC-CYS-994/25
084f51dd,20/05/2025,CYS,Contrato CW 276532,Supervisión técnica,Obras en las descargas,Solera para descargar 3 - Secuencia de losas a medio carril,Si,CYS-CW276532-PHI-01540,No,5/27/2025,INT-OC-CYS-989/25
1525260e,20/05/2025,CYS,Contrato CW 276532,Supervisión técnica,Consolidación y conglomeración macizo perturbado zona sur,Control de parámetros durante la producción de lechada LE-118,No,,No,,
e6ab07d6,20/05/2025,CYS,Contrato CW 276532,Supervisión técnica,Casa de máquinas y obras anexas,Requerimiento de levantamiento topográfico de la zona sur de Casa de Máquinas,Si,D-PHI-COP-0271-2025,No,12/21/2025,INT-OC-CYS-2816/25
fad38496,20/05/2025,CYS,Contrato CW 276532,Supervisión técnica,Casa de máquinas y obras anexas,"Informe de inspección a la losa EL. 193,00 m.sn.m parcialmente expuesta entre ejes 33 y 37 aproximadamente, costado aguas arriba de la zona sur de Casa de Máquinas.",Si,D-PHI-COP-0272-2025,No,5/27/2025,INT-OC-CYS-981/25
1e3c1ca0,20/05/2025,CYS,Contrato CW 276532,Supervisión técnica,Sin Frente,Entrega ayuda de memoria -reunión revisión planos de taller acero de refuerzo.,No,,Si,5/21/2025,INT-OC-CYS-927/25
fd9247c8,21/05/2025,CYS,Contrato CW 276532,Supervisión técnica,Presa y obras anexas,Actualización perfil geológico en medidor de infiltraciones,Si,D-PHI-COP-0274-2025,No,5/25/2025,INT-OC-CYS-969/25
12aec18e,21/05/2025,CYS,Contrato CW 276532,Supervisión técnica,Almenaras y obras anexas,Pórtico de manejo de compuertas de aspiración – Embebidos – Planos de taller platinas tipo 4 y 5.,Si,D-PHI-COP-0273-2025,No,5/24/2025,INT-OC-CYS-965/25
3c885aeb,21/05/2025,CYS,Contrato CW 276532,Supervisión técnica,Almenaras y obras anexas,Viga inferior El. 192.20 - Planos y cartilla de refuerzo,Si,CYS-CW276532-PHI-01541,No,7/18/2025,INT-OC-CYS-1369/25
eaa8aac2,21/05/2025,CYS,Contrato CW 276532,Supervisión de control de laboratorio ensayos de calidad,Sin Frente,Diseños de mezclas para concretos estructurales,Si,CYS-CW276532-PHI-01542,No,6/4/2025,INT-OC-CYS-1036/25
88055663,21/05/2025,CYS,Contrato CW 276532,Supervisión técnica,Casa de máquinas y obras anexas,Actividades remanentes de colocación de soporte,Si,CYS-CW276532-PHI-01545,Si,8/8/2025,INT-OC-CYS-1561/25
9bf87339,21/05/2025,CYS,Contrato CW 276532,Supervisión socioambiental,Sin Frente,Atención observaciones informe semestral de cumplimiento ambiental ICA semestre II - 2024,Si,CYS-CW276532-PHI-01546,No,5/23/2025,INT-OC-CYS-955/25
f0e507a7,21/05/2025,CYS,Contrato CW 276532,Supervisión técnica,Casa de máquinas y obras anexas,Uso de acoples mecánicos barsplice,Si,CYS-CW276532-PHI-01544,No,6/28/2025,INT-OC-CYS-1222/25
7a396908,21/05/2025,CYS,Contrato CW 276532,Supervisión socioambiental,Sin Frente,Observaciones platina de caracterización de área de reubicación de flora epífita rescatada,Si,CYS-CW276532-PHI-01548,No,6/1/2025,INT-OC-CYS-1020/25
5a3f2bea,21/05/2025,CYS,Contrato CW 276532,Supervisión de seguridad y salud en el trabajo,Casa de máquinas y obras anexas,Entrega ayuda de memoria reunión No.12 – Recorridos de seguridad.,No,,Si,5/22/2025,INT-OC-CYS-935/25
9b214e3c,21/05/2025,CYS,Contrato CW 276532,Supervisión de seguridad y salud en el trabajo,Conducciones zona sur,Restricción de equipo Robojet,No,,No,5/23/2025,INT-OC-CYS-957/25
d02e6004,22/05/2025,CYS,Contrato CW 276532,Supervisión técnica,Zonas de deposito obras finales,Depósito Ticuitá Sur - Conformación y clasificación - Inactividad,No,,No,5/26/2025,INT-OC-CYS-971/25
8b318516,22/05/2025,CYS,Contrato CW 276532,Supervisión técnica,Descarga intermedia,Tapa losa - Sobre micropilotes,No,,Si,,
7eb45b69,22/05/2025,CYS,Contrato CW 276532,Supervisión técnica,Sin Frente,Entrega ayuda de memoria recorrido de obra 10-mayo-2025,No,,Si,5/23/2025,INT-OC-CYS-945/25
c4be089e,22/05/2025,CYS,Contrato CW 276532,Supervisión técnica,Descarga intermedia,Tapa losa - Sobre micropilotes,No,,Si,5/24/2025,INT-OC-CYS-959/25
cbb337e2,22/05/2025,CYS,Contrato CW 276532,Supervisión técnica,Consolidación y conglomeración macizo perturbado zona sur,Procedimiento de uso y validación del sistema BAP,Si,CYS-CW276532-PHI-00974.,No,6/17/2025,INT-OC-CYS-1156/25
4cfb4393,22/05/2025,CYS,Contrato CW 276532,Supervisión técnica,Casa de máquinas y obras anexas,Ramales superiores e inferiores excavación,Si,CYS-CW276532-PHI-01550,No,9/1/2025,INT-OC-CYS-1766/25
5d4d573f,22/05/2025,CYS,Contrato CW 276532,Supervisión técnica,Conducciones zona sur,Equipos de excavación,Si,CYS-CW276532-PHI-01551,No,6/3/2025,INT-OC-CYS-1032/25
3d64ff72,22/05/2025,CYS,Contrato CW 276532,Supervisión técnica,Casa de máquinas y obras anexas,Sistema de ventilación informe de ventilación segunda visita,Si,CYS-CW276532-PHI-01552,No,6/2/2025,INT-OC-CYS-1023/25
8152268c,22/05/2025,CYS,Contrato CW 276532,Supervisión técnica,Obras en las descargas,Túnel Descarga 3- Losa de Piso- Regularización- Malas Prácticas,No,,No,5/23/2025,INT-OC-CYS-956/25
9e0b8e89,22/05/2025,CYS,Contrato CW 276532,Supervisión técnica,Casa de máquinas y obras anexas,Losa EL 204.10 Planos de taller acero de refuerzo,Si,CYS-CW276532-PHI-01553,No,8/9/2025,INT-OC-CYS-1571/25
ee8d3a60,22/05/2025,CYS,Contrato CW 276532,Supervisión socioambiental,Sin Frente,Observaciones informe socioambiental febrero de  2025,Si,CYS-CW276532-PHI-01554,No,5/30/2025,INT-OC-CYS-998/25
a45387fe,22/05/2025,CYS,Contrato CW 276532,Supervisión técnica,Presa y obras anexas,Prisma de control topográfico para el espaldón aguas  abajo Presa,Si,D-PHI-COP-0275-2025,No,5/25/2025,INT-OC-CYS-967/25
87ef0025,22/05/2025,CYS,Contrato CW 276532,Supervisión técnica,Conducciones zona sur,Perforación INY-GF-ZS-03,Si,NC-120-25,No,6/4/2025,INT-OC-CYS-1045/25
5e581da4,23/05/2025,CYS,Contrato CW 276532,Supervisión técnica,Sin Frente,Entrega compromisos-Recorrido de obra -mesa de constructibilidad,No,,Si,5/24/2025,INT-OC-CYS-958/25
5832a302,22/05/2025,CYS,Contrato CW 276532,Supervisión de seguridad y salud en el trabajo,Sin Frente,"Remisión actas de comité SST Nro. 13, 14, 15 y 16",No,,Si,5/24/2025,INT-OC-CYS-966/25
367fcb57,23/05/2025,CYS,Contrato CW 276532,Supervisión técnica,Casa de máquinas y obras anexas,Procedimiento instalación de plataforma de acceso a las galerías de barras,Si,CYS-CW276532-PHI-01547,No,9/2/2025,INT-OC-CYS-1789/25
f8f0c6be,23/05/2025,CYS,Contrato CW 276532,Supervisión de seguridad física,Sin Frente,Reporte eventos de seguridad física,Si,CYS-CW276532-PHI-01556,No,5/30/2025,INT-OC-CYS-1009/25
343d7a63,23/05/2025,CYS,Contrato CW 276532,Supervisión de seguridad física,Sin Frente,Observaciones informe de actividades de seguridad física enero de 2025,Si,CYS-CW276532-PHI-01557,No,6/6/2025,INT-OC-CYS-1059/25
f2627e7d,23/05/2025,CYS,Contrato CW 276532,Supervisión de seguridad física,Sin Frente,Observaciones informe mensual seguridad física marzo 2025,Si,CYS-CW276532-PHI-01558,No,5/30/2025,INT-OC-CYS-1008/25
8aca2564,23/05/2025,CYS,Contrato CW 276532,Supervisión de gestión documental y calidad,Sin Frente,Hoja de vida auditor de calidad,Si,CYS-CW276532-PHI-01560,No,5/26/2025,INT-OC-CYS-975/25
ea519ce1,23/05/2025,CYS,Contrato CW 276532,Supervisión técnica,Presa y obras anexas,Pantalla corta flujo procedimiento de construcción,Si,CYS-CW276532-PHI-01561,No,5/30/2025,INT-OC-CYS-1016/25
c67461ca,23/05/2025,CYS,Contrato CW 276532,Supervisión técnica,Sin Frente,Recomendaciones de inspección y pruebas de tuberías embebidas en los concretos,Si,D-PHI-COP-0276-2025,Si,6/3/2025,INT-OC-CYS-1029/25
fd3bd179,24/05/2025,CYS,Contrato CW 276532,Supervisión técnica,Almenaras y obras anexas,Traslapos en columnas del pórtico de almenara 2.,Si,CYS-CW276532-PHI-01455,No,5/27/2025,INT-OC-CYS-984/25
916ded4f,24/05/2025,CYS,Contrato CW 276532,Supervisión técnica,Sin Frente,Entrega Compromisos recorridos de obra-Mesa de constructibilidad,No,,Si,5/24/2025,INT-OC-CYS-964/25
f3a40b97,24/05/2025,CYS,Contrato CW 276532,Supervisión técnica,Sin Frente,Soldadura de tubería y platina en acero inoxidable WPS y PQR,Si,CYS-CW276532-PHI-01555,No,5/30/2025,INT-OC-CYS-1004/25
5b9651ea,24/05/2025,CYS,Contrato CW 276532,Supervisión de seguridad y salud en el trabajo,Vías Industriales del proyecto,Solicitud información investigación incidente vial con potencial - Mula XLE-930,No,,No,5/26/2025,INT-OC-CYS-973/25
f793245d,24/05/2025,CYS,Contrato CW 276532,Supervisión socioambiental,Zonas de deposito obras finales,Clasificación y manejo de RCD pétreos acopiad,No,,No,6/4/2025,INT-OC-CYS-1039/25
40d105be,24/05/2025,CYS,Contrato CW 276532,Supervisión de costos,Sin Frente,Formalización de APU conciliado,Si,CYS-CW276532-PHI-1562,No,,
5464509a,25/05/2025,CYS,Contrato CW 276532,Supervisión técnica,Zonas de deposito obras finales,Depósito Ticuitá 2,No,,No,,
f4308ac7,25/05/2025,CYS,Contrato CW 276532,Supervisión de control de laboratorio ensayos de calidad,Sin Frente,Diseño mezclas para concretos estructurales,Si,CYS-CW276532-PHI-01563,No,,
0bb9e4aa,25/05/2025,CYS,Contrato CW 276532,Supervisión técnica,Sin Frente,Informe de seguimiento de la instrumentación entre el 16 de abril y el 15 de mayo,Si,D-PHI-COP-0279-2025,No,9/25/2025,INT-OC-CYS-2047/25
dca84046,25/05/2025,CYS,Contrato CW 276532,Supervisión técnica,Túneles de aspiración,Túnel de aspiración 7 reporte inspección acero de refuerzo expuesto de los tramos 3 y4,Si,D-PHI-COP-0281-2025,No,6/7/2025,INT-OC-CYS-1073/25
2add3427,25/05/2025,CYS,Contrato CW 276532,Supervisión técnica,Sin Frente,Entrega planos cerramientos GC6 galería D con pozo humos y GC10 galería de acceso a cámaras de compuertas de descarga de fondo,Si,D-PHI-COP-0282-2025,No,5/27/2025,INT-OC-CYS-987/25
585eaaab,25/05/2025,CYS,Contrato CW 276532,Supervisión técnica,Consolidación y conglomeración macizo perturbado zona sur,"Parte Alta Plazoleta Pozos de Compuertas (Romerito), Cierre inyecciones de aglutinamiento.",No,,Si,5/26/2025,INT-OC-CYS-972/25
9e754b7f,25/05/2025,CYS,Contrato CW 276532,Supervisión de seguridad y salud en el trabajo,Sin Frente,Reiteración atención observaciones Sistema de Gestión de Seguridad y Salud en el Trabajo (SG-SST),No,,No,5/26/2025,INT-OC-CYS-976/25
160b4e78,26/05/2025,CYS,Contrato CW 276532,Supervisión técnica,Estabilidad helipuerto villa luz,Lista de chequeo con pendientes de ejecución,No,,Si,5/27/2025,INT-OC-CYS-980/25
23743d43,26/05/2025,CYS,Contrato CW 276532,Supervisión técnica,Conducciones zona sur,Programación preliminares y ejecución pozos de presión- Procedimientos constructivos,No,,No,5/27/2025,INT-OC-CYS-986/25
a13efa7d,26/05/2025,CYS,Contrato CW 276532,Supervisión de seguridad y salud en el trabajo,Sin Frente,Solicitud información investigación accidente laboral Héctor Darío Ayala Grisales CC. 1018342021,No,,No,5/26/2025,INT-OC-CYS-979/25
bd79b85e,26/05/2025,CYS,Contrato CW 276532,Supervisión de costos,Sin Frente,Radicación oportuna actas de obra mensual abril de 2025,Si,CYS-CW276532-PHI-01543,No,5/30/2025,INT-OC-CYS-1003/25
2ab3f037,26/05/2025,CYS,Contrato CW 276532,Supervisión de gestión documental y calidad,Sin Frente,Desviaciones de legibilidad soportes acta de obra ejecutada No. 14.,Si,CYS-CW276532-PHI-01543.,No,5/26/2025,INT-OC-CYS-978/25
f528de78,26/05/2025,CYS,Contrato CW 276532,Supervisión técnica,Conducciones zona sur,Inactividades- Rendimientos de Obra,No,,No,5/30/2025,INT-OC-CYS-993/25
8a81cb7f,26/05/2025,CYS,Contrato CW 276532,Supervisión técnica,Obras en las descargas,Descarga 3 - Pendientes,No,,No,5/30/2025,INT-OC-CYS-1001/25
d78078f8,26/05/2025,CYS,Contrato CW 276532,Supervisión de costos,Sin Frente,Formalización APU conciliado,Si,CYS-CW276532-PHI-1562,No,,
3536724c,26/05/2025,CYS,Contrato CW 276532,Supervisión de seguridad y salud en el trabajo,Casa de máquinas y obras anexas,Remisión ayuda de memoria reunión No. 13 - Recorridos de seguridad,No,,Si,27/mayo/2025,INT-OC-CYS-985/25
7d1aa58b,26/05/2025,CYS,Contrato CW 276532,Supervisión de seguridad y salud en el trabajo,Casa de máquinas y obras anexas,Condiciones de riesgo durante el tránsito de maquinaria,Si,CYS-CW276532-PHI-01564,No,9/junio/2025,INT-OC-CYS-1084/25
628bade2,26/05/2025,CYS,Contrato CW 276532,Supervisión de seguridad y salud en el trabajo,Conducciones zona sur,Actos y condiciones sub estándar durante la ejecución de trabajo en alturas,No,,No,30/mayo/2025,INT-OC-CYS-999/25
43f1ad1e,26/05/2025,CYS,Contrato CW 276532,Supervisión de costos,Temas administrativos del contrato,Solicitud remisión Facturas de actas de obra ejecutada,No,,No,27/mayo/2025,INT-OC-CYS-982/25
f26ce308,26/05/2025,CYS,Contrato CW 276532,Supervisión técnica,Estabilidad helipuerto villa luz,Espesores plazoleta 617,No,,Si,4/junio/2025,INT-OC-CYS-1049/25
d426ec95,27/05/2025,CYS,Contrato CW 276532,Supervisión socioambiental,Sin Frente,Observaciones informe mensual socioambiental abril de 2025,Si,CYS-CW276532-PHI-01565,No,1/junio/2025,INT-OC-CYS-1019/25
7d0fdf6b,27/05/2025,CYS,Contrato CW 276532,Supervisión técnica,Sin Frente,Entrega acta de comité de obra No. 069,No,,Si,30/mayo/2025,INT-OC-CYS-995/25
720707d2,27/05/2025,CYS,Contrato CW 276532,Supervisión técnica,Almenaras y obras anexas,Lecciones aprendidas durante el montaje del sistema de medición de nivel de agua en la almenara N°1. Complemento a nuestra comunicación D-PHI-COP-0178-2025. Entrega de planos para construcción.,Si,D-PHI-COP-0286-2025,No,3/junio/2025,INT-OC-CYS-1035/25
9e258ed4,27/05/2025,CYS,Contrato CW 276532,Supervisión técnica,Almenaras y obras anexas,"Pórtico de manejo de compuertas de aspiración - Planos de taller -Despiece vigas El. 210,70.",Si,CYS-CW276532-PHI-01471,No,7/junio/2025,INT-OC-CYS-1063/25
24e0513b,28/05/2025,CYS,Contrato CW 276532,Supervisión técnica,Conducciones zona sur,Recuperación Ramales Inferiores No. 7 y No.8- Inactividades y Bajos Rendimientos,No,,No,30/mayo/2025,INT-OC-CYS-1012/25
f3d1aef0,28/05/2025,CYS,Contrato CW 276532,Supervisión contractual,Sin Frente,"Personal de dirección, administración y supervisión",Si,CYS-CW276532-PHI-01588,No,1/julio/2025,INT-OC-CYS-1243/25
bc2c9dec,29/05/2025,CYS,Contrato CW 276532,Supervisión técnica,Sin Frente,Informe técnico mensual abril de 2025,Si,CYS-CW276532-PHI-01502,No,5/junio/2025,INT-OC-CYS-1050/25
db4b4e02,29/05/2025,CYS,Contrato CW 276532,Supervisión de control de laboratorio ensayos de calidad,Sin Frente,Informe de resultados ensayos abrasión diseño FL 343.,Si,CYS-CW276532-PHI-01566,No,4/junio/2025,INT-OC-CYS-1044/25
d39edf3c,29/05/2025,CYS,Contrato CW 276532,Supervisión técnica,Sin Frente,Instalaciones industriales - Plano general,Si,CYS-CW276532-PHI-01567,No,4/junio/2025,INT-OC-CYS-1048/25
fb65b945,29/05/2025,CYS,Contrato CW 276532,Supervisión técnica,Almenaras y obras anexas,Pórtico de manejo de compuertas de aspiración rejas y embebidos - Planos de taller.,Si,CYS-CW276532-PHI-01568,No,11/junio/2025,INT-OC-CYS-1105/25
42d39fe0,29/05/2025,CYS,Contrato CW 276532,Supervisión técnica,Almenaras y obras anexas,Columnas etapa 1 - Planos y cartillas de refuerzo.,Si,CYS-CW276532-PHI-01569,No,,
0d029e3a,29/05/2025,CYS,Contrato CW 276532,Supervisión técnica,Casa de máquinas y obras anexas,Instrumentación - Remisión de actas instrumentación geotécnica,Si,CYS-CW276532-PHI-01570,No,22/junio/2025,INT-OC-CYS-1186/25
3b1cb705,29/05/2025,CYS,Contrato CW 276532,Supervisión de seguridad y salud en el trabajo,Sin Frente,Solicitud información investigación accidente laboral Carlos Alberto Úsuga Correa CC. 1.035.305.685,Si,CYS-CW276532-PHI-01571,No,15/junio/2025,INT-OC-CYS-1135/25
9c4393b4,29/05/2025,CYS,Contrato CW 276532,Supervisión de seguridad y salud en el trabajo,Sin Frente,Solicitud investigación accidente laboral Julio Cesar Roa,Si,CYS-CW276532-PHI-01572,No,15/junio/2025,INT-OC-CYS-1136/25
85deff37,29/05/2025,CYS,Contrato CW 276532,Supervisión de gestión documental y calidad,Sin Frente,Solicitud documentación ambulancia TAB,Si,CYS-CW276532-PHI-01574,No,10/junio/2025,INT-OC-CYS-1097/25
c28b018b,29/05/2025,CYS,Contrato CW 276532,Supervisión técnica,Sin Frente,Entrega de registros diarios de excavaciones subterráneas,Si,CYS-CW276532-PHI-01574,No,,
aa79bd6e,29/05/2025,CYS,Contrato CW 276532,Supervisión técnica,Sin Frente,Entrega de registros diarios de excavaciones subterráneas,Si,CYS-CW276532-PHI-01575,No,,
f16231d2,29/05/2025,CYS,Contrato CW 276532,Supervisión socioambiental,Sin Frente,Manejo de aguas residuales domesticas y no domesticas y calidad del aire en frentes de obra.,Si,CYS-CW276532-PHI-01576,No,3/junio/2025,INT-OC-CYS-1031/25
4d696354,29/05/2025,CYS,Contrato CW 276532,Supervisión socioambiental,Sin Frente,Parámetros de vertimientos de aguas residuales no domesticas (ARnD) cumplimiento resolución 0631 de 2015.,Si,CYS-CW276532-PHI-01577,Si,3/junio/2025,INT-OC-CYS-1030/25
f764a7a8,29/05/2025,CYS,Contrato CW 276532,Supervisión socioambiental,Obras en las descargas,Evacuación de sedimentos finos en los sistemas de tratamientos de aguas no domesticas en Descarga 3 y Jarillón Capitanes,Si,CYS-CW276532-PHI-01578,No,4/junio/2025,INT-OC-CYS-1037/25
985bea81,29/05/2025,CYS,Contrato CW 276532,Supervisión socioambiental,Sin Frente,Cierre de inspección conjunta GI-AM-03-25 y Desviaciones manejo de aguas residuales no domesticas.,Si,CYS-CW276532-PHI-01579,No,4/junio/2025,INT-OC-CYS-1038/25
f11d0737,29/05/2025,CYS,Contrato CW 276532,Supervisión socioambiental,Sin Frente,Atención observaciones informe mensual socioambiental marzo de 2025,Si,CYS-CW276532-PHI-01580,No,3/junio/2025,INT-OC-CYS-1033/25
d0bcb24f,29/05/2025,CYS,Contrato CW 276532,Supervisión técnica,Conducciones zona sur,Conducción superior ramal 6 - Galería 320 - Sistema de drenaje,Si,CYS-CW276532-PHI-01581,No,2/junio/2025,INT-OC-CYS-1024/25
f1c0f6d0,29/05/2025,CYS,Contrato CW 276532,Supervisión técnica,Consolidación y conglomeración macizo perturbado zona sur,Avance general inyecciones de aglutinamiento - Proceso de desmantelamiento progresivo planta de lechada Romerito,Si,CYS-CW276532-PHI-01582,No,12/junio/2025,INT-OC-CYS-1116/25
24291402,29/05/2025,CYS,Contrato CW 276532,Supervisión técnica,Casa de máquinas y obras anexas,Procedimiento demolición Pórtico Puente Grúa entre ejes 21 y 22 en sala de montajes.,Si,CYS-CW276532-PHI-01583,No,4/septiembre/2025,INT-OC-CYS-1840/25
347393d1,29/05/2025,CYS,Contrato CW 276532,Supervisión técnica,Almenaras y obras anexas,Actividades remanentes de colocación de soporte - Programa de Obra - Hito 3,Si,CYS-CW276532-PHI-01584,No,10/junio/2025,INT-OC-CYS-1102/25
2f45720a,29/05/2025,CYS,Contrato CW 276532,Supervisión de seguridad y salud en el trabajo,Casa de máquinas y obras anexas,Disponibilidad tripulación de ambulancia TAM y ATB,Si,CYS-CW276532-PHI-01587,No,10/junio/2025,INT-OC-CYS-1095/25
9307b1c4,29/05/2025,CYS,Contrato CW 276532,Supervisión técnica,Casa de máquinas y obras anexas,"Restitución tensores tipo C afectados, Casa de Máquinas Hastial agua arriba",Si,D-PHI-COP-0287-2025,No,31/mayo/2025,INT-OC-CYS-1018/25
f0df68b2,29/05/2025,CYS,Contrato CW 276532,Supervisión técnica,Presa y obras anexas,Medidor de infiltraciones - Comentarios a comunicación INT-OC-EPM-0434-25,Si,D-PHI-COP-0288-2025,No,,
427bd386,29/05/2025,CYS,Contrato CW 276532,Supervisión técnica,Puentes grúa,Acta de Entrega de Bienes,No,,Si,30/mayo/2025,INT-OC-CYS-1013/25
eed2a268,29/05/2025,CYS,Contrato CW 276532,Supervisión de costos,Sin Frente,Obras extras - Formalización de APU conciliado,Si,CYS-CW276532-PHI-01589,No,,
fa601209,29/05/2025,CYS,Contrato CW 276532,Supervisión técnica,Casa de máquinas y obras anexas,Estado para inicio de concretos estructurales.,Si,CYS-CW276532-PHI-01590,No,14/agosto/2025,INT-OC-CYS-1611/25
b9a546e8,29/05/2025,CYS,Contrato CW 276532,Supervisión técnica,Casa de máquinas y obras anexas,Falta de insumos para inyección de pernos- Hastial aguas abajo,No,,No,2/junio/2025,INT-OC-CYS-1025/25
a06f00de,29/05/2025,CYS,Contrato CW 276532,Supervisión técnica,Sin Frente,Compromisos recorrido de obra-Mesa de constructibilidad 24-mayo-2025,No,,Si,30/mayo/2025,INT-OC-CYS-1015/25
36d9bf1b,30/05/2025,CYS,Contrato CW 276532,Supervisión de control de laboratorio ensayos de calidad,Casa de máquinas y obras anexas,Estado operativo y rendimiento de las plantas de concreto Domat 100 y Janeoo 60,No,,No,2/junio/2025,INT-OC-CYS-1027/25
5bf8f21e,30/05/2025,CYS,Contrato CW 276532,Supervisión técnica,Sin Frente,Toma de puesta a tierra requerido para las obras eléctricas,Si,CYS-CW276532-PHI-01585,No,,
fb026b90,30/05/2025,CYS,Contrato CW 276532,Supervisión técnica,Presa y obras anexas,Inyecciones - Consolidado de actividades - Pantalla plástica,Si,CYS-CW276532-PHI-01596,No,15/agosto/2025,INT-OC-CYS-1618/25
d3d0c4a3,30/05/2025,CYS,Contrato CW 276532,Supervisión técnica,Obras en las descargas,Solera en Túnel de descarga N. 3,Si,CYS-CW276532-PHI-01597,No,28/junio/2025,INT-OC-CYS-1223/25
2c991980,30/05/2025,CYS,Contrato CW 276532,Supervisión técnica,Casa de máquinas y obras anexas,Procedimiento limpieza y remoción de escombros en elevación 188 - Acceso desde la zona ser de la caverna de Casa de Máquinas.,Si,CYS-CW276532-PHI-01598,No,18/agosto/2025,INT-OC-CYS-1642/25
41813146,30/05/2025,CYS,Contrato CW 276532,Supervisión técnica,Presa y obras anexas,Medidor de infiltraciones,Si,D-PHI-COP-0291-2025,No,10/junio/2025,INT-OC-CYS-1089/25
0a2a9950,30/05/2025,CYS,Contrato CW 276532,Supervisión contractual,Sin Frente,Plantas de producción de concreto - Informe estado actual,Si,CYS-CW276532-PHI-01593,No,16/junio/2025,INT-OC-CYS-1138/25
8a1d4085,30/05/2025,CYS,Contrato CW 276532,Supervisión técnica,Casa de máquinas y obras anexas,Columnas tipo 1 a 5 - Acero de refuerzo - Estribos complementarios,Si,D-PHI-COP-0294-2025,No,4/junio/2025,INT-OC-CYS-1041/25
e074bdf8,30/05/2025,CYS,Contrato CW 276532,Supervisión técnica,Conducciones zona sur,Análisis de desviación de la perforación INY-GF-ZS-03,Si,D-PHI-COP-0295-2025,No,4/junio/2025,INT-OC-CYS-1043/25
6e46de5b,30/05/2025,CYS,Contrato CW 276532,Supervisión técnica,Obras en las descargas,Túneles de descarga N. 3 y N. 4 - Detalle constructivos solera.,Si,D-PHI-COP-0296-2025,No,,
631441ba,31/05/2025,CYS,Contrato CW 276532,Supervisión de seguridad y salud en el trabajo,Sin Frente,Plan estratégicos de seguridad vial (PESV),Si,CYS-CW276532-PHI-01586,No,10/junio/2025,INT-OC-CYS-1098/25
25746a04,31/05/2025,CYS,Contrato CW 276532,Supervisión de seguridad y salud en el trabajo,Sin Frente,Presentación hoja de vida personal SST,Si,CYS-CW276532-PHI-01592,No,17/junio/2025,INT-OC-CYS-1155/25
926ddb5d,31/05/2025,CYS,Contrato CW 276532,Supervisión técnica,Casa de máquinas y obras anexas,"Procedimiento para trabajos de soldadura en equipos, tuberías y soporte.",Si,CYS-CW276532-PHI-01594,No,12/junio/2025,INT-OC-CYS-1122/25
1a10c0ad,31/05/2025,CYS,Contrato CW 276532,Supervisión técnica,Almenaras y obras anexas,Dossier de calidad - Platinas,Si,CYS-CW276532-PHI-01595,No,5/junio/2025,INT-OC-CYS-1052/25
548cf6a4,31/05/2025,CYS,Contrato CW 276532,Supervisión de control de laboratorio ensayos de calidad,Sin Frente,Resultados de diseños de mezclas concreto plástico,Si,CYS-CW276532-PHI-01426,Si,2/junio/2025,INT-OC-CYS-1022/25
60071d15,01/06/2025,CYS,Contrato CW 276532,Supervisión técnica,Casa de máquinas y obras anexas,"Inspección visual realizada a la estructura remanente del muro en hastial aguas arriba de las unidades No. 7 y 8, desde el nivel 196,00 m.s.n.m en la unidad No. 7 y 191,50 m.s.n.m en la unidad No. 8",Si,D-PHI-COP-0298-2025,No,5/junio/2025,INT-OC-CYS-1056/25
ed4f4a51,01/06/2025,CYS,Contrato CW 276532,Supervisión técnica,Conducciones zona sur,Perforaciones aglutinamiento ramales superiores 7 y 8,Si,D-PHI-COP-0297-2025,No,5/junio/2025,INT-OC-CYS-1053/25
19b9d25f,01/06/2025,CYS,Contrato CW 276532,Supervisión técnica,Conducciones zona sur,Obra civil y adecuaciones constructivas requeridas por el contratista para adelantar la recuperación de los pozos de presión de las conducciones No. 5 a No. 8,Si,D-PHI-COP-0299-2025,No,,
5d5232c4,01/06/2025,CYS,Contrato CW 276532,Supervisión técnica,Presa y obras anexas,Reporte de inyecciones en el medidor  de infiltraciones,Si,D-PHI-COP-0301-2025,No,,
5e7125dc,01/06/2025,CYS,Contrato CW 276532,Supervisión técnica,Casa de máquinas y obras anexas,"Inspección de la estructura remanente del muro de hastial aguas abajo, entre abscisas K0+131,00 y K0+142,35 y elevaciones 193,00 y 200,50 m.s.n.m aproximadamente y de las columnas remanentes del edificio lateral sur",Si,D-PHI-COP-0302-2025,No,11/junio/2025,INT-OC-CYS-1111/25
3d478be5,01/06/2025,CYS,Contrato CW 276532,Supervisión técnica,Almenaras y obras anexas,Consultas tuberías embebidas,Si,D-PHI-COP-0303-2025,Si,5/junio/2025,INT-OC-CYS-1054/25
b06b149a,01/06/2025,CYS,Contrato CW 276532,Supervisión técnica,Túneles de aspiración,"Segundo reporte inspección Concretos y Refuerzo tramo 2, 3 y 4 del túnel de aspiración N. 7",Si,D-PHI-COP-0304-2025,No,9/junio/2025,INT-OC-CYS-1087/25
26435456,01/06/2025,CYS,Contrato CW 276532,Supervisión técnica,Presa y obras anexas,Limpieza Cárcamo 19 - GCIN,Si,NC-127-25,No,,
0acbe32d,01/06/2025,CYS,Contrato CW 276532,Supervisión técnica,Túnel de acceso y galerías de construcción de la central,Ajuste regleta medidor de infiltraciones Tapón - 250 MI,Si,NC-128-25,No,,
ad2cff66,01/06/2025,CYS,Contrato CW 276532,Supervisión técnica,Conducciones zona sur,Ajuste de longitud de los pernos de anclaje del pedestal de fijación de la viga monorriel,Si,NC-130-25,No,5/junio/2025,INT-OC-CYS-1051/25
72cb9523,02/06/2025,CYS,Contrato CW 276532,Supervisión técnica,Túnel de acceso y galerías de construcción de la central,"Galería de construcción superior sur acceso a Almenara 2 – Registro
de inactividades.",No,,No,4/junio/2025,INT-OC-CYS-1040/25
10415549,02/06/2025,CYS,Contrato CW 276532,Supervisión técnica,Zonas de deposito obras finales,Depósito Ticuitá Sur - Conformación y clasificación – Inactividad.,No,,No,4/junio/2025,INT-OC-CYS-1047/25
f31996bb,03/06/2025,CYS,Contrato CW 276532,Supervisión de riesgos,Sin Frente,Entrega de acta de comité de riesgos No. 018,No,,Si,,
0573bee0,03/06/2025,CYS,Contrato CW 276532,Supervisión técnica,Sin Frente,Entrega acta de comité de obra CYS No 070,No,,Si,3/junio/2025,INT-OC-CYS-1034/25
1c07bf4f,03/06/2025,CYS,Contrato CW 276532,Supervisión de seguridad física,Sin Frente,Observaciones simulación evento de riesgo público,Si,CYS-CW276532-PHI-01599,No,10/junio/2025,INT-OC-CYS-1091/25
8523ac74,03/06/2025,CYS,Contrato CW 276532,Supervisión de seguridad y salud en el trabajo,Sin Frente,Presentación hojas de vida personal HSE,Si,CYS-CW276532-PHI-01600,No,17/junio/2025,INT-OC-CYS-1150/25
6291f2e5,03/06/2025,CYS,Contrato CW 276532,Supervisión técnica,Descarga intermedia,Bloque de anclaje  y anillos de empuje en línea del By pass TDD - TDI,Si,CYS-CW276532-PHI-01601,No,10/junio/2025,INT-OC-CYS-1094/25
11c66a23,03/06/2025,CYS,Contrato CW 276532,Supervisión de control de laboratorio ensayos de calidad,Casa de máquinas y obras anexas,Informe de visita de reconocimiento para toma de muestras y ensayos de laboratorio para estructuras remanentes de las unidades 5 y 6,Si,D-PHI-COP-0305-2025,No,,
05edeb0a,03/06/2025,CYS,Contrato CW 276532,Supervisión de gestión documental y calidad,Sin Frente,Notas de Campo emitidas entre el 26 de mayo y el 01 de junio de 2025,Si,D-PHI-COP-0306-2025,No,,
ac095fa5,03/06/2025,CYS,Contrato CW 276532,Supervisión de gestión documental y calidad,Sin Frente,Notas de campo emitidas entre el 26 mayo y el 01 de junio de 2025,Si,D-PHI-COP-0307-2025,No,,
e269f82e,03/06/2025,CYS,Contrato CW 276532,Supervisión técnica,Casa de máquinas y obras anexas,Inspección y validación topografía de los muros de confinamiento del concreto masivo del tubo de aspiración No. 7.,Si,D-PHI-COP-0308-2025,No,9/junio/2025,INT-OC-CYS-1088/25
898f9d20,03/06/2025,CYS,Contrato CW 276532,Supervisión técnica,Túneles de aspiración,Acero de refuerzo expuesto. Parte superior revestimiento preexistente en hastiales tramos 3 y 4 del aspirador 5 y tramo 4 del aspirador 6,Si,NC-132-25,No,10/junio/2025,INT-OC-CYS-1092/25
82bdfb83,03/06/2025,CYS,Contrato CW 276532,Supervisión de riesgos,Sin Frente,Entrega de acta de comité de riesgos No. 018.,No,,Si,4/junio/2025,INT-OC-CYS-1042/25
3998693a,04/06/2025,CYS,Contrato CW 276532,Supervisión de riesgos,Sin Frente,Entrega Documentos respuesta inundacion por Descarga 3,No,,Si,4/junio/2025,INT-OC-CYS-1046/25
240e3cc3,04/06/2025,CYS,Contrato CW 276532,Supervisión de seguridad y salud en el trabajo,Sin Frente,Solicitud información investigación accidente laboral José Miguel Rojas Argel CC.1063283783.,No,,No,6/junio/2025,INT-OC-CYS-1058/25
867623ce,04/06/2025,CYS,Contrato CW 276532,Supervisión técnica,Descarga intermedia,XXX,Si,D-PHI-COP-0301-2025,No,,
ae9dde71,04/06/2025,CYS,Contrato CW 276532,Supervisión técnica,Presa y obras anexas,Pantalla Cortaflujo - Seguimiento de actividades según programa,No,,No,10/junio/2025,INT-OC-CYS-1101/25
fa16019e,04/06/2025,CYS,Contrato CW 276532,Supervisión técnica,Almenaras y obras anexas,Modificación en liberación de concreto lanzado,No,,No,5/junio/2025,INT-OC-CYS-1055/25
b50b00c2,04/06/2025,CYS,Contrato CW 276532,Supervisión técnica,Conducciones zona sur,Conducción superior numero 5 - Concreto reforzado,Si,CYS-CW276532-PHI-01602,No,16/julio/2025,INT-OC-CYS-1354/25
7b60af41,04/06/2025,CYS,Contrato CW 276532,Supervisión técnica,Sin Frente,Metodología constructiva - Concreto secundario de empotramiento - Tubos de aspiración,Si,CYS-CW276532-PHI-01603,No,16/agosto/2025,INT-OC-CYS-1625/25
6d5f35c8,04/06/2025,CYS,Contrato CW 276532,Supervisión técnica,Sin Frente,Concretos estructurales - Procedimientos reparación de concretos,Si,CYS-CW276532-PHI-01609,No,8/agosto/2025,INT-OC-CYS-1563/25
c560b26b,04/06/2025,CYS,Contrato CW 276532,Supervisión técnica,Conducciones zona sur,Pedestales monorriel en ramales superiores - Galería D,Si,CYS-CW276532-PHI-01610,No,8/julio/2025,INT-OC-CYS-1304/25
799efefe,04/06/2025,CYS,Contrato CW 276532,Supervisión socioambiental,Sin Frente,Actualización al programa de implementación de medidas de manejo ambiental (PIMMA) V6,Si,CYS-CW276532-PHI-01611,No,12/junio/2025,INT-OC-CYS-1120/25
98d3ed0c,04/06/2025,CYS,Contrato CW 276532,Supervisión técnica,Almenaras y obras anexas,Acero de refuerzo en columnas,Si,CYS-CW276532-PHI-01605,No,4/julio/2025,INT-OC-CYS-1280/25
4ec2f5e2,05/06/2025,CYS,Contrato CW 276532,Supervisión técnica,Conducciones zona sur,Registro inactividades durante rehabilitación de los Ramales 5 a 8,No,,No,10/junio/2025,INT-OC-CYS-1099/25
401ca683,05/06/2025,CYS,Contrato CW 276532,Supervisión técnica,Presa y obras anexas,Pantalla cortaflujo panel de prueba,Si,CYS-CW276532-PHI-01604,No,11/junio/2025,INT-OC-CYS-1104/25
483a77d6,05/06/2025,CYS,Contrato CW 276532,Supervisión técnica,Casa de máquinas y obras anexas,"Inspección de columna remanente de entrepiso tipo 1 entre elevaciones 193,00 - 199,00 y entre tubos de aspiración de las unidades 6 y 7",Si,D-PHI-COP-0309-2025,No,9/junio/2025,INT-OC-CYS-1080/25
76b6fe7f,05/06/2025,CYS,Contrato CW 276532,Supervisión técnica,Servicios iluminación y mallas a tierra de la central,Envío Acta de Verificación de llegada a obra Equipos Electromecánico No. 59-001.,No,,Si,,
e5355202,05/06/2025,CYS,Contrato CW 276532,Supervisión técnica,Casa de máquinas y obras anexas,Ajuste de elevación en planos del muro lateral agua arriba,Si,D-PHI-COP-0310-2025,No,12/junio/2025,INT-OC-CYS-1117/25
961ab335,05/06/2025,CYS,Contrato CW 276532,Supervisión de seguridad física,Sin Frente,Informe seguridad,Si,CYS-CW276532-PHI-01612,No,10/junio/2025,INT-OC-CYS-1090/25
d882cf87,05/06/2025,CYS,Contrato CW 276532,Supervisión técnica,Servicios iluminación y mallas a tierra de la central,Envío Acta de Verificación de llegada a obra de Equipos Electromecánico No. 59-001.,No,,Si,7/junio/2025,INT-OC-CYS-1070/25
c95688a7,05/06/2025,CYS,Contrato CW 276532,Supervisión socioambiental,Zonas de deposito obras finales,Deficiencias en el manejo de RCD pétreos en el depósito Ticuitá Sur,No,,Si,7/junio/2025,INT-OC-CYS-1069/25
fe5ffd63,05/06/2025,CYS,Contrato CW 276532,Supervisión técnica,Servicios iluminación y mallas a tierra de la central,Tomas de puesta a tierra para las obras eléctricas.,Si,CYS-CW276532-PHI-01585,No,6/junio/2025,INT-OC-CYS-1061/25
9a942e6f,05/06/2025,CYS,Contrato CW 276532,Supervisión de riesgos,Sin Frente,"Entrega de actas de comité de Gestión Integral de Riesgos No. 175, 176 y 181",No,,Si,6/junio/2025,INT-OC-CYS-1060/25
01d4c01f,05/06/2025,CYS,Contrato CW 276532,Supervisión técnica,Almenaras y obras anexas,Soldadura de tubería y platina inoxidable WPS y PQR,Si,CYS-CW276532-PHI-01619,No,9/junio/2025,INT-OC-CYS-1081/25
e343400c,05/06/2025,CYS,Contrato CW 276532,Supervisión técnica,Sin Frente,Certificados de materiales del 01 al 15 de mayo de 2025,Si,CYS-CW276532-PHI-01620,No,9/junio/2025,INT-OC-CYS-1079/25
73ca16ae,05/06/2025,CYS,Contrato CW 276532,Supervisión técnica,Casa de máquinas y obras anexas,"Restitución tensores topo C afectados, Casa de máquinas hastial aguas arriba",Si,D-PHI-COP-0312-2025,No,8/junio/2025,INT-OC-CYS-1074/25
7f451750,05/06/2025,CYS,Contrato CW 276532,Supervisión técnica,Conducciones zona norte,Ramal de acceso conducción superior 7 - Afectación marco metálico HEB-160,No,,No,7/junio/2025,INT-OC-CYS-1065/25
3590b22d,05/06/2025,CYS,Contrato CW 276532,Supervisión de control de laboratorio ensayos de calidad,Casa de máquinas y obras anexas,Incumplimiento Contractual - Extracción de Núcleos y Ensayos de Resistencia de Concreto Lanzado,No,,No,13/junio/2025,INT-OC-CYS-1124/25
3f699792,05/06/2025,CYS,Contrato CW 276532,Supervisión de seguridad y salud en el trabajo,Sin Frente,Hallazgos inspección de vehículos y maquinaria.,No,,No,7/junio/2025,INT-OC-CYS-1066/25
b0db4401,06/06/2025,CYS,Contrato CW 276532,Supervisión técnica,Obras en las descargas,Túnel descarga 3- Regularización- Afectación vaciado,No,,No,7/junio/2025,INT-OC-CYS-1068/25
342ee2f5,06/06/2025,CYS,Contrato CW 276532,Supervisión contractual,Sin Frente,Seguimiento al programa general - AMB7,No,,Si,16/junio/2025,INT-OC-CYS-1140/25
c1bdd8b7,06/06/2025,CYS,Contrato CW 276532,Supervisión de seguridad física,Sin Frente,Informe de actividades de seguridad física mayo de 2025,Si,CYS-CW276532-PHI-01607,No,11/junio/2025,INT-OC-CYS-1109/25
6348f116,06/06/2025,CYS,Contrato CW 276532,Supervisión técnica,Almenaras y obras anexas,Columnas etapa 2 planos y cartillas de refuerzo,Si,CYS-CW276532-PHI-01621,No,14/julio/2025,INT-OC-CYS-1339/25
2f406bea,06/06/2025,CYS,Contrato CW 276532,Supervisión de control de laboratorio ensayos de calidad,Sin Frente,Incidente Operativo en Planta Domat-30 y Requerimiento Urgente de Plan de Mantenimiento,No,,No,7/junio/2025,INT-OC-CYS-1064/25
df001693,06/06/2025,CYS,Contrato CW 276532,Supervisión de seguridad y salud en el trabajo,Sin Frente,Solicitud información investigación accidente laboral Armilson de Jesús Chanci Torres CC. 1.037.264.163,No,,No,8/junio/2025,INT-OC-CYS-1075/25
b8c107a4,06/06/2025,CYS,Contrato CW 276532,Supervisión de seguridad y salud en el trabajo,Sin Frente,Remisión ayuda de memoria reunión No.14 - Recorridos de seguridad,No,,Si,7/junio/2025,INT-OC-CYS-1067/25
942f5a52,07/06/2025,CYS,Contrato CW 276532,Supervisión técnica,Zonas de deposito obras finales,Depósito Ticuitá Sur - Inadecuado manejo de la zona del depósito,No,,No,,
aac19758,07/06/2025,CYS,Contrato CW 276532,Supervisión de seguridad y salud en el trabajo,Sin Frente,Remisión acta de comité obligaciones laborales en SST No. 16 y 17,No,,Si,8/junio/2025,INT-OC-CYS-1076/25
238d2fa6,07/06/2025,CYS,Contrato CW 276532,Supervisión técnica,Almenaras y obras anexas,Almenara 2 - Columnas etapa 1- Planos y cartilla de refuerzo,Si,CYS-CW276532-PHI-01569,No,8/junio/2025,INT-OC-CYS-1078/25
63c4d0d6,07/06/2025,CYS,Contrato CW 276532,Supervisión de control de laboratorio ensayos de calidad,Sin Frente,Plan de calibración y verificación de plantas de concreto Janeoo JS y Domat DMPE-4A,Si,CYS-CW276532-PHI-01622,No,10/junio/2025,INT-OC-CYS-1103/25
1809b82a,07/06/2025,CYS,Contrato CW 276532,Supervisión técnica,Presa y obras anexas,Afectación inicio de concretos EL 192-20 Ejes E-F Unidad 7,Si,CYS-CW276532-PHI-01628,No,1/septiembre/2025,INT-OC-CYS-1767/25
f416c899,07/06/2025,CYS,Contrato CW 276532,Supervisión técnica,Descarga intermedia,Drenajes adicionales Descarga Intermedia,Si,NC-134-25,No,,
7b2218f5,07/06/2025,CYS,Contrato CW 276532,Supervisión técnica,Almenaras y obras anexas,"Procedimiento para trabajos soldadura en equipos, tubería y soportes revisión 1",Si,CYS-CW276532-PHI-01613,No,21/junio/2025,INT-OC-CYS-1182/25
2d2e0b1c,07/06/2025,CYS,Contrato CW 276532,Supervisión técnica,Presa y obras anexas,Pantalla cortaflujo procedimiento de construcción,Si,CYS-CW276532-PHI-01617,No,2/agosto/2025,INT-OC-CYS-1487/25
d9b261e2,07/06/2025,CYS,Contrato CW 276532,Supervisión técnica,Tapones de túneles y galerías de acceso y construcción,Cerramiento galeria de acceso a galeria de construcción G3,No,,No,10/junio/2025,INT-OC-CYS-1100/25
75f13980,08/06/2025,CYS,Contrato CW 276532,Supervisión técnica,Sin Frente,Estado de cumplimiento comités de obra Consorcio CYS –Mayo de 2025.,No,,No,9/junio/2025,INT-OC-CYS-1082/25
467a2f30,08/06/2025,CYS,Contrato CW 276532,Supervisión técnica,Casa de máquinas y obras anexas,Casa de máquinas - Muro Aguas Abajo – Planos de despiece acero de refuerzo,Si,CYS-CW276532-PHI-01409,No,9/junio/2025,INT-OC-CYS-1085/25
334823fe,08/06/2025,CYS,Contrato CW 276532,Supervisión de seguridad y salud en el trabajo,Sin Frente,Remisión ayuda de memoria reunión No.15 - Recorridos de seguridad,No,,Si,9/junio/2025,INT-OC-CYS-1083/25
9dc7019d,08/06/2025,CYS,Contrato CW 276532,Supervisión técnica,Casa de máquinas y obras anexas,Galería de barras No.5 – Formaletas – Acero de refuerzo,Si,CYS-CW276532-01430,No,11/junio/2025,INT-OC-CYS-1106/25
a7e3a214,09/06/2025,CYS,Contrato CW 276532,Supervisión técnica,Almenaras y obras anexas,Producción de Concreto- Afectación Actividades,No,,No,10/junio/2025,INT-OC-CYS-1093/25
99209790,09/06/2025,CYS,Contrato CW 276532,Supervisión socioambiental,Sin Frente,Informe Socioambiental correspondiente al mes de mayo de 2025,Si,CYS-CW276532-PHI-01614,No,18/junio/2025,INT-OC-CYS-1163/25
067ea58c,09/06/2025,CYS,Contrato CW 276532,Supervisión técnica,Sin Frente,Relocalización piezómetro a Galería D Norte  (PCV-GDN-02),Si,NC-135-25,No,12/junio/2025,INT-OC-CYS-1118/25
8ff8ad69,09/06/2025,CYS,Contrato CW 276532,Supervisión de seguridad y salud en el trabajo,Sin Frente,Remisión acta de comité SST No. 17,No,,Si,10/junio/2025,INT-OC-CYS-1096/25
dcfe142b,09/06/2025,CYS,Contrato CW 276532,Supervisión técnica,Casa de máquinas y obras anexas,Casa de máquinas - Muro aguas arriba - Planos de despiece acero de refuerzo. CYS-CW276532-PHI-01392,Si,CYS-CW276532-PHI-01392,No,11/junio/2025,INT-OC-CYS-1110/25
5ad776f4,09/06/2025,CYS,Contrato CW 276532,Supervisión técnica,Descarga intermedia,Drenajes adicionales - Descarga intermedia,Si,NC-134-25,No,,
ad1d64d2,09/06/2025,CYS,Contrato CW 276532,Supervisión técnica,Conducciones zona sur,Pozos de presión - Unidades 5 a 8 - Estructuras de contención temporales en brocales. CYS-CW276532-01241.,Si,CYS-CW276532-01241,No,12/junio/2025,INT-OC-CYS-1112/25
57d2c0f4,09/06/2025,CYS,Contrato CW 276532,Supervisión técnica,Casa de máquinas y obras anexas,Estado de inspección de los tensores localizados aguas arriba de Casa de Maquinas y restitución del tensor tipo C N. 138,Si,D-PHI-COP-0321-2025,No,12/junio/2025,INT-OC-CYS-1119/25
3c5ca37b,10/06/2025,CYS,Contrato CW 276532,Supervisión técnica,Casa de máquinas y obras anexas,Tubo de aspiración - Puntales temporales,Si,CYS-CW276532-PHI-01615,No,17/agosto/2025,INT-OC-CYS-1638/25
43aacc88,10/06/2025,CYS,Contrato CW 276532,Supervisión de riesgos,Sin Frente,Cumplimiento código de buenas practicas en riesgos para túneles  y obras subterráneas.,Si,CYS-CW276532-PHI-01623,No,15/junio/2025,INT-OC-CYS-1133/25
60552979,10/06/2025,CYS,Contrato CW 276532,Supervisión técnica,Almenaras y obras anexas,Almenara 2 - Platinas tipo 2 y 3.,Si,CYS-CW276532-PHI-01626,No,,
33b31e34,10/06/2025,CYS,Contrato CW 276532,Supervisión de costos,Sin Frente,"Formalización de APUs conciliados, Acta de Modificación Bilateral No. 8 - Sus comunicaciones CYS-CW276532-PHI-01529, CYS-CW276532-PHI-01562, CYS-CW276532-PHI-01589.",Si,"CYS-CW276532-PHI-01529, CYS-CW276532-PHI-01562, CYS-CW276532-PHI-01589",No,12/junio/2025,INT-OC-CYS-1113/25
83b71879,10/06/2025,CYS,Contrato CW 276532,Supervisión técnica,Casa de máquinas y obras anexas,Galerías de barras - Plataforma elevada,Si,CYS-CW276532-PHI-01625,No,2/agosto/2025,INT-OC-CYS-1486/25
c82ebb58,10/06/2025,CYS,Contrato CW 276532,Supervisión de seguridad y salud en el trabajo,Sin Frente,Solicitud información investigación accidente laboral Albeiro Enrique Bohórquez Lozano CC. 78763491,No,,No,11/junio/2025,INT-OC-CYS-1107/25
d811547f,10/06/2025,CYS,Contrato CW 276532,Supervisión técnica,Almenaras y obras anexas,Columnas etapa 2 - Planos de taller y cartillas de refuerzo,Si,CYS-CW276532-PHI-01627,No,4/julio/2025,INT-OC-CYS-1278/25
a898b26c,10/06/2025,CYS,Contrato CW 276532,Supervisión técnica,Casa de máquinas y obras anexas,Losa EL. 199.00 y pedestales Unidad 5 - Planos de taller - Acero de refuerzo,Si,CYS-CW276532-PHI-01629,No,17/agosto/2025,INT-OC-CYS-1639/25
44c756f3,10/06/2025,CYS,Contrato CW 276532,Supervisión técnica,Almenaras y obras anexas,Planos de taller - Acero de refuerzo,Si,CYS-CW276532-PHI-01630,No,16/julio/2025,INT-OC-CYS-1356/25
9d92cfd5,10/06/2025,CYS,Contrato CW 276532,Supervisión de seguridad y salud en el trabajo,Sin Frente,Solicitud información investigación accidente laboral Asdrubal Muñoz Pérez CC. 70632612,No,,No,11/junio/2025,INT-OC-CYS-1108/25
951cb4c1,10/06/2025,CYS,Contrato CW 276532,Supervisión de seguridad y salud en el trabajo,Sin Frente,Cumplimiento de evaluaciones médicas ocupacionales periódicas y reinducciones SST vigentes en su totalidad,No,,No,14/junio/2025,INT-OC-CYS-1130/25
9009ac79,10/06/2025,CYS,Contrato CW 276532,Supervisión de gestión documental y calidad,Sin Frente,Desviaciones de legibilidad soportes acta de obra ejecutada No. 14.,Si,CYS-CW276532-PHI-01543.,No,12/junio/2025,INT-OC-CYS-1115/25
1c60580f,10/06/2025,CYS,Contrato CW 276532,Supervisión técnica,Túneles de aspiración,"Corte del acero de refuerzo expuesto en hastiales de túneles de aspiración N. 5, 6 y 7.",Si,NC-138-25,No,15/junio/2025,INT-OC-CYS-1137/25
2205b239,11/06/2025,CYS,Contrato CW 276532,Supervisión de gestión documental y calidad,Sin Frente,Desviaciones de legibilidad soportes acta de obra ejecutada No. 13 y No. 14 - Alcance comunicaciones INT-OC-CYS-0761-25 y INT-OC-CYS-0978-25.,No,,No,,
c2cd43b8,11/06/2025,CYS,Contrato CW 276532,Supervisión técnica,Sin Frente,Mesa de trabajo No 002- Revisión planos de taller de acero de refuerzo-Ayuda de memoria,No,,Si,12/junio/2025,INT-OC-CYS-1114/25
332224c7,11/06/2025,CYS,Contrato CW 276532,Supervisión de gestión documental y calidad,Sin Frente,Desviaciones de legibilidad soportes acta de obra ejecutada No. 13 y No. 14 - Alcance comunicaciones INT-OC-CYS-0761-25 y INT-OC-CYS-0978-25.,No,,No,12/junio/2025,INT-OC-CYS-1121/25
557e66b9,11/06/2025,CYS,Contrato CW 276532,Supervisión de seguridad y salud en el trabajo,Sin Frente,Solicitud investigación incidente durante fragmentación con rompex,No,,No,14/junio/2025,INT-OC-CYS-1128/25
da137990,11/06/2025,CYS,Contrato CW 276532,Supervisión técnica,Conducciones zona sur,Conducción superior ramal N°6 - Galería 320 - Sistema de drenaje,No,,No,14/junio/2025,INT-OC-CYS-1129/25
d1e36177,11/06/2025,CYS,Contrato CW 276532,Supervisión técnica,Consolidación y conglomeración macizo perturbado zona sur,Inactividad de inyección de aglutinamiento en la Galería Exploratoria 290 Margen Derecha.,No,,No,12/junio/2025,INT-OC-CYS-1123/25
40918652,11/06/2025,CYS,Contrato CW 276532,Supervisión de seguridad y salud en el trabajo,Túnel de acceso y galerías de construcción de la central,Cierre temporal del túnel de acceso a Casa de Máquinas,Si,CYS-CW276532-PHI-01608,No,2/julio/2025,INT-OC-CYS-1256/25
1dd6e3f4,11/06/2025,CYS,Contrato CW 276532,Supervisión de seguridad física,Sin Frente,Documentos de seguridad física diciembre del 2024,Si,CYS-CW276532-PHI-01624,No,14/junio/2025,INT-OC-CYS-1127/25
fed76200,11/06/2025,CYS,Contrato CW 276532,Supervisión técnica,Almenaras y obras anexas,Pórtico de manejo de  compuertas de aspiración - Consulta tubería de inyección,Si,CYS-CW276532-PHI-01631,No,21/junio/2025,INT-OC-CYS-1181/25
6ecb7ad9,11/06/2025,CYS,Contrato CW 276532,Supervisión técnica,Conducciones zona sur,Perfiles metálicos para entronques en ramales inferiores N. 7 y N.8,Si,CYS-CW276532-PHI-01632,No,,
00238d3b,11/06/2025,CYS,Contrato CW 276532,Supervisión técnica,Conducciones zona sur,Ramal superior numero 6 - Concreto reforzado.,Si,CYS-CW276532-PHI-01633,No,,
1cdab82a,11/06/2025,CYS,Contrato CW 276532,Supervisión técnica,Almenaras y obras anexas,Soldadura de tubería y platina inoxidable -WPS y PQR,Si,CYS-CW276532-PHI-01635,No,18/junio/2025,INT-OC-CYS-1161/25
3f2d2eb9,11/06/2025,CYS,Contrato CW 276532,Supervisión socioambiental,Sin Frente,Seguimiento personal extranjero,Si,CYS-CW276532-PHI-01636,No,17/junio/2025,INT-OC-CYS-1148/25
35918aac,11/06/2025,CYS,Contrato CW 276532,Supervisión técnica,Sin Frente,Estado de cumplimiento compromisos comités de obra mayo de 2025,Si,CYS-CW276532-PHI-01637,No,12/agosto/2025,INT-OC-CYS-1596/25
825378b4,11/06/2025,CYS,Contrato CW 276532,Supervisión de riesgos,Sin Frente,Cumplimento código de buenas practicas en riesgos para túneles y obras subterráneas,Si,CYS-CW276532-PHI-01638,No,,
b580a5a3,11/06/2025,CYS,Contrato CW 276532,Supervisión técnica,Conducciones zona sur,Secuencia de demolición de revestimiento del tramo de empalme,Si,CYS-CW276532-PHI-01640,No,5/agosto/2025,INT-OC-CYS-1542/25
b3cc3673,11/06/2025,CYS,Contrato CW 276532,Supervisión técnica,Sin Frente,Plano deposito Ticuita Sur - Distribución acopios,Si,CYS-CW276532-PHI-01641,No,19/junio/2025,INT-OC-CYS-1166/25
bb85f556,11/06/2025,CYS,Contrato CW 276532,Supervisión técnica,Caverna de transformadores y obras anexas,Drenajes caverna de transformadores,Si,D-PHI-COP-0322-2025,No,29/junio/2025,INT-OC-CYS-1232/25
dedc9c5d,11/06/2025,CYS,Contrato CW 276532,Supervisión técnica,Almenaras y obras anexas,Oficialización instructivos de campo conducciones y almenara 2,Si,D-PHI-COP-0323-2025,No,19/junio/2025,INT-OC-CYS-1165/25
c405b96e,11/06/2025,CYS,Contrato CW 276532,Supervisión de seguridad y salud en el trabajo,Sin Frente,Reiteración de atención a observaciones plan 17,No,,No,14/junio/2025,INT-OC-CYS-1131/25
e7f82f3f,11/06/2025,CYS,Contrato CW 276532,Supervisión de seguridad y salud en el trabajo,Sin Frente,Solicitud soportes de egreso de subcontratista Serviminas,No,,No,14/junio/2025,INT-OC-CYS-1132/25
5caf7ff3,12/06/2025,CYS,Contrato CW 276532,Supervisión socioambiental,Sin Frente,Galería D – Planta de concreto DOMAT30 – Planta de concreto 100m3– Desviaciones manejo de Aguas Residuales no Domésticas (ARnD),No,,No,13/junio/2025,INT-OC-CYS-1126/25
cfb8c907,12/06/2025,CYS,Contrato CW 276532,Supervisión técnica,Galerías y pozos de compuertas,"Oficialización instructivos de campo GCIS Ramal 5, Galería D sur, GCIS R6 y Galería Comunicaciones / Galería acceso a los pozos de compuertas EL. 435, Almenara 2.",Si,D-PHI-COP-0324-2025,No,17/junio/2025,INT-OC-CYS-1147/25
dafecb3c,12/06/2025,CYS,Contrato CW 276532,Supervisión técnica,Casa de máquinas y obras anexas,Casa de Máquinas sur  - Planos de Taller. Pedestales de apoyo tubo de aspiración. CYS-CW276532-01510,Si,CYS-CW276532-01510,No,,
1963172d,12/06/2025,CYS,Contrato CW 276532,Supervisión técnica,Descarga intermedia,Descarga Intermedia y obras anexas - Infiltraciones de agua piso Descarga Intermedia.,Si,D-PHI-COP-0325-2025,No,15/junio/2025,INT-OC-CYS-1134/25
050c781e,12/06/2025,CYS,Contrato CW 276532,Supervisión técnica,Sin Frente,Formalización compromisos Recorrido mesa de constructibilidad 22-marzo-2025,No,,Si,17/junio/2025,INT-OC-CYS-1146/25
0e88fddc,12/06/2025,CYS,Contrato CW 276532,Supervisión técnica,Sin Frente,Formalización compromisos – Recorrido de obra - mesa de constructibilidad 7-junio-2025,No,,Si,16/junio/2025,INT-OC-CYS-1143/25
18e3b975,13/06/2025,CYS,Contrato CW 276532,Supervisión contractual,Sin Frente,Envío de actas de comité de programación CYS No. 28 a 35 y 43,No,,Si,13/junio/2025,INT-OC-CYS-1125/25
2211b9ef,14/06/2025,CYS,Contrato CW 276532,Supervisión de seguridad y salud en el trabajo,Sin Frente,Informe mensual SST mayo 2025,Si,CYS-CW276532-PHI-01639,No,10/julio/2025,INT-OC-CYS-1315/25
49f5dc6e,14/06/2025,CYS,Contrato CW 276532,Supervisión técnica,Almenaras y obras anexas,Platina tipo 2 y 3,Si,CYS-CW276532-PHI-01642,No,20/junio/2025,INT-OC-CYS-1174/25
57dd4925,14/06/2025,CYS,Contrato CW 276532,Supervisión socioambiental,Sin Frente,Atención observaciones informe mensual socioambiental abril de 2025,Si,CYS-CW276532-PHI-01643,No,18/junio/2025,INT-OC-CYS-1158/25
3cefd699,14/06/2025,CYS,Contrato CW 276532,Supervisión de seguridad y salud en el trabajo,Sin Frente,Presentación hoja de vida personal HSE,Si,CYS-CW276532-PHI-01644,No,17/junio/2025,INT-OC-CYS-1149/25
79be8436,14/06/2025,CYS,Contrato CW 276532,Supervisión técnica,Sin Frente,Stock de materiales e insumos para producción de concretos,Si,CYS-CW276532-PHI-01645,No,23/agosto/2025,INT-OC-CYS-1691/25
6f8af0db,14/06/2025,CYS,Contrato CW 276532,Supervisión técnica,Sin Frente,Entrega de registro diarios de excavaciones subterráneas - Del 8 al 15 y 16 al 31 mayo de 2025,Si,CYS-CW276532-PHI-01646,No,,
70b097c2,14/06/2025,CYS,Contrato CW 276532,Supervisión técnica,Almenaras y obras anexas,Soldadura AWS1.4: A tope indirecta con dos barras de separación Figura 5.3 (c) - WPS y PQR,Si,CYS-CW276532-PHI-01647,No,18/junio/2025,INT-OC-CYS-1164/25
6d7d8422,14/06/2025,CYS,Contrato CW 276532,Supervisión técnica,Sin Frente,Certificado de operadores Grúa - Almeja,Si,CYS-CW276532-PHI-01652,No,2/julio/2025,INT-OC-CYS-1249/25
68d81417,14/06/2025,CYS,Contrato CW 276532,Supervisión técnica,Casa de máquinas y obras anexas,Consulta de interferencia del acero de refuerzo y tuberías embebidas alrededor del tubo aspirador de la unidades 5 a 8,Si,D-PHI-COP-0326-2025,No,24/junio/2025,INT-OC-CYS-1200/25
39cd4435,14/06/2025,CYS,Contrato CW 276532,Supervisión técnica,Almenaras y obras anexas,Ajuste en sección de columnas entre niveles 220.00 y 232.40 m s.n.m y de tuberías embebidas - Entrega de planos,Si,D-PHI-COP-0327-2025,No,24/junio/2025,INT-OC-CYS-1199/25
b9430ffa,14/06/2025,CYS,Contrato CW 276532,Supervisión técnica,Conducciones zona sur,Ajuste y aclaraciones inyecciones de consolidación - Ramales superiores,Si,D-PHI-COP-0328-2025,No,17/junio/2025,INT-OC-CYS-1154/25
e1d5d7e7,14/06/2025,CYS,Contrato CW 276532,Supervisión técnica,Túneles de aspiración,Instrumentación túnel de aspiración 8,Si,NC-142-25,No,16/junio/2025,INT-OC-CYS-1141/25
dee14554,14/06/2025,CYS,Contrato CW 276532,Supervisión técnica,Conducciones zona sur,Recuperación Ramales Inferiores No. 7 y No.8- Inactividades,No,,No,30/junio/2025,INT-OC-CYS-1236/25
259733a7,14/06/2025,CYS,Contrato CW 276532,Supervisión técnica,Conducciones zona sur,Recuperación Rama inferior No.8- Continuidad actividades zona de entronque,No,,No,,
1d01e325,15/06/2025,CYS,Contrato CW 276532,Supervisión técnica,Casa de máquinas y obras anexas,Zona sur - Muros de hastiales aguas arriba y abajo - Demolición en estructuras remanentes - Entrega de nueva revisión del plano DC-PHI-062-CCM-DM-S-055,Si,D-PHI-COP-0329-2025,No,16/junio/2025,INT-OC-CYS-1139/25
1dd9a0b8,15/06/2025,CYS,Contrato CW 276532,Supervisión técnica,Túneles de aspiración,Corte de Barras de refuerzo en tramos 3 y 4 del Túnel de Aspiración N. 7,Si,D-PHI-COP-0331-2025,No,20/junio/2025,INT-OC-CYS-1176/25
21aacbc6,15/06/2025,CYS,Contrato CW 276532,Supervisión técnica,Sin Frente,Certificados de materiales del 01 al 15 de mayo de 2025,Si,CYS-CW276532-PHI-01653,No,19/junio/2025,INT-OC-CYS-1168/25
98732582,15/06/2025,CYS,Contrato CW 276532,Supervisión técnica,Galerías y pozos de compuertas,Instalación de piezómetros de cuerda vibrátil para los sectores de Galería D sector norte y en la Plazoleta 435 Pozo de Compuertas,Si,CYS-CW276532-PHI-01648,No,29/julio/2025,INT-OC-CYS-1446/25
29e11da7,15/06/2025,CYS,Contrato CW 276532,Supervisión técnica,Casa de máquinas y obras anexas,Instalación  de extensómetros,Si,CYS-CW276532-PHI-01649,No,1/septiembre/2025,INT-OC-CYS-1774/25
843ec6f6,15/06/2025,CYS,Contrato CW 276532,Supervisión técnica,Casa de máquinas y obras anexas,Instalación de extensómetros,Si,CYS-CW276532-PHI-01650,No,24/junio/2025,INT-OC-CYS-1197/25
851161d4,15/06/2025,CYS,Contrato CW 276532,Supervisión de costos,Sin Frente,"Formalización de APUs conciliados,  Acta modificación Bilateral No. 8",Si,CYS-CW276532-PHI-01651,No,,
14a6eb83,15/06/2025,CYS,Contrato CW 276532,Supervisión técnica,Almenaras y obras anexas,"Viga entre ejes E-F, Unidad No. 7 - Desviaciones en alineamientos de pórtico",Si,CYS-CW276532-PHI-01656,Si,1/septiembre/2025,INT-OC-CYS-1765/25
fb66beba,15/06/2025,CYS,Contrato CW 276532,Supervisión de seguridad y salud en el trabajo,Casa de máquinas y obras anexas,Condición y acción subestándar trabajo en alturas,No,,No,16/junio/2025,INT-OC-CYS-1144/25
e0866ed1,16/06/2025,CYS,Contrato CW 276532,Supervisión técnica,Conducciones zona sur,Recomendaciones técnicas para el control de infiltraciones Galería C,Si,D-PHI-COP-0335-2025,No,28/junio/2025,INT-OC-CYS-1224/25
a9ad75ee,16/06/2025,CYS,Contrato CW 276532,Supervisión técnica,Casa de máquinas y obras anexas,Oficialización de instructivo de campo Casa de Máquinas y Aspirador 7,Si,D-PHI-COP-0336-2025,No,4/julio/2025,INT-OC-CYS-1273/25
f514c594,16/06/2025,CYS,Contrato CW 276532,Supervisión técnica,Caverna de transformadores y obras anexas,Drenajes - Corrección en la denominación de figura técnica y recomendaciones complementarias,Si,D-PHI-COP-0338-2025,No,,
8507b889,16/06/2025,CYS,Contrato CW 276532,Supervisión técnica,Obras en las descargas,Reubicación puntos de control superficial PCS-ESA-25 y PCS-ESA-26,Si,NC-144-25,No,22/junio/2025,INT-OC-CYS-1187/25
16735350,16/06/2025,CYS,Contrato CW 276532,Supervisión de seguridad y salud en el trabajo,Sin Frente,Requerimiento de acciones correctivas para actividades de fragmentación de roca con Rompex,No,,No,16/junio/2025,INT-OC-CYS-1145/25
eddfd470,16/06/2025,CYS,Contrato CW 276532,Supervisión técnica,Casa de máquinas y obras anexas,"Inspección visual a la cara inferior de la estructura remanente de la losa aérea de nivel 199,00 m.s.n.m., aproximadamente entre abscisas K0+136,20 y K0+141,00, y a sus columnas anexas remanentes entre niveles 193,00 y 199,00 m.s.n.m.",Si,D-PHI-COP-0337-2025,No,3/julio/2025,INT-OC-CYS-1261/25
bcc0c32b,16/06/2025,CYS,Contrato CW 276532,Supervisión técnica,Zonas de deposito obras finales,Disponibilidad de equipos y maquinaria en el Depósito Ticuitá Sur,No,,No,28/junio/2025,INT-OC-CYS-1226/25
93e1eecf,16/06/2025,CYS,Contrato CW 276532,Supervisión técnica,Descarga intermedia,Oficialización IC-112-2025,Si,NC-145-25,Si,18/junio/2025,INT-OC-CYS-1157/25
443da131,16/06/2025,CYS,Contrato CW 276532,Supervisión de seguridad y salud en el trabajo,Sin Frente,Solicitud información investigación accidente laboral Jose Edixson Pabon Rincon CC.13275405.,No,,No,17/junio/2025,INT-OC-CYS-1151/25
75477127,16/06/2025,CYS,Contrato CW 276532,Supervisión contractual,Sin Frente,Envío de ayudas de memoria de las mesas de trabajo No. 007 a 010,No,,Si,17/junio/2025,INT-OC-CYS-1153/25
5fcb18d2,16/06/2025,CYS,Contrato CW 276532,Supervisión contractual,Sin Frente,Envío de ayudas de memoria de las mesas de trabajo Nos. 011 a 019,No,,Si,17/junio/2025,INT-OC-CYS-1152/25
2260fb60,16/06/2025,CYS,Contrato CW 276532,Supervisión técnica,Consolidación y conglomeración macizo perturbado zona sur,Inyecciones de consolidación en los ramales 5 a 8,Si,D-PHI-COP-0339-2025,No,24/julio/2025,INT-OC-CYS-1415/25
3d6b9e0b,16/06/2025,CYS,Contrato CW 276532,Supervisión técnica,Túneles de aspiración,"Reporte inspección concretos y refuerzo tramos 2, 3 y 4 del túnel de aspiración N. 5",Si,D-PHI-COP-0343-2025,No,,
8031f9e1,17/06/2025,CYS,Contrato CW 276532,Supervisión técnica,Sin Frente,Entrega acta de comité de obra No 071,No,,Si,18/junio/2025,INT-OC-CYS-1162/25
9881d7cf,17/06/2025,CYS,Contrato CW 276532,Supervisión contractual,Almenaras y obras anexas,Actualización programa construcción pórtico de almenara 2,No,,No,18/junio/2025,INT-OC-CYS-1160/25
d91c88b3,17/06/2025,CYS,Contrato CW 276532,Supervisión técnica,Conducciones zona sur,Perforaciones de aglutinamiento pozo de presión 5,Si,D-PHI-COP-0344-2025,Si,15/julio/2025,INT-OC-CYS-1349/25
61dd512e,17/06/2025,CYS,Contrato CW 276532,Supervisión técnica,Conducciones zona sur,"Rehabilitación del ramal de la Conducción superior 7- Fragmentación con ""Rompex"" para avance de excavación",No,,No,27/junio/2025,INT-OC-CYS-1219/25
c0b40c03,17/06/2025,CYS,Contrato CW 276532,Supervisión socioambiental,Instalaciones provisionales obras finales,Cierre de inspección conjunta GI-AM-04-25,Si,CYS-CW276532-PHI-01655,No,26/junio/2025,INT-OC-CYS-1217/25
bb84bc0b,17/06/2025,CYS,Contrato CW 276532,Supervisión técnica,Casa de máquinas y obras anexas,Observaciones instalación de aspersores para el manejo de material particulado,Si,CYS-CW276532-PHI-01657,No,26/junio/2025,INT-OC-CYS-1214/25
182d3c73,17/06/2025,CYS,Contrato CW 276532,Supervisión técnica,Casa de máquinas y obras anexas,Redes de drenaje - Material especificado para tubería,Si,CYS-CW276532-PHI-01659,No,20/junio/2025,INT-OC-CYS-1178/25
33ed9ae8,17/06/2025,CYS,Contrato CW 276532,Supervisión técnica,Almenaras y obras anexas,Soldadura AWS D1.4,Si,CYS-CW276532-PHI-01660,No,21/junio/2025,INT-OC-CYS-1185/25
64c73bce,17/06/2025,CYS,Contrato CW 276532,Supervisión de control de laboratorio ensayos de calidad,Sin Frente,Plan metrológico y certificados de calibración de los equipos de obras,Si,CYS-CW276532-PHI-01664,No,26/junio/2025,INT-OC-CYS-1210/25
540f8f76,17/06/2025,CYS,Contrato CW 276532,Supervisión socioambiental,Sin Frente,Solicitud de información para la atención de la queja interpuesta por la señora Estefany Ramírez Navarro,No,,Si,18/junio/2025,INT-OC-CYS-1159/25
155dde78,18/06/2025,CYS,Contrato CW 276532,Supervisión socioambiental,Obras externas plazoleta de compuertas y captación,Emisiones planta de lechada EL 435,No,,Si,19/junio/2025,INT-OC-CYS-1167/25
27f91454,18/06/2025,CYS,Contrato CW 276532,Supervisión técnica,Casa de máquinas y obras anexas,Conformación cuadrilla de mantenimiento,No,,No,28/junio/2025,INT-OC-CYS-1227/25
16f8bb8a,18/06/2025,CYS,Contrato CW 276532,Supervisión técnica,Sin Frente,Entrega informe de revisión de instrumentación geotécnica.,Si,CYS-CW276532-PHI-01661,No,2/julio/2025,INT-OC-CYS-1247/25
bfc63a5d,18/06/2025,CYS,Contrato CW 276532,Supervisión técnica,Sin Frente,Observaciones diseño y medidas de manejo ambiental para la operación de la estación de servicio (EDS).,Si,CYS-CW276532-PHI-01662,No,2/julio/2025,INT-OC-CYS-1250/25
2c27a04d,18/06/2025,CYS,Contrato CW 276532,Supervisión técnica,Sin Frente,"Procedimiento para trabajos de soldadura en equipos, tubería y soportes. Revisión 2.",Si,CYS-CW276532-PHI-01663,No,24/junio/2025,INT-OC-CYS-1196/25
e9a0ceb0,18/06/2025,CYS,Contrato CW 276532,Supervisión socioambiental,Sin Frente,Observaciones al plan de manejo de tránsito.,Si,CYS-CW276532-PHI-01665,No,26/junio/2025,INT-OC-CYS-1213/25
eca5db3d,18/06/2025,CYS,Contrato CW 276532,Supervisión técnica,Casa de máquinas y obras anexas,Pórtico puente grúa aguas abajo en sala de montajes - Ejes 21 a 23.,Si,CYS-CW276532-PHI-01666,No,,
97aff981,18/06/2025,CYS,Contrato CW 276532,Supervisión técnica,Almenaras y obras anexas,Procedimientos y calificaciones de soldadura AWS D1.4.,Si,CYS-CW276532-PHI-01667,No,21/junio/2025,INT-OC-CYS-1184/25
088bec5a,18/06/2025,CYS,Contrato CW 276532,Supervisión técnica,Conducciones zona sur,Estado de gestión consecución y llegada a obra material explosivo.,Si,CYS-CW276532-PHI-01669,No,14/septiembre/2025,INT-OC-CYS-1918/25
ec752cba,18/06/2025,CYS,Contrato CW 276532,Supervisión técnica,Conducciones zona sur,Perforación exploratoria Galería C.,Si,NC-149-25,No,29/junio/2025,INT-OC-CYS-1233/25
dc9ef63d,18/06/2025,CYS,Contrato CW 276532,Supervisión técnica,Sin Frente,Adecuaciones en cerramiento.,Si,NC-141-25,No,,
da3c4303,19/06/2025,CYS,Contrato CW 276532,Supervisión de seguridad y salud en el trabajo,Sin Frente,Solicitud de información para actualización de PGRDEPP (V9) - PHI,No,,No,19/junio/2025,INT-OC-CYS-1172/25
45a8a57f,19/06/2025,CYS,Contrato CW 276532,Supervisión técnica,Casa de máquinas y obras anexas,Casa de Máquinas – Planos de Taller – Puntales de transferencia de Tensores - Muro aguas arriba. CYS-CW276532-PHI-01512,Si,CYS-CW276532-PHI-01512,No,23/junio/2025,INT-OC-CYS-1194/25
999d548b,19/06/2025,CYS,Contrato CW 276532,Supervisión de riesgos,Sin Frente,Cumplimiento código de buenas practicas en riesgos para túneles y obras subterráneas,Si,CYS-CW276532-PHI-01674,No,24/junio/2025,INT-OC-CYS-1195/25
17434dc5,19/06/2025,CYS,Contrato CW 276532,Supervisión técnica,Casa de máquinas y obras anexas,Casa de Máquinas – Planos de Taller – Anclajes BAL 8 - Muro aguas arriba. CYS-CW276532-01517,Si,CYS-CW276532-01517,No,20/junio/2025,INT-OC-CYS-1177/25
e224a019,19/06/2025,CYS,Contrato CW 276532,Supervisión técnica,Casa de máquinas y obras anexas,Asunto: Gestión técnica. Casa de Máquinas – Planos de Taller – Tensores activos - Muro aguas abajo.CYS-CW276532-01516,Si,CYS-CW276532-01516,No,23/junio/2025,INT-OC-CYS-1193/25
9e3c1a87,19/06/2025,CYS,Contrato CW 276532,Supervisión técnica,Presa y obras anexas,Pantalla corta flujo panel de prueba,SI,CYS-CW276532-PHI-01668,No,30/junio/2025,INT-OC-CYS-1239/25
50c50cee,19/06/2025,CYS,Contrato CW 276532,Supervisión socioambiental,Sin Frente,Atención derecho petición interpuesta por el señor Andrés Felipe Tovar Vega,Si,CYS-CW276532-PHI-01672,No,25/junio/2025,INT-OC-CYS-1208/25
9967da49,19/06/2025,CYS,Contrato CW 276532,Supervisión contractual,Sin Frente,Informe técnico mensual mayo de 2025,Si,CYS-CW276532-PHI-01673,No,24/junio/2025,INT-OC-CYS-1204/25
4c150ea4,19/06/2025,CYS,Contrato CW 276532,Supervisión técnica,Tapones de túneles y galerías de acceso y construcción,Cerramiento galería de accesp a galería de construcción G3,Si,NC-141-25,Si,,
706ac0de,19/06/2025,CYS,Contrato CW 276532,Supervisión técnica,Casa de máquinas y obras anexas,"Casa de maquinas galerías de barra y obras anexas. Edificio de Servicio Sur. Actualización niveles 222,00 y 227,00",Si,D-PHI-COP-0348-2025,No,23/junio/2025,INT-OC-CYS-1190/25
14aaed25,19/06/2025,CYS,Contrato CW 276532,Supervisión técnica,Conducciones zona sur,Entrega de los planos de la obra civil con las excavaciones y previsiones para el ingreso y montaje del blindaje de las conducciones superiores e inferiores y concreto de empotramiento de los pozos de presión N° 5 a N° 8,Si,D-PHI-COP-0349-2025,No,23/junio/2025,INT-OC-CYS-1191/25
cee32d4e,19/06/2025,CYS,Contrato CW 276532,Supervisión de seguridad y salud en el trabajo,Sin Frente,Solicitud información accidente vial,No,,No,21/junio/2025,INT-OC-CYS-1180/25
950e6c55,19/06/2025,CYS,Contrato CW 276532,Supervisión técnica,Almenaras y obras anexas,Almenara 2. Viga inferior del pórtico. Plano y despiece de acero de refuerzo. CYS-CW276532-01541,Si,CYS-CW276532-01541,No,,
5f65d9ca,19/06/2025,CYS,Contrato CW 276532,Supervisión técnica,Sin Frente,Entrega acta de comite de obra No. 072,No,,Si,21/junio/2025,INT-OC-CYS-1179/25
4b9a0278,20/06/2025,CYS,Contrato CW 276532,Supervisión técnica,Casa de máquinas y obras anexas,Viga puente grúa detalle figura geométrica grabado,Si,D-PHI-COP-0351-2025,No,24/junio/2025,INT-OC-CYS-1198/25
657399a9,20/06/2025,CYS,Contrato CW 276532,Supervisión de seguridad y salud en el trabajo,Casa de máquinas y obras anexas,Orden reiterada de Interventoría - Restricción de uso plataformas puente grúa de construcción,No,,No,21/junio/2025,INT-OC-CYS-1183/25
2e49d3ae,20/06/2025,CYS,Contrato CW 276532,Supervisión de gestión documental y calidad,Sin Frente,Desviaciones de legibilidad soportes actas de obra ejecutadas números 13 y 14,Si,CYS-CW276532-PHI-01658,No,,
384dc352,20/06/2025,CYS,Contrato CW 276532,Supervisión socioambiental,Sin Frente,Información de PQRS No 14 recibida mediante correo electrónico,Si,CYS-CW276532-PHI-01683,No,26/junio/2025,INT-OC-CYS-1215/25
d662e3ea,21/06/2025,CYS,Contrato CW 276532,Supervisión técnica,Casa de máquinas y obras anexas,Casa de Máquinas – Escaleras Tipo 3 y 4 – Planos de despiece acero de refuerzo. CYS-CW276532-PHI-01402.,Si,CYS-CW276532-PHI-01402,No,23/junio/2025,INT-OC-CYS-1192/25
f9aafd2f,21/06/2025,CYS,Contrato CW 276532,Supervisión de riesgos,Sin Frente,Entrega Plan de Gestión de Riesgos y Cadena de llamadas EPM Versión 13,No,,Si,22/junio/2025,INT-OC-CYS-1188/25
050ee751,21/06/2025,CYS,Contrato CW 276532,Supervisión técnica,Casa de máquinas y obras anexas,Zona sur hastial aguas abajo Oquedad 1 restitución en concreto prerrequisito para la construcción del muro en hastial,Si,D-PHI-COP-0354-2025,No,7/julio/2025,INT-OC-CYS-1301/25
e5a8752b,21/06/2025,CYS,Contrato CW 276532,Supervisión técnica,Almenaras y obras anexas,Columnas tapa 1 planos y cartillas de refuerzo,Si,CYS-CW276532-PHI-01675,No,18/julio/2025,INT-OC-CYS-1370/25
4b6a1e8f,21/06/2025,CYS,Contrato CW 276532,Supervisión técnica,Almenaras y obras anexas,Viga EL 201.700 Planos y cartillas de refuerzo,Si,CYS-CW276532-PHI-01676,No,8/julio/2025,INT-OC-CYS-1305/25
efc0e70c,21/06/2025,CYS,Contrato CW 276532,Supervisión técnica,Sin Frente,Galería G3 CTIFS Comparativo sección topográfica de excavación y sección teórica del cerramiento,Si,CYS-CW276532-PHI-01677,No,26/junio/2025,INT-OC-CYS-1209/25
c3f79ef4,21/06/2025,CYS,Contrato CW 276532,Supervisión técnica,Almenaras y obras anexas,Almenara 2 resultados de checheo topográfico y solicitud de definición,Si,CYS-CW276532-PHI-01678,No,,
70379b8c,21/06/2025,CYS,Contrato CW 276532,Supervisión técnica,Sin Frente,Procedimiento para instalación del sistema de puesta a tierra,Si,CYS-CW276532-PHI-01679,No,3/julio/2025,INT-OC-CYS-1263/25
34acc9fb,22/06/2025,CYS,Contrato CW 276532,Supervisión técnica,Sin Frente,Almenara 2 pórtico de compuertas afectación inicio de concretos EL 192.20EJES E-F Unidades  N° 7,Si,CYS-CW276532-PHI-01680,No,1/septiembre/2025,INT-OC-CYS-1768/25
48ef8e1b,22/06/2025,CYS,Contrato CW 276532,Supervisión técnica,Sin Frente,Almenara 2 Losa EL 192.20  Planos de taller sistema de puesta a tierra,Si,CYS-CW276532-PHI-01681,No,25/junio/2025,INT-OC-CYS-1207/25
b1cf50a2,22/06/2025,CYS,Contrato CW 276532,Supervisión técnica,Sin Frente,Afectación programática y económica derrumbes viales entre 10 al 11 de junio 2025,Si,CYS-CW276532-PHI-01682,No,13/agosto/2025,INT-OC-CYS-1602/25
8bf6d615,22/06/2025,CYS,Contrato CW 276532,Supervisión técnica,Presa y obras anexas,Pantalla corta flujo panel de prueba,Si,CYS-CW276532-PHI-01684,No,,
409c71e2,22/06/2025,CYS,Contrato CW 276532,Supervisión técnica,Almenaras y obras anexas,Resultados de chequeo topográfico y solicitud de definición,Si,CYS-CW276532-PHI-01685,No,28/julio/2025,INT-OC-CYS-1433/25
7438f966,22/06/2025,CYS,Contrato CW 276532,Supervisión socioambiental,Sin Frente,Cierre inspección conjunta GI-AM-03-25 Y Desviaciones manejo de aguas residuales no domesticas,Si,CYS-CW276532-PHI-01686,No,2/julio/2025,INT-OC-CYS-1253/25
f9539ac4,22/06/2025,CYS,Contrato CW 276532,Supervisión de seguridad y salud en el trabajo,Sin Frente,Entrega ayuda de memoria - Condiciones subestándar maniobras con rompex,No,,Si,22/junio/2025,INT-OC-CYS-1189/25
ee3fe24c,22/06/2025,CYS,Contrato CW 276532,Supervisión técnica,Casa de máquinas y obras anexas,"Concepto técnico respecto a los reportes presentados por el Contratista CYS de pruebas de carga realizadas a anclajes a roca tipo BAL 10 en el hastial agua arriba, bajo la galería de  barras N° 6 previstas para el sostenimiento de una plataforma de trabajo.",Si,D-PHI-COP-0355-2025,No,21/julio/2025,INT-OC-CYS-1389/25
58f11e11,22/06/2025,CYS,Contrato CW 276532,Supervisión técnica,Sin Frente,Informe de seguimiento de la instrumentación entre el 16 de mayo y el 15 de junio de 2025,Si,D-PHI-COP-0356-2025,No,,
1847fd4f,22/06/2025,CYS,Contrato CW 276532,Supervisión técnica,Descarga intermedia,Entrega de informe de verificación del proceso de llenado de la descarga intermedia,Si,D-PHI-COP-0358-2025,No,,
54101148,22/06/2025,CYS,Contrato CW 276532,Supervisión técnica,Casa de máquinas y obras anexas,Estado de inspección de los tensores localizados aguas arriba de Casa de Maquina  y restitución del tensor tipo C 47C Y 110C,Si,D-PHI-COP-0362-2025,No,28/junio/2025,INT-OC-CYS-1228/25
404dfd1d,22/06/2025,CYS,Contrato CW 276532,Supervisión técnica,Casa de máquinas y obras anexas,Restitución de tensores tipo C.,No,,Si,,
3864ea35,23/06/2025,CYS,Contrato CW 276532,Supervisión de seguridad física,Sin Frente,Entrega actas comités de seguridad física 015-016,No,,Si,24/junio/2025,INT-OC-CYS-1201/25
5795f68f,23/06/2025,CYS,Contrato CW 276532,Supervisión técnica,Conducciones zona sur,Galería D sur - Ramal 6 – Control de calidad contenido de fibra en concreto lanzado.,No,,No,6/julio/2025,INT-OC-CYS-1294/25
fd9770d3,23/06/2025,CYS,Contrato CW 276532,Supervisión de seguridad y salud en el trabajo,Sin Frente,Orden reiterada documentación contractual - SG-SST,No,,No,24/junio/2025,INT-OC-CYS-1203/25
f3704bac,23/06/2025,CYS,Contrato CW 276532,Supervisión de seguridad y salud en el trabajo,Casa de máquinas y obras anexas,Condiciones y actos subestándar,No,,No,24/junio/2025,INT-OC-CYS-1202/25
0cd80f4c,24/06/2025,CYS,Contrato CW 276532,Supervisión técnica,Casa de máquinas y obras anexas,Empalmes por traslapo de barras de acero de refuerzo en columnas de los pórticos del puente grúa.,Si,D-PHI-COP-0364-2025,No,,
a952ffb0,24/06/2025,CYS,Contrato CW 276532,Supervisión técnica,Almenaras y obras anexas,Pórtico de manejo de compuertas. Viga de fundación entre ejes E y F. Concepto frente a situación reportada por el contratista CYS y su alternativa de solución propuesta,Si,D-PHI-COP-0365-2025,No,8/julio/2025,INT-OC-CYS-1306/25
88f08c63,24/06/2025,CYS,Contrato CW 276532,Supervisión de seguridad y salud en el trabajo,Sin Frente,Solicitud información investigación accidente laboral Carlos Andrés Asprilla Pinilla CC.82384535,No,,No,2/julio/2025,INT-OC-CYS-1252/25
0768fafd,24/06/2025,CYS,Contrato CW 276532,Supervisión de seguridad y salud en el trabajo,Sin Frente,Solicitud información investigación accidente laboral Darwin Alberto Marin Velasquez CC.8.431.410,No,,No,1/julio/2025,INT-OC-CYS-1244/25
e9e0e13d,24/06/2025,CYS,Contrato CW 276532,Supervisión socioambiental,Sin Frente,Seguimiento PQRS,Si,CYS-CW276532-PHI-01687,No,26/junio/2025,INT-OC-CYS-1216/25
c7e84cf2,24/06/2025,CYS,Contrato CW 276532,Supervisión técnica,Sin Frente,Certificación acoples Barsplice,Si,CYS-CW276532-PHI-01689,No,26/julio/2025,INT-OC-CYS-1428/25
ff6c9420,24/06/2025,CYS,Contrato CW 276532,Supervisión técnica,Sin Frente,Definiciones en el manejo de RCD pétreos en el deposito Ticuita sur,Si,CYS-CW276532-PHI-01690,No,4/julio/2025,INT-OC-CYS-1279/25
43635eec,24/06/2025,CYS,Contrato CW 276532,Supervisión de seguridad y salud en el trabajo,Casa de máquinas y obras anexas,Hallazgos pendientes por cierre inspección conjunta 57,Si,CYS-CW276532-PHI-01691,No,10/julio/2025,INT-OC-CYS-1319/25
9aeb9af8,24/06/2025,CYS,Contrato CW 276532,Supervisión de seguridad y salud en el trabajo,Casa de máquinas y obras anexas,Hallazgos pendientes por atención inspección conjunta  60 y 61,Si,CYS-CW276532-PHI-01692,No,11/julio/2025,INT-OC-CYS-1323/25
f868e44a,24/06/2025,CYS,Contrato CW 276532,Supervisión de control de laboratorio ensayos de calidad,Sin Frente,Plan de calibración y verificación de plantas de concreto Janeoo-60 Domat 100,Si,CYS-CW276532-PHI-01694,No,28/junio/2025,INT-OC-CYS-1229/25
4129d429,24/06/2025,CYS,Contrato CW 276532,Supervisión de control de laboratorio ensayos de calidad,Sin Frente,Resultados de ensayos de laboratorio al agua para concreto,Si,CYS-CW276532-PHI-01695,No,30/junio/2025,INT-OC-CYS-1237/25
75bdb4b5,24/06/2025,CYS,Contrato CW 276532,Supervisión técnica,Sin Frente,Excavaciones subterráneas control de vibraciones fragmentación con Rompex,Si,CYS-CW276532-PHI-01699,No,17/julio/2025,INT-OC-CYS-1359/25
54325c22,25/06/2025,CYS,Contrato CW 276532,Supervisión técnica,Descarga intermedia,Infiltraciones de agua en el piso,No,,No,25/junio/2025,INT-OC-CYS-1206/25
a9a65c41,25/06/2025,CYS,Contrato CW 276532,Supervisión de seguridad física,Sin Frente,Hoja de vida coordinador seguridad física,Si,CYS-CW276532-PHI-01559,No,26/junio/2025,INT-OC-CYS-1211/25
1b868bde,25/06/2025,CYS,Contrato CW 276532,Supervisión contractual,Sin Frente,Seguimiento al programa de trabajo de AMB7- Con corte al 23 de junio de 2025,No,,No,28/junio/2025,INT-OC-CYS-1221/25
976ec3f7,25/06/2025,CYS,Contrato CW 276532,Supervisión técnica,Descarga intermedia,Infiltraciones de agua en el piso,No,,Si,2/julio/2025,INT-OC-CYS-1246/25
f0d8ff66,25/06/2025,CYS,Contrato CW 276532,Supervisión técnica,Obras externas plazoleta de compuertas y captación,Inactividad de la perforación para instrumento IN-GAP-17,No,,No,28/junio/2025,INT-OC-CYS-1230/25
281d100c,19/06/2025,CYS,Contrato CW 276532,Supervisión técnica,Sin Frente,Formalización compromisos recorridos mesa de constructibilidad,No,,Si,,
2dc2f8c7,25/06/2025,CYS,Contrato CW 276532,Supervisión técnica,Conducciones zona sur,Conducción Superior 6- Galería de Infiltración y Drenaje 320- Fallo Sistema Bombeo,No,,No,8/julio/2025,INT-OC-CYS-1303/25
9b19cae4,25/06/2025,CYS,Contrato CW 276532,Supervisión técnica,Sin Frente,Formalización compromisos recorrido mesa de constructibilidad,No,,Si,26/junio/2025,INT-OC-CYS-1212/25
e6c5155d,25/06/2025,CYS,Contrato CW 276532,Supervisión técnica,Sin Frente,Formalización compromisos-Recorrido de obra mesa de constructibilidad,No,,Si,,
54c5f662,25/06/2025,CYS,Contrato CW 276532,Supervisión técnica,Puentes grúa,Actividades pendientes para puesta en operación del puente grúa Unidades 7 y 8,Si,CYS-CW276532-PHI-01688,No,3/julio/2025,INT-OC-CYS-1260/25
3a02edb2,25/06/2025,CYS,Contrato CW 276532,Supervisión de seguridad y salud en el trabajo,Sin Frente,Presentación hoja de vida personal SST,Si,CYS-CW276532-PHI-01696,No,13/julio/2025,INT-OC-CYS-1331/25
a22824a5,25/06/2025,CYS,Contrato CW 276532,Supervisión técnica,Almenaras y obras anexas,PRE-WPS-CYS002 Procedimiento de soldadura AWS D1.4 Filete exterior,Si,CYS-CW276532-PHI-01697,No,3/julio/2025,INT-OC-CYS-1258/25
265b8813,25/06/2025,CYS,Contrato CW 276532,Supervisión técnica,Almenaras y obras anexas,Aclaración documento 10 PC-HSEQ-ME-CYS-02-F07,Si,CYS-CW276532-PHI-01698,No,3/julio/2025,INT-OC-CYS-1259/25
1f1dd10a,25/06/2025,CYS,Contrato CW 276532,Supervisión técnica,Sin Frente,Planta concreto Estado planta DMPE100-4A,Si,CYS-CW276532-PHI-01700,No,3/julio/2025,INT-OC-CYS-1270/25
cb56cb7e,25/06/2025,CYS,Contrato CW 276532,Supervisión técnica,Sin Frente,Plan de calibración  y verificación de plantas de concreto complemento comunicado CYS-CW276532-PHI-01694,Si,CYS-CW276532-PHI-01702,No,3/julio/2025,INT-OC-CYS-1266/25
dc1ee473,25/06/2025,CYS,Contrato CW 276532,Supervisión socioambiental,Sin Frente,Seguimiento PQRS,Si,CYS-CW276532-PHI-01703,No,,
4ad9769f,26/06/2025,CYS,Contrato CW 276532,Supervisión técnica,Casa de máquinas y obras anexas,"Reconfiguración de tensores Geotécnicos 40C, 41C y 47C.",Si,NC-150-25,No,29/junio/2025,INT-OC-CYS-1234/25
7c4bd0ea,26/06/2025,CYS,Contrato CW 276532,Supervisión técnica,Sin Frente,Formalización compromisos – Recorrido de obra - mesa de constructibilidad 21-junio-2025.,No,,Si,26/junio/2025,INT-OC-CYS-1218/25
bf70aad2,26/06/2025,CYS,Contrato CW 276532,Supervisión socioambiental,Requerimientos de EPM o entidades externas,Reiteración solicitud de información para la atención de la queja interpuesta por la señora Estefany Ramírez Navarro,No,,No,27/junio/2025,INT-OC-CYS-1220/25
604577c2,26/06/2025,CYS,Contrato CW 276532,Supervisión técnica,Conducciones zona sur,Procedimiento de rehabilitación,Si,CYS-CW276532-PHI-01705,No,14/agosto/2025,INT-OC-CYS-1615/25
a8dc11cc,26/06/2025,CYS,Contrato CW 276532,Supervisión técnica,Conducciones zona sur,Conducción Inferior 8- Zona de Entronque,No,,No,29/junio/2025,INT-OC-CYS-1231/25
42ec7d35,27/06/2025,CYS,Contrato CW 276532,Supervisión contractual,Sin Frente,Envío de ayudas de memoria de las mesas de trabajo Nos. 020 a 023,No,,Si,28/junio/2025,INT-OC-CYS-1225/25
13b62294,27/06/2025,CYS,Contrato CW 276532,Supervisión de control de laboratorio ensayos de calidad,Sin Frente,Caracterización de agregados en plantas de producción de concreto - CYS compromisos comité 75,Si,CYS-CW276532-PHI-01712,No,5/julio/2025,INT-OC-CYS-1285/25
7ed07537,27/06/2025,CYS,Contrato CW 276532,Supervisión de control de laboratorio ensayos de calidad,Sin Frente,Resultados ensayos de laboratorio del agua para el concreto,Si,CYS-CW276532-PHI-01718,No,,
ec7242e8,27/06/2025,CYS,Contrato CW 276532,Supervisión técnica,Galerías y pozos de compuertas,Afectación del inclinómetro IN-CAP-03A localización en la plazoleta pozos de compuertas,Si,NC-152-25,No,2/julio/2025,INT-OC-CYS-1251/25
45c30f88,27/06/2025,CYS,Contrato CW 276532,Supervisión técnica,Casa de máquinas y obras anexas,"Inspección visual y verificación geométrica de la cara inferior de la estructura remanente de la losa aérea de nivel 19,86 m.s.n.m, aproximadamente entre abscisas K0+153,85 y K0+164,35 y de sus columnas anexas remanentes entre niveles 193,00 y 199,86 m.s.n.m",Si,D-PHI-COP-0368-2025,No,3/agosto/2025,INT-OC-CYS-1498/25
4b861638,28/06/2025,CYS,Contrato CW 276532,Supervisión técnica,Almenaras y obras anexas,"Nivelación del piso en concreto a la cota 192,20 - Sobreexcavaciones",Si,NC-153-25,No,6/julio/2025,INT-OC-CYS-1295/25
7ac95d53,28/06/2025,CYS,Contrato CW 276532,Supervisión de seguridad y salud en el trabajo,Sin Frente,Solicitud información investigación accidente laboral Ancizar  Arango Buritica CC. 78763491.,No,,Si,30/junio/2025,INT-OC-CYS-1238/25
e916417b,28/06/2025,CYS,Contrato CW 276532,Supervisión técnica,Presa y obras anexas,Pantalla cortaflujo - Secuencia constructiva tratamiento en margen derecha,Si,CYS-CW276532-PHI-01706,No,17/julio/2025,INT-OC-CYS-1360/25
ca783247,28/06/2025,CYS,Contrato CW 276532,Supervisión de riesgos,Sin Frente,Informe mensual de la Gestión Riesgos mayo 2025,Si,CYS-CW276532-PHI-01709,No,3/julio/2025,INT-OC-CYS-1268/25
e9957e38,28/06/2025,CYS,Contrato CW 276532,Supervisión técnica,Conducciones zona sur,Pozo de presión - Procedimiento rehabilitación - Formatos SST,Si,CYS-CW276532-PHI-01711,No,17/julio/2025,INT-OC-CYS-1357/25
099f1356,28/06/2025,CYS,Contrato CW 276532,Supervisión técnica,Conducciones zona sur,Entibados ramales Superiores 7 y 8,Si,CYS-CW276532-PHI-01715,No,17/agosto/2025,INT-OC-CYS-1640/25
0ba74405,28/06/2025,CYS,Contrato CW 276532,Supervisión de seguridad y salud en el trabajo,Casa de máquinas y obras anexas,Disponibilidad tripulación de ambulancias TAM y TAB,Si,CYS-CW276532-PHI-01716,No,12/julio/2025,INT-OC-CYS-1330/25
be3f5113,28/06/2025,CYS,Contrato CW 276532,Supervisión técnica,Almenaras y obras anexas,Suspensión de actividades de construcción de la viga inferior por falta de definición de inconsistencia topográfica presentadas,Si,CYS-CW276532-PHI-01717,No,,
0b62d64a,28/06/2025,CYS,Contrato CW 276532,Supervisión técnica,Conducciones zona sur,Excavación - Roca masiva conducción suprior 7,Si,CYS-CW276532-PHI-01719,No,6/agosto/2025,INT-OC-CYS-1552/25
3cb64ba0,28/06/2025,CYS,Contrato CW 276532,Supervisión técnica,Casa de máquinas y obras anexas,Primer vaciado de oquedad pared aguas bajo,Si,CYS-CW276532-PHI-01720,No,22/agosto/2025,INT-OC-CYS-1680/25
55efaedc,28/06/2025,CYS,Contrato CW 276532,Supervisión técnica,Almenaras y obras anexas,Certificado de soldador WPQ - RO-3 AWS D1.4 3 F,Si,CYS-CW276532-PHI-01721,No,4/julio/2025,INT-OC-CYS-1282/25
2b2f3571,28/06/2025,CYS,Contrato CW 276532,Supervisión técnica,Sin Frente,Certificados de materiales del 16 al 31 de mayo de 2025,Si,CYS-CW276532-PHI-01722,No,5/julio/2025,INT-OC-CYS-1288/25
3731483a,28/06/2025,CYS,Contrato CW 276532,Supervisión técnica,Casa de máquinas y obras anexas,Afectación blindo barra del puente grúa de 300 t,Si,CYS-CW276532-PHI-01701,No,5/julio/2025,INT-OC-CYS-1287/25
bca6c684,28/06/2025,CYS,Contrato CW 276532,Supervisión técnica,Presa y obras anexas,Panel de prueba - Consideraciones a tener en cuenta para la ejecución de la actividad.,No,,No,1/julio/2025,INT-OC-CYS-1242/25
efc90e15,29/06/2025,CYS,Contrato CW 276532,Supervisión técnica,Conducciones zona sur,Solicitud curado de concreto lanzado de la conducción superior - Ramal 8.,No,,No,30/junio/2025,INT-OC-CYS-1235/25
004854af,29/06/2025,CYS,Contrato CW 276532,Supervisión socioambiental,Instalaciones provisionales obras finales,Cierre de inspección conjunta GI-AM-05-25,No,,Si,1/julio/2025,INT-OC-CYS-1240/25
80b790d9,29/06/2025,CYS,Contrato CW 276532,Supervisión socioambiental,Sin Frente,Manejo inadecuado de Aguas Residuales Domésticas (ARND) y no Domésticas (ARnD) y superficiales frentes de obra,No,,No,1/julio/2025,INT-OC-CYS-1241/25
71983a97,30/06/2025,CYS,Contrato CW 276532,Supervisión técnica,Casa de máquinas y obras anexas,Monitoreo de convergencias Túnel de Descarga 4,Si,NC-156-25,No,13/julio/2025,INT-OC-CYS-1335/25
a531e717,30/06/2025,CYS,Contrato CW 276532,Supervisión técnica,Vertedero y obras anexas,Drenajes aguas arriba de la losa de micropilotes,Si,D-PHI-COP-0370-2025,Si,2/julio/2025,INT-OC-CYS-1248/25
48fc8548,30/06/2025,CYS,Contrato CW 276532,Supervisión técnica,Obras en las descargas,Emboquille entre la Almenara 2 y el Túnel de Descarga N°3 y N°4,Si,D-PHI-COP-0371-2025,No,14/julio/2025,INT-OC-CYS-1336/25
8a24a04e,30/06/2025,CYS,Contrato CW 276532,Supervisión técnica,Casa de máquinas y obras anexas,Estado de inspección de los tensores localizados aguas arriba de Casa de Máquinas y resituación del tensor tipo C N°186C.,Si,D-PHI-COP-0372-2025,No,4/julio/2025,INT-OC-CYS-1274/25
a515be62,30/06/2025,CYS,Contrato CW 276532,Supervisión de riesgos,Sin Frente,Informe mensual de la Gestión de Riesgos abril de 2025,Si,CYS-CW276532-PHI-01708,No,3/julio/2025,INT-OC-CYS-1265/25
226b197f,30/06/2025,CYS,Contrato CW 276532,Supervisión de control de laboratorio ensayos de calidad,Sin Frente,Informe de resultados ensayo abrasión diseño FL 336.,Si,CYS-CW276532-PHI-01714,No,2/julio/2025,INT-OC-CYS-1255/25
2333e1dd,30/06/2025,CYS,Contrato CW 276532,Supervisión técnica,Sin Frente,"Plan aprovisionamiento de cimbras, encofrados y andamios - Concretos de la central subterráneas",Si,CYS-CW276532-PHI-01707,No,2/septiembre/2025,INT-OC-CYS-1778/25
07712d75,30/06/2025,CYS,Contrato CW 276532,Supervisión técnica,Presa y obras anexas,Entrega perfil geológico del sector capitanes,Si,CYS-CW276532-PHI-01710,No,8/agosto/2025,INT-OC-CYS-1560/25
257728a5,30/06/2025,CYS,Contrato CW 276532,Supervisión socioambiental,Sin Frente,Solicitud información para la atención de la queja interpuesta por la señora Estefany Ramírez Navarro - LINEA VITAL,Si,CYS-CW276532-PHI-01725,No,3/julio/2025,INT-OC-CYS-1262/25
f5dec76b,30/06/2025,CYS,Contrato CW 276532,Supervisión socioambiental,Sin Frente,Plano deposito Ticuitá Sur - Distribución acopios,Si,CYS-CW276532-PHI-01726,No,4/julio/2025,INT-OC-CYS-1276/25
17b361c7,30/06/2025,CYS,Contrato CW 276532,Supervisión técnica,Casa de máquinas y obras anexas,Inspección visual y verificación geométrica de estructura remanente  del pedestal tipo L para apoyo del tubo de aspiración de la unidad No. 7,Si,D-PHI-COP-0373-2025,No,,
2d81bc07,30/06/2025,CYS,Contrato CW 276532,Supervisión técnica,Sin Frente,Perforaciones pasantes de drenaje desde Galería 320 hacía Galería 265,No,,No,1/julio/2025,INT-OC-CYS-1245/25
fb19129d,01/07/2025,CYS,Contrato CW 276532,Supervisión técnica,Presa y obras anexas,Pantalla cortaflujo - Socialización procedimiento PC-HSEQ-CI-CYS.75 Rev. 3 - Ayuda de memoria,No,,Si,4/julio/2025,INT-OC-CYS-1277/25
1afcc501,01/07/2025,CYS,Contrato CW 276532,Supervisión técnica,Casa de máquinas y obras anexas,Casa de máquinas - Consulta detalles de refuerzo pórtico del puente grúa. CYS-CW276532-PHI-01236,Si,CYS-CW276532-PHI-01236,Si,,
76bc8a1a,01/07/2025,CYS,Contrato CW 276532,Supervisión técnica,Casa de máquinas y obras anexas,Restitución y tratamiento geotécnico oquedad 1.,No,,Si,,
9b383624,01/07/2025,CYS,Contrato CW 276532,Supervisión técnica,Almenaras y obras anexas,"Procedimiento para trabajos de soldadura en equipos, tubería y soportes. Revisión 3 - C",Si,CYS-CW276532-PHI-01723,No,10/julio/2025,INT-OC-CYS-1313/25
812322af,01/07/2025,CYS,Contrato CW 276532,Supervisión socioambiental,Sin Frente,Observaciones informe mensual Socioambiental - Mayo de 2025.,Si,CYS-CW276532-PHI-01724,No,10/julio/2025,INT-OC-CYS-1316/25
68d8190b,01/07/2025,CYS,Contrato CW 276532,Supervisión técnica,Casa de máquinas y obras anexas,Tubo de aspiración - Interferencias entre líneas de tubería y acero de refuerzo. CYS-CW276532-PHI-01310,Si,CYS-CW276532-PHI-01310,Si,,
f47c2bfc,01/07/2025,CYS,Contrato CW 276532,Supervisión técnica,Casa de máquinas y obras anexas,Metodología constructiva para los concretos de las unidades 5 a 8.,Si,CYS-CW276532-PHI-01727,No,7/agosto/2025,INT-OC-CYS-1558/25
b5997770,01/07/2025,CYS,Contrato CW 276532,Supervisión técnica,Almenaras y obras anexas,Vigas EL.220.00 - Planos de taller y cartillas de refuerzo.,Si,CYS-CW276532-PHI-01728,No,5/agosto/2025,INT-OC-CYS-1537/25
37c14dfc,01/07/2025,CYS,Contrato CW 276532,Supervisión técnica,Casa de máquinas y obras anexas,Columnas tipo 1 a 5 - Planos de taller y cartillas de refuerzo.,Si,CYS-CW276532-PHI-01729,No,5/agosto/2025,INT-OC-CYS-1536/25
29ba80db,01/07/2025,CYS,Contrato CW 276532,Supervisión técnica,Conducciones zona sur,Oficialización IC-056-2025,No,,Si,2/julio/2025,INT-OC-CYS-1254/25
ce56765e,01/07/2025,CYS,Contrato CW 276532,Supervisión técnica,Conducciones zona sur,Registro de logueo de perforación exploratoria INY-PP5-01.,Si,CYS-CW276532-PHI-01730,No,,
b74aff2d,01/07/2025,CYS,Contrato CW 276532,Supervisión técnica,Conducciones zona sur,Esquema perforación nivel 340.08.,Si,CYS-CW276532-PHI-01731,No,,
36835279,01/07/2025,CYS,Contrato CW 276532,Supervisión de seguridad y salud en el trabajo,Sin Frente,Actualización Sistema de gestión de seguridad y salud en el trabajo.,Si,CYS-CW276532-PHI-01732,No,19/julio/2025,INT-OC-CYS-1373/25
976bb07a,02/07/2025,CYS,Contrato CW 276532,Supervisión de riesgos,Sin Frente,Entrega de acta de comité de riesgos No. 019,No,,Si,3/julio/2025,INT-OC-CYS-1264/25
3b33963e,02/07/2025,CYS,Contrato CW 276532,Supervisión técnica,Casa de máquinas y obras anexas,Comité de programación No. 48 y 49. Evaluación programática de escenarios en que haya que reemplazar virolas de los tubos de aspiración remanentes de las unidades de generación No. 5 y 6. Proyecto de demoliciones de concretos reforzados y de empalmes con refuerzos existentes.,Si,D-PHI-COP-0380-2025,Si,3/julio/2025,INT-OC-CYS-1257/25
5f4c8034,02/07/2025,CYS,Contrato CW 276532,Supervisión técnica,Túneles de aspiración,"Reporte inspección Concretos y Refuerzo Tramos 2, 3 y 4 del túnel de aspiración No. 6.",Si,D-PHI-COP-0381-2025,No,,
fdd38d3f,02/07/2025,CYS,Contrato CW 276532,Supervisión técnica,Casa de máquinas y obras anexas,- Sala de Montajes - Demolición viga hastial aguas abajo - Rendimientos,No,,No,4/julio/2025,INT-OC-CYS-1275/25
da8bc86f,02/07/2025,CYS,Contrato CW 276532,Supervisión de seguridad y salud en el trabajo,Sin Frente,Condición y acción subestándar,No,,No,4/julio/2025,INT-OC-CYS-1272/25
70367629,02/07/2025,CYS,Contrato CW 276532,Supervisión de gestión documental y calidad,Sin Frente,Desviaciones de legibilidad soporte acta de obra ejecutada No. 14,Si,CYS-CW276532-PHI-01713,No,,
ff275a8e,02/07/2025,CYS,Contrato CW 276532,Supervisión técnica,Conducciones zona sur,Unidades 5 a 8 - Estructuras de contención temporales en brocales,Si,CYS-CW276532-PHI-01733,No,17/agosto/2025,INT-OC-CYS-1637/25
08e4c6c9,02/07/2025,CYS,Contrato CW 276532,Supervisión técnica,Conducciones zona sur,Inactividades - Rendimientos de Obra,Si,CYS-CW276532-PHI-01734,No,,
6029658e,02/07/2025,CYS,Contrato CW 276532,Supervisión socioambiental,Requerimientos de EPM o entidades externas,Solicitud de información para la atención de la queja interpuesta por la señora Patricia Mariana Rojas Hernández – LINEA VITAL.,No,,Si,3/julio/2025,INT-OC-CYS-1269/25
34dd1731,02/07/2025,CYS,Contrato CW 276532,Supervisión técnica,Estabilidad helipuerto villa luz,Entrega planos de construcción y solicitud de aclaraciones,Si,CYS-CW276532-PHI-01018 y CYS-CW276532-PHI-01027,No,18/julio/2025,INT-OC-CYS-1368/25
8f2e1c14,02/07/2025,CYS,Contrato CW 276532,Supervisión técnica,Casa de máquinas y obras anexas,Asunto: Gestión Técnica – Casa de Máquinas – Muros de confinamiento tubos de aspiración – Planos de despiece acero de refuerzo.CYS-CW276532-PHI-01493,Si,CYS-CW276532-PHI-01493,No,,
6b3a0480,02/07/2025,CYS,Contrato CW 276532,Supervisión técnica,Conducciones zona sur,Procedimiento de Fragmentación de Roca con Cuña Hidráulica,Si,CYS-CW276532-PHI-01059,No,4/julio/2025,INT-OC-CYS-1271/25
2a6cafc0,02/07/2025,CYS,Contrato CW 276532,Supervisión técnica,Sin Frente,Entrega  acta de comité de obra No 073,No,,Si,3/julio/2025,INT-OC-CYS-1267/25
6b574a52,03/07/2025,CYS,Contrato CW 276532,Supervisión socioambiental,Sin Frente,Galería D/ Galería H / Galería 320 – Galería 265 -  Planta de concreto 100m3 – Lechos de secado depósito Ticuitá El. 465 - -STARnD Jarillón Capitanes – Desviaciones manejo de Aguas Residuales no Domésticas (ARnD) y aguas de infiltración.,No,,No,7/julio/2025,INT-OC-CYS-1299/25
5aeaa36a,03/07/2025,CYS,Contrato CW 276532,Supervisión de control de laboratorio ensayos de calidad,Sin Frente,Fibra metálica - Deficiencias de almacenamiento,No,,No,5/julio/2025,INT-OC-CYS-1284/25
853467b9,03/07/2025,CYS,Contrato CW 276532,Supervisión técnica,Almenaras y obras anexas,Almenara 2. Columnas Etapa 2. Plano y despiece de acero de refuerzo. CYS-CW276532-01627,Si,CYS-CW276532-01627,No,,
4589f479,03/07/2025,CYS,Contrato CW 276532,Supervisión técnica,Descarga intermedia,Intervención de puntos con resurgencias de aguas en la losa del túnel,Si,D-PHI-COP-0383-2025,No,19/julio/2025,INT-OC-CYS-1378/25
ae77f1bb,03/07/2025,CYS,Contrato CW 276532,Supervisión socioambiental,Instalaciones provisionales obras finales,Cierre de inspección conjunta GI-AM-06-25,No,,Si,,
4dd7a05b,03/07/2025,CYS,Contrato CW 276532,Supervisión técnica,Sin Frente,Compra de material explosivo Excavación en roca,Si,CYS-CW276532-PHI-01735,No,2/septiembre/2025,INT-OC-CYS-1783/25
fa4956a8,03/07/2025,CYS,Contrato CW 276532,Supervisión de seguridad y salud en el trabajo,Sin Frente,Entrega ayuda memoria Condiciones subestándar maniobra con Rompex,Si,CYS-CW276532-PHI-01736,No,19/julio/2025,INT-OC-CYS-1379/25
3999e1db,03/07/2025,CYS,Contrato CW 276532,Supervisión de seguridad física,Sin Frente,Informe de actividades de seguridad física Junio de 2025,Si,CYS-CW276532-PHI-01738,No,15/julio/2025,INT-OC-CYS-1348/25
af59adef,03/07/2025,CYS,Contrato CW 276532,Supervisión socioambiental,Requerimientos de EPM o entidades externas,Seguimiento reclamación interpuesta por la señora Estefany Ramírez Navarro.,No,,Si,4/julio/2025,INT-OC-CYS-1281/25
ffbbbf19,03/07/2025,CYS,Contrato CW 276532,Supervisión técnica,Conducciones zona sur,"Oficialización instructivos de campo IC-128-2025, IC-130-2025 e IC-131-2025, Ramal superior de la conducción 5",Si,D-PHI-COP-0384-2025,No,15/julio/2025,INT-OC-CYS-1347/25
893a2da7,03/07/2025,CYS,Contrato CW 276532,Supervisión técnica,Sin Frente,"Ajuste y/o reemplazo regletas de medición de medición en tanques recolectores de infiltraciones GIYD 380MD, 320MD Y 265MD",Si,NC-159-25,No,15/julio/2025,INT-OC-CYS-1346/25
cd379491,03/07/2025,CYS,Contrato CW 276532,Supervisión de control de laboratorio ensayos de calidad,Presa y obras anexas,No Conformidad en Almacenamiento de Bentonita,No,,No,5/julio/2025,INT-OC-CYS-1289/25
9d453dcf,04/07/2025,CYS,Contrato CW 276532,Supervisión técnica,Sin Frente,Estado de cumplimiento compromisos comités de obra Consorcio CYS – Junio de 2025.,No,,No,7/julio/2025,INT-OC-CYS-1296/25
997f99ff,04/07/2025,CYS,Contrato CW 276532,Supervisión socioambiental,Instalaciones provisionales obras finales,Cierre de inspección conjunta GI-AM-06-25.,No,,Si,5/julio/2025,INT-OC-CYS-1286/25
5bdab53c,04/07/2025,CYS,Contrato CW 276532,Supervisión de costos,Sin Frente,Acta mensual de obra N° 15 mayo de 2025 AMB3-10 AMB5-05 Y AMB6-01 mayo de 2025,Si,CYS-CW276532-PHI-01654,No,,
d99560de,04/07/2025,CYS,Contrato CW 276532,Supervisión técnica,Sin Frente,Galería G3 CTIFS Cerramiento de la galería,Si,CYS-CW276532-PHI-01737,No,5/agosto/2025,INT-OC-CYS-1523/25
67424777,04/07/2025,CYS,Contrato CW 276532,Supervisión técnica,Informes,Solicitud de entrega de certificados de materiales,No,,No,8/julio/2025,INT-OC-CYS-1309/25
8025ecd4,04/07/2025,CYS,Contrato CW 276532,Supervisión de control de laboratorio ensayos de calidad,Sin Frente,incumplimiento de porcentaje de fibra en obra,No,,No,,
9d0da6cd,04/07/2025,CYS,Contrato CW 276532,Supervisión de seguridad y salud en el trabajo,Sin Frente,Solicitud información investigación accidente laboral Plinio Manuel Cardenas Casiani CC. 78.299.598,No,,No,5/julio/2025,INT-OC-CYS-1290/25
8799c392,04/07/2025,CYS,Contrato CW 276532,Supervisión técnica,Conducciones zona norte,Ramal de acceso conducción superior 5 - Novedades lleno oquedad,No,,No,10/julio/2025,INT-OC-CYS-1314/25
64a7c70e,04/07/2025,CYS,Contrato CW 276532,Supervisión de seguridad y salud en el trabajo,Sin Frente,Solicitud información investigación accidente laboral Estiven Arley Arroyave Mazo CC.1.044.121.766,No,,No,7/julio/2025,INT-OC-CYS-1297/25
922f10f9,04/07/2025,CYS,Contrato CW 276532,Supervisión técnica,Almenaras y obras anexas,Vigas EL 210.600 Planos de taller acero de refuerzo,Si,CYS-CW276532-PHI-01740,No,,
66fff8c8,04/07/2025,CYS,Contrato CW 276532,Supervisión técnica,Conducciones zona sur,Conducciones zona sur Pozos presión 5 a 8 Actualización y entrega de planos para construcción,Si,D-PHI-COP-0385-2025,No,,
d6f76358,04/07/2025,CYS,Contrato CW 276532,Supervisión técnica,Presa y obras anexas,Perforación de drenaje entre galería 320 y galería 265,Si,D-PHI-COP-0386-2025,Si,14/septiembre/2025,INT-OC-CYS-1921/25
6401fd7d,04/07/2025,CYS,Contrato CW 276532,Supervisión técnica,Descarga intermedia,Oficialización IC-129-2025,Si,NC-161-25,Si,6/julio/2025,INT-OC-CYS-1291/25
a320cac8,04/07/2025,CYS,Contrato CW 276532,Supervisión técnica,Sin Frente,Instrumentación geotécnica. Detalle de localización dianas de convergencia en estaciones adicionales Túneles Descarga 4,Si,NC-162-25,No,,
b3ad2aba,04/07/2025,CYS,Contrato CW 276532,Supervisión de control de laboratorio ensayos de calidad,Casa de máquinas y obras anexas,Paradas de producción debido a contaminación de agregados,No,,No,7/julio/2025,INT-OC-CYS-1298/25
189f73ed,04/07/2025,CYS,Contrato CW 276532,Supervisión de control de laboratorio ensayos de calidad,Casa de máquinas y obras anexas,Paradas de producción debido a contaminación de agregados,No,,No,,
a2101cc3,05/07/2025,CYS,Contrato CW 276532,Supervisión de seguridad y salud en el trabajo,Sin Frente,"Hallazgos sin atención inspección conjunta No.62- Vehículos, equipos y maquinaria",No,,Si,6/julio/2025,INT-OC-CYS-1293/25
c3f85cbc,05/07/2025,CYS,Contrato CW 276532,Supervisión de seguridad y salud en el trabajo,Sin Frente,Hallazgos sin atención inspección conjunta No.63,No,,Si,6/julio/2025,INT-OC-CYS-1292/25
1e9f47ab,05/07/2025,CYS,Contrato CW 276532,Supervisión técnica,Casa de máquinas y obras anexas,Procedimiento de instalación de extensómetros MPX y prismas de control superficial,Si,01145,No,7/julio/2025,INT-OC-CYS-1300/25
3efa07bd,05/07/2025,CYS,Contrato CW 276532,Supervisión técnica,Casa de máquinas y obras anexas,"Oficialización instructivos de campo Casa de maquinas, conducciones y aspiradores",Si,D-PHI-COP-0387-2025,No,16/julio/2025,INT-OC-CYS-1355/25
d411dd50,05/07/2025,CYS,Contrato CW 276532,Supervisión técnica,Almenaras y obras anexas,"Diferencias en la localización del pórtico de compuertas de la Almenara 2 con los concretos preexistentes de los aspiradores 5, 6, y 7",Si,D-PHI-COP-0388-2025,No,,
0d7e1623,05/07/2025,CYS,Contrato CW 276532,Supervisión técnica,Almenaras y obras anexas,Túneles de aspiración. Levantamiento topográfico. Comunicación INT-OC-EPM-623/25,No,,Si,,
c4205f78,06/07/2025,CYS,Contrato CW 276532,Supervisión técnica,Presa y obras anexas,Panel de prueba -  Seguimiento actividades,No,,No,9/julio/2025,INT-OC-CYS-1310/25
d95824eb,06/07/2025,CYS,Contrato CW 276532,Supervisión de seguridad y salud en el trabajo,Sin Frente,Requerimiento de acciones correctivas para actividades de fragmentación de roca con Rompex,Si,CYS-CW276532-PHI-01693,No,22/julio/2025,INT-OC-CYS-1404/25
9537dda2,06/07/2025,CYS,Contrato CW 276532,Supervisión de riesgos,Sin Frente,Solicitud de información para actualización del PGRDEPP V9,Si,CYS-CW276532-PHI-01741,No,11/julio/2025,INT-OC-CYS-1324/25
4eda7193,06/07/2025,CYS,Contrato CW 276532,Supervisión socioambiental,Sin Frente,Evacuación de sedimentos finos en los sistemas de tratamiento de aguas no domesticas en descarga 3 y Jarillo Captación,Si,CYS-CW276532-PHI-01742,No,17/julio/2025,INT-OC-CYS-1361/25
ce728349,06/07/2025,CYS,Contrato CW 276532,Supervisión de seguridad y salud en el trabajo,Casa de máquinas y obras anexas,Plataforma galerías de barras - Ayuda de memoria reunión de revisión actividades de montaje,No,,Si,7/julio/2025,INT-OC-CYS-1302/25
05ccb712,07/07/2025,CYS,Contrato CW 276532,Supervisión técnica,Vertedero y obras anexas,Procedimiento de instalación de prismas de control topográfico,Si,CYS-CW276532-PHI-01164,No,10/julio/2025,INT-OC-CYS-1312/25
503edf35,07/07/2025,CYS,Contrato CW 276532,Supervisión técnica,Sin Frente,Registros de logueo de perforaciones exploratorias.,Si,CYS-CW276532-PHI-01743,No,2/septiembre/2025,INT-OC-CYS-1779/25
c2cee078,07/07/2025,CYS,Contrato CW 276532,Supervisión técnica,Conducciones zona sur,Perforaciones de aglutinamiento pozo de presión 6.,Si,D-PHI-COP-0394-2025,No,17/julio/2025,INT-OC-CYS-1358/25
58b2a145,07/07/2025,CYS,Contrato CW 276532,Supervisión técnica,Casa de máquinas y obras anexas,Estado de inspección de los tensores localizados aguas arriba de Casa de Máquinas y restitución de los tensores tipo C No. 179C y No. 180C.,Si,D-PHI-COP-0395-2025,No,,
eb001ed4,07/07/2025,CYS,Contrato CW 276532,Supervisión de gestión documental y calidad,Sin Frente,Desviaciones de legibilidad soportes acta de obra ejecutada No. 15,Si,CYS-CW276532-PHI-01654,No,8/julio/2025,INT-OC-CYS-1308/25
f44e12a7,07/07/2025,CYS,Contrato CW 276532,Supervisión técnica,Sin Frente,Entrega acta de comité de obra No. 074,No,,Si,8/julio/2025,INT-OC-CYS-1307/25
720180c0,08/07/2025,CYS,Contrato CW 276532,Supervisión técnica,Casa de máquinas y obras anexas,Estado de inspección de tensores aguas arriba de Casa de Máquinas Sur y restitución de tensores tipo C No. 179C y 180C,No,,Si,10/julio/2025,INT-OC-CYS-1317/25
4678fa5d,08/07/2025,CYS,Contrato CW 276532,Supervisión socioambiental,Sin Frente,Remisión derecho de petición interpuesto por la señora María Patricia Londoño Osorno – LÍNEA VITAL,No,,Si,10/julio/2025,INT-OC-CYS-1311/25
a10c9d65,08/07/2025,CYS,Contrato CW 276532,Supervisión técnica,Almenaras y obras anexas,Construcción de la viga inferior de la Almenara 2,Si,CYS-CW276532-PHI-01744,No,14/septiembre/2025,INT-OC-CYS-1919/25
d725177b,08/07/2025,CYS,Contrato CW 276532,Supervisión de seguridad y salud en el trabajo,Casa de máquinas y obras anexas,Condiciones inseguras evidenciadas durante el uso de canasta para izaje de personas.,No,,No,10/julio/2025,INT-OC-CYS-1318/25
1b89d3fd,08/07/2025,CYS,Contrato CW 276532,Supervisión socioambiental,Sin Frente,Informe socioambiental correspondiente al mes de junio de 2025,Si,CYS-CW276532-PHI-01746,No,22/julio/2025,INT-OC-CYS-1402/25
dc8eb94e,08/07/2025,CYS,Contrato CW 276532,Supervisión de seguridad y salud en el trabajo,Sin Frente,Protocolo de fragmentación con rompex,Si,CYS-CW276532-PHI-01747,No,22/julio/2025,INT-OC-CYS-1405/25
6308810a,08/07/2025,CYS,Contrato CW 276532,Supervisión socioambiental,Sin Frente,Seguimiento histograma,No,,No,11/julio/2025,INT-OC-CYS-1322/25
d3e397b8,09/07/2025,CYS,Contrato CW 276532,Supervisión técnica,Estabilidad helipuerto villa luz,Lista de chequeo con pendientes de ejecución,Si,CYS-CW276532-PHI-01754,No,30/julio/2025,INT-OC-CYS-1455/25
8a11299f,09/07/2025,CYS,Contrato CW 276532,Supervisión técnica,Conducciones zona sur,Inyección de perno para pedestales de viga monorriel,Si,CYS-CW276532-PHI-01755,No,5/agosto/2025,INT-OC-CYS-1535/25
e01d0f38,09/07/2025,CYS,Contrato CW 276532,Supervisión de control de laboratorio ensayos de calidad,Sin Frente,Resultados de ensayos triaxiales y pinhole concreto plástico,Si,CYS-CW276532-PHI-01756,No,19/julio/2025,INT-OC-CYS-1382/25
98c2d44e,09/07/2025,CYS,Contrato CW 276532,Supervisión técnica,Almenaras y obras anexas,Emboquille entre Almenara 2 y los Túneles de Descarga N° 3 y N°4,Si,D-PHI-COP-0398-2025,No,,
298d21b5,09/07/2025,CYS,Contrato CW 276532,Supervisión técnica,Casa de máquinas y obras anexas,"Localización y ejecución de juntas en el proceso de reconstrucción del pórtico tipo C, parte del pórtico del puente grúa, entre ejes 20 y 23, hacia agua abajo zona de la sala de montajes.",Si,D-PHI-COP-0399-2025,No,15/julio/2025,INT-OC-CYS-1345/25
570f0f65,09/07/2025,CYS,Contrato CW 276532,Supervisión técnica,Almenaras y obras anexas,Remisión de actas de instalación de instrumentación geotécnica,Si,CYS-CW276532-PHI-01190,No,13/julio/2025,INT-OC-CYS-1332/25
c8801185,09/07/2025,CYS,Contrato CW 276532,Supervisión socioambiental,Sin Frente,Seguimiento reclamación interpuesta por la empresa SERVIMINAS,No,,No,,
2184c153,09/07/2025,CYS,Contrato CW 276532,Supervisión técnica,Conducciones zona sur,Conducciones superiores - Inactividades - Rendimientos,Si,CYS-CW276532-PHI-01734,No,19/julio/2025,INT-OC-CYS-1383/25
2d17a2ce,09/07/2025,CYS,Contrato CW 276532,Supervisión técnica,Presa y obras anexas,Pantalla cortaflujo - Socialización procedimiento,Si,CYS-CW276532-PHI-01745,No,29/septiembre/2025,INT-OC-CYS-2073/25
1955fcc4,09/07/2025,CYS,Contrato CW 276532,Supervisión técnica,Sin Frente,Informe visita técnica experto en ventilación,Si,CYS-CW276532-PHI-01753,No,19/julio/2025,INT-OC-CYS-1375/25
9820458b,09/07/2025,CYS,Contrato CW 276532,Supervisión socioambiental,Sin Frente,"Manejo de aguas residuales domesticas y no domesticas, superficiales frentes de obra",Si,CYS-CW276532-PHI-01758,No,24/julio/2025,INT-OC-CYS-1416/25
3b12a6e8,09/07/2025,CYS,Contrato CW 276532,Supervisión técnica,Sin Frente,Informe de seguimiento de la instrumentación entre el 01 y el 30 de junio de 2025,Si,D-PHI-COP-0396-2025,No,,
99655cf4,09/07/2025,CYS,Contrato CW 276532,Supervisión socioambiental,Instalaciones provisionales obras finales,Plano general,Si,CYS-CW276532-PHI-01751,No,11/julio/2025,INT-OC-CYS-1326/25
47a18dfb,09/07/2025,CYS,Contrato CW 276532,Supervisión socioambiental,Zonas de deposito obras finales,Clasificación y entrega de residuos ferrosos,Si,CYS-CW276532-PHI-01752,No,18/julio/2025,INT-OC-CYS-1371/25
bf4224c6,09/07/2025,CYS,Contrato CW 276532,Supervisión socioambiental,Obras externas plazoleta de compuertas y captación,Emisiones planta de lechada EL 435,Si,CYS-CW276532-PHI-01757,Si,24/julio/2025,INT-OC-CYS-1418/25
4d202076,09/07/2025,CYS,Contrato CW 276532,Supervisión técnica,Túneles de aspiración,Levantamientos topográficos,Si,D-PHI-COP-0397-2025,No,,
4be13e24,09/07/2025,CYS,Contrato CW 276532,Supervisión técnica,Conducciones zona sur,Inyecciones de aglutinamiento en los codos inferiores 5 a 8,Si,D-PHI-COP-0401-2025,No,13/julio/2025,INT-OC-CYS-1334/25
0a1edcf9,09/07/2025,CYS,Contrato CW 276532,Supervisión técnica,Casa de máquinas y obras anexas,Estado de inspección de los tensores localizados aguas arriba de Casa de Máquinas y restitución de los tensores tipo C No. 149C a 152C.,Si,D-PHI-COP-0402-2025,No,11/julio/2025,INT-OC-CYS-1325/25
b744f7bd,09/07/2025,CYS,Contrato CW 276532,Supervisión técnica,Casa de máquinas y obras anexas,Informe de extensómetro Mexid con novedad en sensores,Si,CYS-CW276532-PHI-01214,No,13/julio/2025,INT-OC-CYS-1333/25
11950932,10/07/2025,CYS,Contrato CW 276532,Supervisión socioambiental,Sin Frente,Seguimiento de PQRS,No,,No,11/julio/2025,INT-OC-CYS-1321/25
7bf77682,10/07/2025,CYS,Contrato CW 276532,Supervisión socioambiental,Galerías y pozos de compuertas,Galerías D y H - Taller de mantenimiento - Planta de concreto 100M3 - Desviaciones manejo de aguas residuales no Domesticas.,Si,CYS-CW276532-PHI-01748,No,,
eb921cc3,10/07/2025,CYS,Contrato CW 276532,Supervisión técnica,Sin Frente,Entrega acta de comité de obra No 075,No,,Si,11/julio/2025,INT-OC-CYS-1320/25
ca1e0240,10/07/2025,CYS,Contrato CW 276532,Supervisión técnica,Sin Frente,Formalización compromisos Recorridos mesa de constructibilidad.,No,,Si,,
1a72f8cb,11/07/2025,CYS,Contrato CW 276532,Supervisión socioambiental,Sin Frente,Seguimiento atención de reclamaciones laborales que involucran a la empresa LINEA VITAL.,No,,No,11/julio/2025,INT-OC-CYS-1327/25
c0e935f8,11/07/2025,CYS,Contrato CW 276532,Supervisión técnica,Sin Frente,Formalización compromisos – Recorrido de obra – Mesa de constructibilidad 05 de julio de 2025.,No,,Si,12/julio/2025,INT-OC-CYS-1328/25
674cc5ba,11/07/2025,CYS,Contrato CW 276532,Supervisión socioambiental,Sin Frente,Atención derecho de petición interpuesto por el señora Carlos Mario Herrera.,No,,Si,14/julio/2025,INT-OC-CYS-1340/25
785af4d1,11/07/2025,CYS,Contrato CW 276532,Supervisión técnica,Casa de máquinas y obras anexas,Personal rceequerido para el montaje de las instalaciones eléctricas definitivas,No,,No,12/julio/2025,INT-OC-CYS-1329/25
f7bfd401,11/07/2025,CYS,Contrato CW 276532,Supervisión socioambiental,Sin Frente,Seguimiento personal extranjero,Si,CYS-CW276532-PHI-01750,No,15/julio/2025,INT-OC-CYS-1344/25
6c14dd68,11/07/2025,CYS,Contrato CW 276532,Supervisión técnica,Presa y obras anexas,Panel de prueba - Consideraciones a tener en cuenta  para la ejecución de la actividad,Si,CYS-CW276532-PHI-01759,No,5/agosto/2025,INT-OC-CYS-1540/25
9ac646e4,11/07/2025,CYS,Contrato CW 276532,Supervisión técnica,Conducciones zona sur,Conducciones superiores 6 - Infiltración compuerta,Si,CYS-CW276532-PHI-01760,No,5/agosto/2025,INT-OC-CYS-1541/25
189ba879,11/07/2025,CYS,Contrato CW 276532,Supervisión técnica,Sin Frente,Registros de logueo de perforaciones exploratorias,Si,CYS-CW276532-PHI-01761,No,5/agosto/2025,INT-OC-CYS-1524/25
8fa5db86,11/07/2025,cys,Contrato CW 276532,Supervisión técnica,Casa de máquinas y obras anexas,Losa EL. 205 - Planos de refuerzo - Modelo 3D,Si,CYS-CW276532-PHI-01762,No,,
6815e50c,11/07/2025,CYS,Contrato CW 276532,Supervisión socioambiental,Galerías y pozos de compuertas,Galerías D y H - Taller de mantenimiento - Planta de concreto 100m3 – Desviaciones manejo de aguas residuales no Domésticas (ARnD),Si,CYS-CW276532-PHI-01764,No,,
afadede8,11/07/2025,CYS,Contrato CW 276532,Supervisión socioambiental,Zonas de deposito obras finales,Disponibilidad de equipos y maquinaria en el Depósito Ticuitá Sur,Si,CYS-CW276532-PHI-01765,No,19/julio/2025,INT-OC-CYS-1376/25
46785800,11/07/2025,CYS,Contrato CW 276532,Supervisión técnica,Almenaras y obras anexas,Calificación soldador WPQ - Rafael Isnelio Osorio,Si,CYS-CW276532-PHI-01766,No,21/julio/2025,INT-OC-CYS-1393/25
6afa6a54,11/07/2025,CYS,Contrato CW 276532,Supervisión técnica,Almenaras y obras anexas,Calificación soldador WPQ - Carlos Ignacio Loaiza,Si,CYS-CW276532-PHI-01767,No,21/julio/2025,INT-OC-CYS-1391/25
c2ad19e4,11/07/2025,CYS,Contrato CW 276532,Supervisión técnica,Almenaras y obras anexas,Calificación soldador WPQ -  Iván Antonio Méndez Romero,Si,CYS-CW276532-PHI-01768,No,21/julio/2025,INT-OC-CYS-1394/25
1b5e2d47,12/07/2025,CYS,Contrato CW 276532,Supervisión técnica,Almenaras y obras anexas,"Almenara 2 - Refuerzo suplementario, adicional, en vigas aéreas de nivel 201,70 m.s.n.m del pórtico de manejo de compuertas",Si,D-PHI-COP-0403-2025,No,15/julio/2025,INT-OC-CYS-1343/25
2e7d766b,12/07/2025,CYS,Contrato CW 276532,Supervisión técnica,Almenaras y obras anexas,Oficialización instructivos de campo,Si,D-PHI-COP-0404-2025,No,14/julio/2025,INT-OC-CYS-1338/25
19a73b71,12/07/2025,CYS,Contrato CW 276532,Supervisión técnica,Conducciones zona sur,Adecuación tubería de aforos Ramal Conducción superior 4,Si,NC-166-25,No,15/julio/2025,INT-OC-CYS-1342/25
98697cbc,12/07/2025,CYS,Contrato CW 276532,Supervisión técnica,Casa de máquinas y obras anexas,Informes PHI.GEV.IM.086-25 y PHI.GEV.IM.113-25 de GE Vernova,Si,D-PHI-COP-0407-2025,No,14/julio/2025,INT-OC-CYS-1337/25
54cd500d,12/07/2025,CYS,Contrato CW 276532,Supervisión técnica,Instalaciones provisionales obras finales,Entrega planos de la planta de trituración,Si,CYS-CW276532-PHI-01773,No,4/agosto/2025,INT-OC-CYS-1508/25
23077c5a,12/07/2025,CYS,Contrato CW 276532,Supervisión de seguridad y salud en el trabajo,Sin Frente,Reiteración de atención a observaciones plan 17,No,,No,15/julio/2025,INT-OC-CYS-1341/25
becbf7a0,13/07/2025,CYS,Contrato CW 276532,Supervisión técnica,Casa de máquinas y obras anexas,Identificación de interferencias con los concretos de las obras proyectadas en Casa de Máquinas,Si,D-PHI-COP-0406-2025,No,,
e92f6dac,13/07/2025,CYS,Contrato CW 276532,Supervisión técnica,Sistema de caudal remanente (SQR),Entrega de planos para construcción: Excavaciones y soportes geotécnicos del pozo de derivación y galería de la conexión del SQR,Si,D-PHI-COP-0408-2025,No,18/julio/2025,INT-OC-CYS-1367/25
2e06f216,13/07/2025,CYS,Contrato CW 276532,Supervisión técnica,Almenaras y obras anexas,Reforzamiento en concreto de reposición adyacente a columnas del pórtico de la almenara 2.,Si,D-PHI-COP-0410-2025,No,16/julio/2025,INT-OC-CYS-1351/25
f1ec5190,13/07/2025,CYS,Contrato CW 276532,Supervisión socioambiental,Sin Frente,Atención derecho de petición interpuesto por el señor Carlos Mario Herrera.,No,,No,,
c12b5ade,14/07/2025,CYS,Contrato CW 276532,Supervisión técnica,Almenaras y obras anexas,Planos de taller - Acero de refuerzo,Si,CYS-CW276532-PHI-01763,No,5/agosto/2025,INT-OC-CYS-1539/25
c7f9518a,14/07/2025,CYS,Contrato CW 276532,Supervisión técnica,Conducciones zona sur,Perforación de drenaje Galería C,Si,NC-172-25,No,16/julio/2025,INT-OC-CYS-1350/25
8bffa95a,14/07/2025,CYS,Contrato CW 276532,Supervisión técnica,Casa de máquinas y obras anexas,"Unidades No. 5 y 6. Hastial aguas abajo. Oquedad 1. Proyección de bermas en niveles 201,00 y 203,00 m.s.n.m. y conceptos dados por asesores externos en visita técnica realizada el 8 de julio de 2025.",Si,D-PHI-COP-0411-2025,No,16/julio/2025,INT-OC-CYS-1353/25
c112a766,14/07/2025,CYS,Contrato CW 276532,Supervisión socioambiental,Instalaciones provisionales obras finales,Plan de manejo ambiental especifico planta de concreto 60 m3/h -100 m3/h,Si,CYS-CW276532-PHI-01770,No,23/julio/2025,INT-OC-CYS-1407/25
e1db4be9,14/07/2025,CYS,Contrato CW 276532,Supervisión de gestión documental y calidad,Sin Frente,Informe mensual SST junio 2025,Si,CYS-CW276532-PHI-01772,No,6/agosto/2025,INT-OC-CYS-1547/25
4cbfcdb8,14/07/2025,CYS,Contrato CW 276532,Supervisión técnica,Conducciones zona norte,Instalación en campo del piezómetro de cuerda Vibrátil de la Galería D sector norte,Si,CYS-CW276532-PHI-01774,No,20/julio/2025,INT-OC-CYS-1385/25
ac71178f,14/07/2025,CYS,Contrato CW 276532,Supervisión técnica,Casa de máquinas y obras anexas,Instalación en campo de la celda de carga en el sector Casa de Máquinas aguas arriba en el T138C,Si,CYS-CW276532-PHI-01775,No,29/julio/2025,INT-OC-CYS-1445/25
ad6e6bc3,14/07/2025,CYS,Contrato CW 276532,Supervisión técnica,Sin Frente,Entrega de registros diarios de excavaciones subterráneas,Si,CYS-CW276532-PHI-01776,No,2/agosto/2025,INT-OC-CYS-1485/25
15c9aec2,14/07/2025,CYS,Contrato CW 276532,Supervisión técnica,Conducciones zona sur,Ramales superiores - Galería F  pendientes,Si,CYS-CW276532-PHI-01777,No,4/septiembre/2025,INT-OC-CYS-1817/25
e255f15d,14/07/2025,CYS,Contrato CW 276532,Supervisión socioambiental,Instalaciones provisionales obras finales,Culminación instalaciones provisionales,Si,CYS-CW276532-PHI-01778,No,20/julio/2025,INT-OC-CYS-1384/25
a5d993d7,15/07/2025,CYS,Contrato CW 276532,Supervisión de gestión documental y calidad,Sin Frente,Comunicación para revisión y gestión de EPM,No,,No,,
b3399931,15/07/2025,CYS,Contrato CW 276532,Supervisión técnica,Almenaras y obras anexas,Reforzamiento en concreto de reposición adyacente a columnas del pórtico de la almenara 2,Si,D-PHI-COP-0418-2025,No,,
0f35ca9f,15/07/2025,CYS,Contrato CW 276532,Supervisión técnica,Conducciones zona sur,Aglutinamiento Ramales de acceso a las Conducciones Superiores 5 y 6,Si,D-PHI-COP-0418-2025,No,,
a9ca7be5,15/07/2025,CYS,Contrato CW 276532,Supervisión técnica,Sin Frente,Informe técnico mensual junio de 2025,Si,CYS-CW276532-PHI-01749,No,21/julio/2025,INT-OC-CYS-1395/25
f7385060,15/07/2025,CYS,Contrato CW 276532,Supervisión técnica,Casa de máquinas y obras anexas,Pórtico tipo C - Sala de montaje - Entrega planos de taller,Si,CYS-CW276532-PHI-01779,No,4/septiembre/2025,INT-OC-CYS-1816/25
9f556579,15/07/2025,CYS,Contrato CW 276532,Supervisión socioambiental,Sin Frente,Respuesta a reclamaciones laborales que involucran al subcontratista LINEA VITAL,Si,CYS-CW276532-PHI-01780,No,18/julio/2025,INT-OC-CYS-1372/25
7ddc96d3,15/07/2025,CYS,Contrato CW 276532,Supervisión técnica,Estabilidad helipuerto villa luz,Instalación en campo de los puntos de control superficial,Si,CYS-CW276532-PHI-01781,No,2/septiembre/2025,INT-OC-CYS-1780/25
ae498c2a,15/07/2025,CYS,Contrato CW 276532,Supervisión de seguridad y salud en el trabajo,Sin Frente,Incumplimiento en el cargue de documentación de personal en los tiempos establecidos,No,,No,18/julio/2025,INT-OC-CYS-1365/25
b57528a9,16/07/2025,CYS,Contrato CW 276532,Supervisión socioambiental,Sin Frente,Seguimiento atención de la reclamación interpuesta por la señora Lina María Cano - COLAMBULANCIA.,No,,No,17/julio/2025,INT-OC-CYS-1362/25
280ddfc2,16/07/2025,CYS,Contrato CW 276532,Supervisión técnica,Almenaras y obras anexas,"Nivelación de piso en concreto EL. 192,20",Si,CYS-CW276532-PHI-01783,No,8/septiembre/2025,INT-OC-CYS-1869/25
8af2e8a7,16/07/2025,CYS,Contrato CW 276532,Supervisión socioambiental,Zonas de deposito obras finales,Plano de taller - Opciones para acopio de enrocado para el abastecimiento de la planta trituradora,Si,CYS-CW276532-PHI-01785,No,5/septiembre/2025,INT-OC-CYS-1851/25
812050ba,16/07/2025,CYS,Contrato CW 276532,Supervisión técnica,Conducciones zona sur,Planos para perforación piloto con el equipo Raise Boring - Perforación descendente,Si,CYS-CW276532-PHI-01786,No,6/agosto/2025,INT-OC-CYS-1548/25
9c8e8add,16/07/2025,CYS,Contrato CW 276532,Supervisión técnica,Consolidación y conglomeración macizo perturbado zona sur,Resultados de prueba tinte trazador,Si,CYS-CW276532-PHI-01166,No,18/julio/2025,INT-OC-CYS-1366/25
9dd7dfe5,16/07/2025,CYS,Contrato CW 276532,Supervisión técnica,Sin Frente,Formalización compromisos – Recorridos de obra – Mesa de Constructibilidad.,No,,Si,17/julio/2025,INT-OC-CYS-1364/25
17fdd3bc,16/07/2025,CYS,Contrato CW 276532,Supervisión técnica,Sin Frente,Entrega acta de comité de obra No 076,No,,Si,17/julio/2025,INT-OC-CYS-1363/25
3b8f06a8,17/07/2025,CYS,Contrato CW 276532,Supervisión de seguridad y salud en el trabajo,Casa de máquinas y obras anexas,Incumplimientos a órdenes de restricción por condiciones inseguras durante las actividades constructivas,No,,No,19/julio/2025,INT-OC-CYS-1374/25
b072e9c8,17/07/2025,CYS,Contrato CW 276532,Supervisión socioambiental,Sin Frente,Informe de cumplimiento ambiental ICA - Primer semestre de 2025,Si,CYS-CW276532-PHI-01787,No,1/agosto/2025,INT-OC-CYS-1473/25
6b33d9df,17/07/2025,CYS,Contrato CW 276532,Supervisión técnica,Presa y obras anexas,Afectaciones en el monitoreo de las infiltraciones del estribo derecho de la presa,Si,D-PHI-COP-0422-2025,No,,
1593ae18,17/07/2025,CYS,Contrato CW 276532,Supervisión técnica,Descarga intermedia,"Oficialización instructivos de campo en la Descarga Intermedia, Conducciones y Casa de Máquinas",Si,D-PHI-COP-0424-2025,No,28/julio/2025,INT-OC-CYS-1441/25
c972fb36,17/07/2025,CYS,Contrato CW 276532,Supervisión técnica,Almenaras y obras anexas,Solicitud de inclusión de uniones simples y universales en líneas del plano DC-PHI-060-GRL-EM-M-206-R2,Si,CYS-CW276532-PHI-01788,No,27/julio/2025,INT-OC-CYS-1430/25
4fbc8108,17/07/2025,CYS,Contrato CW 276532,Supervisión de seguridad y salud en el trabajo,Sin Frente,Solicitud información investigación conato de incendio mini excavadora EX-02-SC,No,,No,19/julio/2025,INT-OC-CYS-1377/25
df3ed1d4,17/07/2025,CYS,Contrato CW 276532,Supervisión técnica,Presa y obras anexas,Afectaciones Monitoreo Infiltraciones Estribo Derecho de la Presa,No,,Si,19/julio/2025,INT-OC-CYS-1380/25
01a59f56,18/07/2025,CYS,Contrato CW 276532,Supervisión de seguridad y salud en el trabajo,Sin Frente,Remisión acta de comité obligaciones laborales en SST No. 18,No,,Si,19/julio/2025,INT-OC-CYS-1381/25
7a33a618,18/07/2025,CYS,Contrato CW 276532,Supervisión de costos,Sin Frente,Aceptación del Acta de Modificación Bilateral N° 8.,Si,20250130129797,No,,
e5fadc97,18/07/2025,CYS,Contrato CW 276532,Supervisión técnica,Túneles de aspiración,Levantamientos topográficos de concretos remanentes en tramos No. 2 a 4 de los túneles de aspiración No. 5 a 7.,Si,D-PHI-COP-0421-2025,No,,
5cb3ca6d,18/07/2025,CYS,Contrato CW 276532,Supervisión técnica,Consolidación y conglomeración macizo perturbado zona sur,Perforación barreno INY-PP5-ZS-01 pozo de presión No. 5.,Si,D-PHI-COP-0425-2025,No,29/julio/2025,INT-OC-CYS-1442/25
6380a89d,18/07/2025,CYS,Contrato CW 276532,Supervisión técnica,Descarga intermedia,Bloque anclaje del By-Pass del TDD a la DI - Remisión de planos.,Si,D-PHI-COP-0426-2025,No,22/julio/2025,INT-OC-CYS-1403/25
fb436503,18/07/2025,CYS,Contrato CW 276532,Supervisión técnica,Conducciones zona sur,Oficialización instructivo de campo IC-141-2025.,Si,NC-176-25,No,29/julio/2025,INT-OC-CYS-1443/25
26ccd2f7,19/07/2025,CYS,Contrato CW 276532,Supervisión de seguridad y salud en el trabajo,Sin Frente,Orden reiterada entrega investigaciones accidentes laborales,No,,No,21/julio/2025,INT-OC-CYS-1390/25
e40274c8,19/07/2025,CYS,Contrato CW 276532,Supervisión técnica,Almenaras y obras anexas,Almenara 2 - Procedimiento concretos pórtico de compuertas.,Si,CYS-CW276532-PHI-01147,No,21/julio/2025,INT-OC-CYS-1398/25
ed3d34ce,19/07/2025,CYS,Contrato CW 276532,Supervisión técnica,Consolidación y conglomeración macizo perturbado zona sur,Ramales de Acceso a la Conducciones Superiores No 5 y 6.,Si,D-PHI-COP-0417-2025,Si,20/julio/2025,INT-OC-CYS-1388/25
51bb2bca,20/07/2025,CYS,Contrato CW 276532,Supervisión técnica,Consolidación y conglomeración macizo perturbado zona sur,"Solicitud de información de perforaciones ejecutadas con equipo trackdrill hacia los Pozos de Presión, requeridas con la comunicación INT-OC-CYS-0937/25",Si,D-PHI-COP-0423-2025,No,21/julio/2025,INT-OC-CYS-1392/25
44dad71c,20/07/2025,CYS,Contrato CW 276532,Supervisión técnica,Obras en las descargas,Solera en túnel de descarga N° 3,Si,CYS-CW276532-PHI-01789,No,6/septiembre/2025,INT-OC-CYS-1860/25
4f17a9b6,20/07/2025,CYS,Contrato CW 276532,Supervisión técnica,Conducciones zona sur,Entibados ramal inferior a conducciones 7 y 8 Planos taller,Si,CYS-CW276532-PHI-01791,No,,
8d4d3491,20/07/2025,CYS,Contrato CW 276532,Supervisión técnica,Conducciones zona sur,Entibados ramal inferior a conducciones 7 y 8 Planos de taller,Si,CYS-CW276532-PHI-01792,No,18/agosto/2025,INT-OC-CYS-1648/25
8ecc3337,20/07/2025,CYS,Contrato CW 276532,Supervisión técnica,Consolidación y conglomeración macizo perturbado zona sur,Parte alta pozos compuertas zona superior e intermedia,Si,CYS-CW276532-PHI-01794,No,31/julio/2025,INT-OC-CYS-1461/25
2f526954,20/07/2025,CYS,Contrato CW 276532,Supervisión técnica,Sin Frente,Certificados de materiales del 01 al 15 de junio de junio 2025,Si,CYS-CW276532-PHI-01798,No,30/julio/2025,INT-OC-CYS-1456/25
4175bd38,20/07/2025,CYS,Contrato CW 276532,Supervisión técnica,Casa de máquinas y obras anexas,Demolición de estructuras de concreto en las unidades 5 y 6 de la zona sur,Si,CYS-CW276532-PHI-01800,No,,
64091b32,20/07/2025,CYS,Contrato CW 276532,Supervisión de costos,Sin Frente,Acta mensual de obra No 16 de junio de 2025 AMB 3-11 AMB 5-06 Junio 2025,Si,CYS-CW276532-PHI-01771,No,,
0e92ece8,20/07/2025,CYS,Contrato CW 276532,Supervisión técnica,Casa de máquinas y obras anexas,Entrega de plano para construcción de la reposición en concreto de la oquedad 1 de la zona sur,Si,D-PHI-COP-0428-2025,No,21/julio/2025,INT-OC-CYS-1397/25
ba697d5c,20/07/2025,CYS,Contrato CW 276532,Supervisión técnica,Conducciones zona sur,Oficialización de los planos para la Rehabilitación de los codos superiores N°5 a  N°8.,Si,D-PHI-COP-0430-2025,No,21/julio/2025,INT-OC-CYS-1396/25
250d134c,20/07/2025,CYS,Contrato CW 276532,Supervisión técnica,Presa y obras anexas,Solicitud de entrega de versión ajustada del perfil geológico de fundación de la pantalla cortaflujo.,Si,D-PHI-COP-0432-2025,No,,
2793a203,20/07/2025,CYS,Contrato CW 276532,Supervisión técnica,Presa y obras anexas,Resultados de ensayos triaxiales y pinole sobre el concreto plástico,Si,D-PHI-COP-0433-2025,Si,,
511940b9,20/07/2025,CYS,Contrato CW 276532,Supervisión técnica,Casa de máquinas y obras anexas,"Estado de inspección de los tensores localizados aguas arriba de Casa de Maquinas y restitución de los tensores tipo C No 104C, 105C, 137C.",Si,D-PHI-COP-0434-2025,No,29/julio/2025,INT-OC-CYS-1444/25
e43b215a,20/07/2025,CYS,Contrato CW 276532,Supervisión técnica,Sin Frente,Drenajes dese la galería de construcción superior sur a la Almenara 2,Si,NC-179-25,No,28/julio/2025,INT-OC-CYS-1440/25
40f769d3,20/07/2025,CYS,Contrato CW 276532,Supervisión técnica,Galerías y pozos de compuertas,Drenajes galería 320,Si,NC-180-25,No,24/julio/2025,INT-OC-CYS-1414/25
03627b81,21/07/2025,CYS,Contrato CW 276532,Supervisión técnica,Almenaras y obras anexas,"Calificación soldador WPQ - MM AWS D1.4 3F, Manuel Gustavo Moreno, Estampe MM.",Si,CYS-CW276532-PHI-01769,No,22/julio/2025,INT-OC-CYS-1406/25
0ad0eb07,21/07/2025,CYS,Contrato CW 276532,Supervisión de costos,Sin Frente,"Acta de obra ejecutada No. 15 y su reajuste, acta AMB3-10 y su reajuste, acta AMB5-05 y su reajuste, acta AMB6-01 y su reajuste.",Si,CYS-CW276532-PHI-01654,No,21/julio/2025,INT-OC-CYS-1399/25
79294768,21/07/2025,CYS,Contrato CW 276532,Supervisión de gestión documental y calidad,Sin Frente,Notas de Campo emitidas entre el 14 y el 20 de julio de 2025.,Si,D-PHI-COP-0435-2025,No,,
c5af721a,21/07/2025,CYS,Contrato CW 276532,Supervisión técnica,Presa y obras anexas,Pantalla cortaflujo – Panel de prueba – Seguimiento actividades,Si,CYS-CW276532-PHI-01790,No,4/septiembre/2025,INT-OC-CYS-1833/25
05e6e6bb,21/07/2025,CYS,Contrato CW 276532,Supervisión técnica,Consolidación y conglomeración macizo perturbado zona sur,"Parte alta pozos de compuertas, zona superior e intermedia",Si,CYS-CW276532-PHI-01795,No,28/julio/2025,INT-OC-CYS-1437/25
2c679b6a,21/07/2025,CYS,Contrato CW 276532,Supervisión técnica,Consolidación y conglomeración macizo perturbado zona sur,"Parte alta pozos de compuertas, zona superior e intermedia",Si,CYS-CW276532-PHI-01796,No,30/julio/2025,INT-OC-CYS-1453/25
1ce0ba49,21/07/2025,CYS,Contrato CW 276532,Supervisión técnica,Consolidación y conglomeración macizo perturbado zona sur,"Parte alta pozos de compuertas, zona superior e intermedia",Si,CYS-CW276532-PHI-01797,No,30/julio/2025,INT-OC-CYS-1454/25
be25d892,21/07/2025,CYS,Contrato CW 276532,Supervisión de seguridad y salud en el trabajo,Sin Frente,Hallazgos sin atención inspección conjunta No.6,Si,CYS-CW276532-PHI-01801,No,5/agosto/2025,INT-OC-CYS-1533/25
bc9a5860,21/07/2025,CYS,Contrato CW 276532,Supervisión técnica,Almenaras y obras anexas,Almenara 2 – Columnas Etapa 2 – Planos de taller acero de refuerzo,Si,CYS-CW276532-PHI-01802,No,18/agosto/2025,INT-OC-CYS-1646/25
4c99c85a,21/07/2025,CYS,Contrato CW 276532,Supervisión de costos,Sin Frente,"Acta de obra ejecutada No. 16 y su reajuste, Acta AMB3-11 y su reajuste, Acta AMB5-06 y su reajuste.",Si,CYS-CW276532-PHI-01771,No,21/julio/2025,INT-OC-CYS-1400/25
b869fa57,21/07/2025,CYS,Contrato CW 276532,Supervisión de seguridad y salud en el trabajo,Sin Frente,Restricción de actividades por desviaciones subestándar de trabajo en alturas.,No,,No,24/julio/2025,INT-OC-CYS-1410/25
2c183bac,22/07/2025,CYS,Contrato CW 276532,Supervisión socioambiental,Presa y obras anexas,Solicitud de información para atención de queja de Rios Vivos,No,,Si,22/julio/2025,INT-OC-CYS-1401/25
14b5ab17,22/07/2025,CYS,Contrato CW 276532,Supervisión técnica,Presa y obras anexas,Pantalla corta flujo - Panel de prueba - Procedimiento Constructivo,Si,CYS-CW276532-PHI-01799,No,2/septiembre/2025,INT-OC-CYS-1782/25
d8813dee,22/07/2025,CYS,Contrato CW 276532,Supervisión de seguridad y salud en el trabajo,Sin Frente,Solicitud investigación accidente laboral Oscar Elías Sierra Fuentes,Si,CYS-CW276532-PHI-01803,No,6/agosto/2025,INT-OC-CYS-1545/25
87b1df60,22/07/2025,CYS,Contrato CW 276532,Supervisión de seguridad y salud en el trabajo,Sin Frente,Solicitud información investigación accidente laboral Rubén Darío Giraldo,Si,CYS-CW276532-PHI-01804,No,2/agosto/2025,INT-OC-CYS-1492/25
407c1704,22/07/2025,CYS,Contrato CW 276532,Supervisión de seguridad y salud en el trabajo,Sin Frente,Solicitud información investigación accidente laboral Hiraldo Parra Cervantes CC. 78.302.647,Si,CYS-CW276532-PHI-01805,No,2/agosto/2025,INT-OC-CYS-1491/25
5386e7a3,22/07/2025,CYS,Contrato CW 276532,Supervisión de seguridad y salud en el trabajo,Sin Frente,Solicitud información accidente laboral de Hernán Orlando Ríos Villegas CC. 1042771044,Si,CYS-CW276532-PHI-01806,No,2/agosto/2025,INT-OC-CYS-1490/25
9cc8585f,22/07/2025,CYS,Contrato CW 276532,Supervisión de seguridad y salud en el trabajo,Sin Frente,Solicitud información accidente laboral de Adrián Fernando Upegui Vanegas CC. 8012924,Si,CYS-CW276532-PHI-01807,No,5/agosto/2025,INT-OC-CYS-1531/25
e0d511c3,22/07/2025,CYS,Contrato CW 276532,Supervisión de seguridad y salud en el trabajo,Sin Frente,Solicitud información accidente laboral de Gerson Pérez Hernández CC. 1094246919,Si,CYS-CW276532-PHI-01808,No,2/agosto/2025,INT-OC-CYS-1493/25
4fda4eae,22/07/2025,CYS,Contrato CW 276532,Supervisión técnica,Galerías y pozos de compuertas,Oficialización IC-142-2025. Pernos localizados galería F.,Si,NC-183-25,No,,
de97de6c,22/07/2025,CYS,Contrato CW 276532,Supervisión de control de laboratorio ensayos de calidad,Sin Frente,Supervisión de control de laboratorio ensayos de calidad – Resultados de ensayos triaxiales y pinhole concreto plástico – Su comunicación CYS-CW276532-PHI-01756.,No,,Si,23/julio/2025,INT-OC-CYS-1409/25
7eeded43,22/07/2025,CYS,Contrato CW 276532,Supervisión de seguridad y salud en el trabajo,Sin Frente,Solicitud información investigación accidente laboral Reyson Paz Manquillo CC. 1.117.968.067,No,,No,23/julio/2025,INT-OC-CYS-1408/25
f4fddce9,23/07/2025,CYS,Contrato CW 276532,Supervisión técnica,Presa y obras anexas,Medidor de infiltraciones,Si,D-PHI-COP-0441-2025,No,,
bf306286,23/07/2025,CYS,Contrato CW 276532,Supervisión técnica,Casa de máquinas y obras anexas,Hastial aguas abajo – Oquedad 1 – Restitución y tratamiento geotécnico,Si,CYS-CW276532-PHI-01793,No,31/julio/2025,INT-OC-CYS-1463/25
ff731c64,23/07/2025,CYS,Contrato CW 276532,Supervisión técnica,Sin Frente,Reporte de novedades viales trasladadas por Argos.,Si,CYS-CW276532-PHI-01809,No,5/agosto/2025,INT-OC-CYS-1525/25
f1485d07,23/07/2025,CYS,Contrato CW 276532,Supervisión de seguridad y salud en el trabajo,Sin Frente,Solicitud investigación accidente laboral de Edwin Esneider Chavarría CC. 1037449929,Si,CYS-CW276532-PHI-01810,No,2/agosto/2025,INT-OC-CYS-1489/25
da24b3f7,23/07/2025,CYS,Contrato CW 276532,Supervisión de seguridad y salud en el trabajo,Sin Frente,Observaciones información accidente laboral José Fernando Muriel Taborda,Si,CYS-CW276532-PHI-01811,No,2/agosto/2025,INT-OC-CYS-1494/25
5b5e917a,23/07/2025,CYS,Contrato CW 276532,Supervisión de seguridad y salud en el trabajo,Sin Frente,Hallazgos sin atención inspección conjunta Nro. 55,Si,CYS-CW276532-PHI-01813,No,5/agosto/2025,INT-OC-CYS-1532/25
216bba7b,23/07/2025,CYS,Contrato CW 276532,Supervisión técnica,Casa de máquinas y obras anexas,Personal requerido para el montaje de las instalaciones eléctricas definitivas,Si,CYS-CW276532-PHI-01816,No,24/julio/2025,INT-OC-CYS-1413/25
011c1a84,23/07/2025,CYS,Contrato CW 276532,Supervisión socioambiental,Sin Frente,Respuesta seguimiento atención de la reclamación interpuesta por la señora Lina María Cano – COLAMBULANCIA,Si,CYS-CW276532-PHI-01817,No,24/julio/2025,INT-OC-CYS-1411/25
c474250c,23/07/2025,CYS,Contrato CW 276532,Supervisión socioambiental,Sin Frente,Respuesta seguimiento de PQRS,Si,CYS-CW276532-PHI-01818,No,30/julio/2025,INT-OC-CYS-1449/25
61a2b5f7,23/07/2025,CYS,Contrato CW 276532,Supervisión técnica,Almenaras y obras anexas,Procedimiento constructivo ramal acceso Almenara 2.,Si,CYS-CW276532-PHI-01824,No,4/septiembre/2025,INT-OC-CYS-1812/25
df11f5a3,23/07/2025,CYS,Contrato CW 276532,Supervisión socioambiental,Sin Frente,Seguimiento personal extranjero,Si,CYS-CW276532-PHI-01814,No,30/julio/2025,INT-OC-CYS-1450/25
c9b46b43,23/07/2025,CYS,Contrato CW 276532,Supervisión de seguridad y salud en el trabajo,Casa de máquinas y obras anexas,Plataforma galerías de barras – Ayuda de Memoria Reunión de Revisión Actividades de Montaje.,Si,CYS-CW276532-PHI-01815,No,15/agosto/2025,INT-OC-CYS-1619/25
108799d6,23/07/2025,CYS,Contrato CW 276532,Supervisión de seguridad y salud en el trabajo,Sin Frente,Observaciones información accidente de trabajo ocurridos el 4 diciembre del 2024.,Si,CYS-CW276532-PHI-01820,No,10/agosto/2025,INT-OC-CYS-1578/25
29db150f,23/07/2025,CYS,Contrato CW 276532,Supervisión de control de laboratorio ensayos de calidad,Sin Frente,Fibra metálica – Deficiencias de almacenamiento,Si,CYS-CW276532-PHI-01822,No,29/julio/2025,INT-OC-CYS-1448/25
8f98f399,23/07/2025,CYS,Contrato CW 276532,Supervisión de control de laboratorio ensayos de calidad,Sin Frente,Diseño de mezcla de lodo  bentonitico para pantalla corta flujo aguas abajo de la presa,Si,CYS-CW276532-PHI-01823,No,26/julio/2025,INT-OC-CYS-1426/25
07b18b47,23/07/2025,CYS,Contrato CW 276532,Supervisión socioambiental,Sin Frente,Entrega de plan ambiental - Planta trituradora,Si,CYS-CW276532-PHI-01821,No,1/agosto/2025,INT-OC-CYS-1475/25
0e408bd4,23/07/2025,CYS,Contrato CW 276532,Supervisión socioambiental,Sin Frente,Atención observaciones informe mensual socioambiental – Mayo de 2025,Si,CYS-CW276532-PHI-01812,No,31/julio/2025,INT-OC-CYS-1457/25
bae32a0c,23/07/2025,CYS,Contrato CW 276532,Supervisión técnica,Casa de máquinas y obras anexas,Colocación y calibre de malla electrosoldada en concretos de reposición de la oquedad 1,Si,NC-185-25,No,28/julio/2025,INT-OC-CYS-1436/25
a5470920,23/07/2025,CYS,Contrato CW 276532,Supervisión socioambiental,Sin Frente,Respuesta a reclamaciones laborales que involucran al subcontratista LINEA VITA,Si,CYS-CW276532-PHI-01825,No,31/julio/2025,INT-OC-CYS-1458/25
58b9335b,23/07/2025,CYS,Contrato CW 276532,Supervisión técnica,Galerías y pozos de compuertas,Galería F- Oficialización Instructivo de Campo,Si,NC-183-25,Si,24/julio/2025,INT-OC-CYS-1412/25
2a31ae9a,24/07/2025,CYS,Contrato CW 276532,Supervisión de seguridad y salud en el trabajo,Sin Frente,Solicitud investigación incidente operacional en Galeria D Sur,No,,No,26/julio/2025,INT-OC-CYS-1421/25
3d91396c,24/07/2025,CYS,Contrato CW 276532,Supervisión de costos,Sin Frente,Demolición de estructuras de concreto en las unidades 5 y 6 de la zona sur,Si,CYS-CW276532-PHI-01800,No,12/agosto/2025,INT-OC-CYS-1588/25
1666c951,24/07/2025,CYS,Contrato CW 276532,Supervisión técnica,Casa de máquinas y obras anexas,Informe pruebas de carga puente Grúa Birriel 25 Toneladas.,Si,CYS-CW276532-PHI-01826,No,31/julio/2025,INT-OC-CYS-1468/25
2076af00,24/07/2025,CYS,Contrato CW 276532,Supervisión técnica,Casa de máquinas y obras anexas,Muros de confinamiento – Planos de taller acero de refuerzo,Si,CYS-CW276532-PHI-01831,No,28/agosto/2025,INT-OC-CYS-1727/25
2b196da9,24/07/2025,CYS,Contrato CW 276532,Supervisión técnica,Sin Frente,Entrega actas de comité de obra Nos 077-078,No,,Si,24/julio/2025,INT-OC-CYS-1417/25
10da3652,24/07/2025,CYS,Contrato CW 276532,Supervisión técnica,Obras externas plazoleta de compuertas y captación,Sitio 9- Inactividad,No,,No,28/julio/2025,INT-OC-CYS-1432/25
82ad2657,24/07/2025,CYS,Contrato CW 276532,Supervisión técnica,Casa de máquinas y obras anexas,Solicitud de medios para inspección visual en Casa de Máquinas y Almenara 2.,Si,D-PHI-COP-0444-2025,No,28/julio/2025,INT-OC-CYS-1439/25
7f683ee5,24/07/2025,CYS,Contrato CW 276532,Supervisión técnica,Conducciones zona sur,Recomendaciones inyección perforación INY-PP6-ZS-07R. Oficialización IC-144-2025.,Si,NC-187-25,No,28/julio/2025,INT-OC-CYS-1438/25
6a8058b6,24/07/2025,CYS,Contrato CW 276532,Supervisión de riesgos,Sin Frente,Entrega acta de comité de riesgos No. 020.,No,,Si,25/julio/2025,INT-OC-CYS-1419/25
c2dffd34,25/07/2025,CYS,Contrato CW 276532,Supervisión técnica,Conducciones zona sur,Pozo de presión N° 5 - Equipo Raise Boring,No,,No,26/julio/2025,INT-OC-CYS-1427/25
48dbfb3b,25/07/2025,CYS,Contrato CW 276532,Supervisión de seguridad y salud en el trabajo,Sin Frente,Solicitud información investigación accidente laboral de Arley Ladino Tapasco CC. 1.090.335.409,No,,Si,26/julio/2025,INT-OC-CYS-1422/25
ec9b8974,25/07/2025,CYS,Contrato CW 276532,Supervisión socioambiental,Sin Frente,Respuesta Atención derecho de petición interpuesto por el señor Carlos Mario Herrera,Si,CYS-CW276532-PHI-01819,No,31/julio/2025,INT-OC-CYS-1460/25
574a1f37,25/07/2025,CYS,Contrato CW 276532,Supervisión técnica,Almenaras y obras anexas,Vigas EL. 232.40 – Planos de taller y cartillas de refuerzo,Si,CYS-CW276532-PHI-01827,No,27/agosto/2025,INT-OC-CYS-1720/25
cde5866a,25/07/2025,CYS,Contrato CW 276532,Supervisión técnica,Almenaras y obras anexas,Vigas EL 201.700 – Planos de taller acero de refuerzo,Si,CYS-CW276532-PHI-01828,No,27/agosto/2025,INT-OC-CYS-1718/25
01e09fcb,25/07/2025,CYS,Contrato CW 276532,Supervisión técnica,Casa de máquinas y obras anexas,Tensores activos muro aguas abajo – Planos de taller acero de refuerzo,Si,CYS-CW276532-PHI-01829,No,23/agosto/2025,INT-OC-CYS-1689/25
d84477da,25/07/2025,CYS,Contrato CW 276532,Supervisión técnica,Casa de máquinas y obras anexas,Columnas metálicas temporales – Planos de taller.,Si,CYS-CW276532-PHI-01830,No,28/agosto/2025,INT-OC-CYS-1729/25
3505ffc9,25/07/2025,CYS,Contrato CW 276532,Supervisión socioambiental,Sin Frente,"Cierre Inspecciones conjuntas CI-AM-06-25 y CI-AM-07-25, – Desviaciones manejo de Aguas Residuales no Domésticas (ARnD) y Aguas de Infiltración",Si,CYS-CW276532-PHI-01832,No,26/julio/2025,INT-OC-CYS-1420/25
199cb7ef,25/07/2025,CYS,Contrato CW 276532,Supervisión de riesgos,Sin Frente,Informe mensual de la gestión de Riesgos – Junio 2025,Si,CYS-CW276532-PHI-01833,No,31/julio/2025,INT-OC-CYS-1467/25
4d31170d,25/07/2025,CYS,Contrato CW 276532,Supervisión técnica,Casa de máquinas y obras anexas,Ajuste acta de instalación del EPM-CM-E7A-P4,Si,CYS-CW276532-PHI-01834,No,2/agosto/2025,INT-OC-CYS-1484/25
85d43dac,25/07/2025,CYS,Contrato CW 276532,Supervisión de seguridad y salud en el trabajo,Sin Frente,Solicitud información investigación accidente laboral Javier Santos Peña CC. 1.094.161.545.,No,,Si,26/julio/2025,INT-OC-CYS-1423/25
3b45a640,25/07/2025,CYS,Contrato CW 276532,Supervisión de seguridad y salud en el trabajo,Sin Frente,Solicitud investigación de incidente operacional.,No,,Si,26/julio/2025,INT-OC-CYS-1424/25
e90d10d9,25/07/2025,CYS,Contrato CW 276532,Supervisión de seguridad y salud en el trabajo,Sin Frente,Solicitud información investigación accidente laboral de Jose Fernando Muriel Taborda CC.70.582.673.,No,,Si,26/julio/2025,INT-OC-CYS-1429/25
705a01bf,25/07/2025,CYS,Contrato CW 276532,Supervisión técnica,Casa de máquinas y obras anexas,Tasa de colocación de concreto y altura de camada en concretos de reposición de la oquedad 1.,Si,NC-191-25,No,28/julio/2025,INT-OC-CYS-1435/25
d1523f53,25/07/2025,CYS,Contrato CW 276532,Supervisión técnica,Casa de máquinas y obras anexas,Oquedad 1 - Ajuste Tensor Tipo A EL. 204.50,Si,NC-192-25,No,28/julio/2025,INT-OC-CYS-1434/25
15af1c60,25/07/2025,CYS,Contrato CW 276532,Supervisión técnica,Presa y obras anexas,Pantalla cortaflujo - Justificación de implementación de junta circular,Si,CYS-CW276532-PHI-01745,No,,
a7a677f1,25/07/2025,CYS,Contrato CW 276532,Supervisión técnica,Sin Frente,Formalización compromisos – Recorrido de obra – Mesa de constructibilidad 19 de julio de 2025.,No,,Si,26/julio/2025,INT-OC-CYS-1425/25
e8b1ba4e,26/07/2025,CYS,Contrato CW 276532,Supervisión técnica,Sin Frente,Estado de cumplimiento compromisos comités de obra Consorcio CYS – Julio de 2025.,No,,No,31/julio/2025,INT-OC-CYS-1466/25
5b3e4cd7,26/07/2025,CYS,Contrato CW 276532,Supervisión técnica,Sin Frente,Equipo Mínimo – Ingeniero mecánico,Si,CYS-CW276532-PHI-01838,No,27/julio/2025,INT-OC-CYS-1431/25
34f7f836,26/07/2025,CYS,Contrato CW 276532,Supervisión socioambiental,Presa y obras anexas,Respuesta queja de Ríos Vivos,Si,CYS-CW276532-PHI-01841,No,,
85e1b0bf,26/07/2025,CYS,Contrato CW 276532,Supervisión de seguridad y salud en el trabajo,Sin Frente,Solicitud investigación de incidente  - Caída de Poste de Alumbrado,No,,Si,29/julio/2025,INT-OC-CYS-1447/25
c6898d49,27/07/2025,CYS,Contrato CW 276532,Supervisión técnica,Galerías de acceso y construcción sistema de conducción,"Complemento con malla electrosoldada a los espacios que superan 0,35 m de ancho entre la línea real de excavación y la configuración final del ""Cerramiento G3""",Si,NC-193-25,No,30/julio/2025,INT-OC-CYS-1452/25
e59fba00,27/07/2025,CYS,Contrato CW 276532,Supervisión técnica,Conducciones zona sur,Oficialización de instructivo de inyección IC-145-2025 e indicaciones sobre la perforación INY-PP6-ZS-09-R,Si,D-PHI-COP-0446-2025,No,30/julio/2025,INT-OC-CYS-1451/25
74133ee4,28/07/2025,CYS,Contrato CW 276532,Supervisión técnica,Túnel de acceso y galerías de construcción de la central,Control de calidad contenido de fibra,No,,No,1/agosto/2025,INT-OC-CYS-1477/25
8c994e6c,28/07/2025,CYS,Contrato CW 276532,Supervisión técnica,Presa y obras anexas,Pantalla corta flujo,No,,No,3/agosto/2025,INT-OC-CYS-1504/25
5d9d5ceb,28/07/2025,CYS,Contrato CW 276532,Supervisión de seguridad y salud en el trabajo,Sin Frente,Remisión acta de comité SST No. 18,No,,Si,31/julio/2025,INT-OC-CYS-1459/25
4c1e083b,28/07/2025,CYS,Contrato CW 276532,Supervisión técnica,Casa de máquinas y obras anexas,Anclajes Bal 8 Muro aguas arriba - Planos de taller acero de refuerzo.,Si,CYS-CW276532-PHI-01835,No,6/septiembre/2025,INT-OC-CYS-1856/25
f1d1ee70,28/07/2025,CYS,Contrato CW 276532,Supervisión técnica,Conducciones zona sur,Codos superiores N°5 a N°8.,Si,CYS-CW276532-PHI-01836,No,,
c8f76bf4,28/07/2025,CYS,Contrato CW 276532,Supervisión técnica,Casa de máquinas y obras anexas,Losa EL. 193.000 - Planos de taller y cartillas de refuerzo.,Si,CYS-CW276532-PHI-01837,No,18/octubre/2025,INT-OC-CYS-2268/25
b60f8b76,28/07/2025,CYS,Contrato CW 276532,Supervisión técnica,Galerías y pozos de compuertas,Drenajes galería 320.,Si,CYS-CW276532-PHI-01839,No,,
a49945d3,29/07/2025,CYS,Contrato CW 276532,Supervisión de seguridad y salud en el trabajo,Sin Frente,Hallazgos sin atención inspecciones conjuntas Nro. 64 y 65,No,,Si,1/agosto/2025,INT-OC-CYS-1474/25
c090c7fa,29/07/2025,CYS,Contrato CW 276532,Supervisión técnica,Casa de máquinas y obras anexas,Especificación de concreto para el muro recinto en “U”,Si,D-PHI-COP-0450-2025,No,1/agosto/2025,INT-OC-CYS-1481/25
c27ac5c1,29/07/2025,CYS,Contrato CW 276532,Supervisión contractual,Sin Frente,Seguimiento al programa AMB 7 – Con corte al 14 de julio de 2025.,Si,D-PHI-COP-0453-2025,No,,
a7498894,29/07/2025,CYS,Contrato CW 276532,Supervisión técnica,Conducciones zona sur,Medición nivel de agua perforaciones Zona perturbada Conducciones 5 a 8,Si,NC-196-25,No,5/agosto/2025,INT-OC-CYS-1529/25
053af128,29/07/2025,CYS,Contrato CW 276532,Supervisión técnica,Caverna de transformadores y obras anexas,Medición de presión en perforaciones de drenaje hacia Caverna de Transformadores,Si,NC-197-25,No,,
080342da,29/07/2025,CYS,Contrato CW 276532,Supervisión técnica,Conducciones zona sur,"Corte de Refuerzo, Demoliciones y Pedestales Soporte Conducciones Superiores N°5 a N°8",Si,NC-198-25,No,5/agosto/2025,INT-OC-CYS-1520/25
04c0e354,29/07/2025,CYS,Contrato CW 276532,Supervisión técnica,Caverna de transformadores y obras anexas,Drenajes desde la Galería de Construcción Inferior,Si,D-PHI-COP-0338-2025,No,31/julio/2025,INT-OC-CYS-1465/25
374c207b,29/07/2025,CYS,Contrato CW 276532,Supervisión técnica,Casa de máquinas y obras anexas,Oficialización instructivos de campo,No,,Si,2/agosto/2025,INT-OC-CYS-1483/25
5886537e,29/07/2025,CYS,Contrato CW 276532,Supervisión socioambiental,Instalaciones provisionales obras finales,Cierre de inspección conjunta GI-AM-08-25,No,,Si,31/julio/2025,INT-OC-CYS-1469/25
52ee5fe0,30/07/2025,CYS,Contrato CW 276532,Supervisión técnica,Casa de máquinas y obras anexas,Anclajes pasivos en restitución en concreto de oquedad 1,Si,NC-199-25,No,,
4dca6e8e,30/07/2025,CYS,Contrato CW 276532,Supervisión técnica,Casa de máquinas y obras anexas,Oquedad 1- Restitución de Concreto- Anclajes Pasivos,Si,NC-199-2025,Si,31/julio/2025,INT-OC-CYS-1462/25
b77e98ca,30/07/2025,CYS,Contrato CW 276532,Supervisión de seguridad y salud en el trabajo,Sin Frente,Incumplimiento a la entrega del plan de acción del 27 de marzo de 2025,No,,No,,
7f83d247,30/07/2025,CYS,Contrato CW 276532,Supervisión técnica,Conducciones zona sur,Zona Perturbada- Perforaciones- Mediciones Nivel de Agua,No,,No,31/julio/2025,INT-OC-CYS-1464/25
148834a2,30/07/2025,CYS,Contrato CW 276532,Supervisión socioambiental,Presa y obras anexas,Respuesta queja de Ríos Vivos,Si,CYS-CW276532-PHI-01841,No,1/agosto/2025,INT-OC-CYS-1472/25
92fdf1b7,30/07/2025,CYS,Contrato CW 276532,Supervisión técnica,Presa y obras anexas,Secuencia constructiva tratamiento talud en margen derecha,Si,CYS-CW276532-PHI-01845,No,4/septiembre/2025,INT-OC-CYS-1819/25
76531571,30/07/2025,CYS,Contrato CW 276532,Supervisión técnica,Conducciones zona sur,Equipo de perforación tipo Raise Boring,Si,CYS-CW276532-PHI-01849,No,5/agosto/2025,INT-OC-CYS-1519/25
f1b4c45d,30/07/2025,CYS,Contrato CW 276532,Supervisión técnica,Sin Frente,Resultados de ensayos de laboratorio al agua para concreto,Si,CYS-CW276532-PHI-01855,No,,
7c15005e,30/07/2025,CYS,Contrato CW 276532,Supervisión de control de laboratorio ensayos de calidad,Sin Frente,Resultados de ensayos de laboratorio al agua para concreto,Si,CYS-CW276532-PHI-01855,No,2/agosto/2025,INT-OC-CYS-1488/25
f947d88c,30/07/2025,CYS,Contrato CW 276532,Supervisión de control de laboratorio ensayos de calidad,Sin Frente,Caracterización de agregados en plantas de producción de Concreto - CYS / Compromiso comité 75,Si,CYS-CW276532-PHI-01856,No,4/agosto/2025,INT-OC-CYS-1511/25
b0ab3816,30/07/2025,CYS,Contrato CW 276532,Supervisión técnica,Almenaras y obras anexas,Calificación JAVIER SANTOS PEÑA (JP-5) CC. 1094161545 tubería inoxidable procedimiento WPS-GTAW-P8 y WPS-GTAW-P8-SOL,Si,CYS-CW276532-PHI-01843,No,1/agosto/2025,INT-OC-CYS-1478/25
77d5330e,30/07/2025,CYS,Contrato CW 276532,Supervisión técnica,Almenaras y obras anexas,Calificación de soldadores en procedimiento a tope indirecto de acuerdo con AWS D1.4 367-02-F28 – WPS 002.,Si,CYS-CW276532-PHI-01844,No,1/agosto/2025,INT-OC-CYS-1480/25
bd03d240,30/07/2025,CYS,Contrato CW 276532,Supervisión de seguridad y salud en el trabajo,Casa de máquinas y obras anexas,Hallazgos pendiente por cierre inspección conjunta No. 58,Si,CYS-CW276532-PHI-01846,No,15/agosto/2025,INT-OC-CYS-1621/25
33ecbf92,30/07/2025,CYS,Contrato CW 276532,Supervisión técnica,Almenaras y obras anexas,Corrección calificación de soldadores en procedimiento a tope indirecto de acuerdo con AWS D1.4 367-02-F28 – WPS 002.,Si,CYS-CW276532-PHI-01848,No,3/agosto/2025,INT-OC-CYS-1500/25
30c342a8,30/07/2025,CYS,Contrato CW 276532,Supervisión técnica,Obras externas plazoleta de compuertas y captación,Obras externas plazoleta de compuertas y captación – Sitio 9,Si,CYS-CW276532-PHI-01851,No,4/agosto/2025,INT-OC-CYS-1507/25
4f389c16,30/07/2025,CYS,Contrato CW 276532,Supervisión técnica,Descarga intermedia,Muro de cerramiento galería de acceso a galería de construcción G3-CTIFS – Planos de taller y cartilla de refuerzo.,Si,CYS-CW276532-PHI-01852,No,19/agosto/2025,INT-OC-CYS-1658/25
dc23b6d7,30/07/2025,CYS,Contrato CW 276532,Supervisión técnica,Caverna de transformadores y obras anexas,Perforaciones de Drenaje- Medición Presión,Si,NC-197-2025,No,31/julio/2025,INT-OC-CYS-1470/25
4b41ba47,31/07/2025,CYS,Contrato CW 276532,Supervisión técnica,Presa y obras anexas,Pantalla cortaflujo - Solicitud de informe panel de prueba,No,,No,1/agosto/2025,INT-OC-CYS-1471/25
557f25cc,31/07/2025,CYS,Contrato CW 276532,Supervisión técnica,Presa y obras anexas,Galería inyección y drenaje (GIYD) de la margen derecha (MD) limpieza y mantenimiento de vertederos de aforos.,Si,CYS-CW276532-PHI-01842,No,6/agosto/2025,INT-OC-CYS-1549/25
9d962feb,31/07/2025,CYS,Contrato CW 276532,Supervisión técnica,Almenaras y obras anexas,Solicitud de inclusión de uniones simples y universales en líneas del plano DC-PHI-060-GRL-EM-M-206-R2,Si,CYS-CW276532-PHI-01847,No,4/agosto/2025,INT-OC-CYS-1506/25
bda1e94c,31/07/2025,CYS,Contrato CW 276532,Supervisión técnica,Almenaras y obras anexas,Vigas EL 210.600 Planos de taller acero de refuerzo.,Si,CYS-CW276532-PHI-01850,No,18/agosto/2025,INT-OC-CYS-1649/25
b6aa0963,31/07/2025,CYS,Contrato CW 276532,Supervisión de control de laboratorio ensayos de calidad,Presa y obras anexas,No conformidad en almacenamiento de bentonita,Si,CYS-CW276532-PHI-01854,No,5/agosto/2025,INT-OC-CYS-1527/25
b4a05a8d,31/07/2025,CYS,Contrato CW 276532,Supervisión técnica,Casa de máquinas y obras anexas,Pedestales tubo de aspiración planos y cartillas de refuerzo,Si,CYS-CW276532-PHI-01857,No,4/septiembre/2025,INT-OC-CYS-1823/25
f2944180,31/07/2025,CYS,Contrato CW 276532,Supervisión técnica,Sin Frente,Certificados de materiales del 16 al 30 de junio de 2025.,Si,CYS-CW276532-PHI-01859,No,4/agosto/2025,INT-OC-CYS-1505/25
89c9b859,31/07/2025,CYS,Contrato CW 276532,Supervisión técnica,Túnel de acceso y galerías de construcción de la central,Instrumentación geotécnica – Túnel de acceso y galerías de construcción de la central – Estado argollas de convergencia – Su comunicación CYS-CW276532-PHI-01179.,Si,CYS-CW276532-PHI-01179,No,5/agosto/2025,INT-OC-CYS-1517/25
637abbb3,31/07/2025,CYS,Contrato CW 276532,Supervisión técnica,Túneles de aspiración,Túneles de aspiración N° 7 - Corte de barras de refuerzo en tramos 3 y 4.,Si,CYS-CW276532-PHI-01863,No,3/agosto/2025,INT-OC-CYS-1502/25
a2e25fb4,01/08/2025,CYS,Contrato CW 276532,Supervisión técnica,Casa de máquinas y obras anexas,Certificación acoples Barsplice,Si,CYS-CW276532-PHI-01853,No,,
0f65108a,01/08/2025,CYS,Contrato CW 276532,Supervisión técnica,Casa de máquinas y obras anexas,Equipos ventilación,Si,CYS-CW276532-PHI-01858,No,4/agosto/2025,INT-OC-CYS-1510/25
19a4c8f2,01/08/2025,CYS,Contrato CW 276532,Supervisión técnica,Casa de máquinas y obras anexas,Procedimiento demoliciones de estructuras remanentes,Si,CYS-CW276532-PHI-01860,No,12/agosto/2025,INT-OC-CYS-1594/25
c789d88c,01/08/2025,CYS,Contrato CW 276532,Supervisión técnica,Sin Frente,Vacaciones ingeniero Residente Director del Proyecto,Si,CYS-CW276532-PHI-01862,No,5/agosto/2025,INT-OC-CYS-1518/25
768efb74,01/08/2025,CYS,Contrato CW 276532,Supervisión técnica,Conducciones zona sur,Exploración Pozo de presión 6,Si,D-PHI-COP-0454-2025,No,,
70a9ea36,01/08/2025,CYS,Contrato CW 276532,Supervisión técnica,Presa y obras anexas,Oficialización instructivos de campo Obras Subterráneas,Si,D-PHI-COP-0455-2025,No,,
ffbd0b8e,01/08/2025,CYS,Contrato CW 276532,Supervisión técnica,Presa y obras anexas,Pantalla Cortaflujo- Validación Sistema de Junta- Ayuda de Memoria- Oficialización,No,,Si,1/agosto/2025,INT-OC-CYS-1476/25
d5ee060e,01/08/2025,CYS,Contrato CW 276532,Supervisión técnica,Almenaras y obras anexas,Campaña de aglutinamiento galería de acceso superior a Almenara 2,Si,D-PHI-COP-0456-2025,No,5/agosto/2025,INT-OC-CYS-1521/25
e7f1b0c6,01/08/2025,CYS,Contrato CW 276532,Supervisión técnica,Conducciones zona sur,Perforaciones destructivas ramales de acceso a las conducciones inferiores 7 y 8,Si,D-PHI-COP-0457-2025,No,3/agosto/2025,INT-OC-CYS-1503/25
21e0b1be,01/08/2025,CYS,Contrato CW 276532,Supervisión técnica,Conducciones zona sur,Pozo de Presión 6- Perforaciones Exploratorias,Si,D-PHI-COP-0454-2025,Si,1/agosto/2025,INT-OC-CYS-1479/25
f7383cee,01/08/2025,CYS,Contrato CW 276532,Supervisión de seguridad y salud en el trabajo,Sin Frente,Solicitud siniestro vial Valle Presa,Si,CYS-CW276532-PHI-01864,No,18/agosto/2025,INT-OC-CYS-1645/25
fb919071,01/08/2025,CYS,Contrato CW 276532,Supervisión de seguridad y salud en el trabajo,Sin Frente,Orden reiterada sobre entrega investigaciones accidentes  laborales.,Si,CYS-CW276532-PHI-01865,No,8/septiembre/2025,INT-OC-CYS-1867/25
b9465a61,01/08/2025,CYS,Contrato CW 276532,Supervisión de seguridad y salud en el trabajo,Almenaras y obras anexas,Condiciones y acciones subestándar,No,,No,3/agosto/2025,INT-OC-CYS-1501/25
b3851787,01/08/2025,CYS,Contrato CW 276532,Supervisión técnica,Conducciones zona sur,Oficialización Instructivos de Campo,Si,D-PHI-COP-0455-2025,Si,1/agosto/2025,INT-OC-CYS-1482/25
5f5d850c,01/08/2025,CYS,Contrato CW 276532,Supervisión de seguridad y salud en el trabajo,Sin Frente,Desviaciones identificadas en maquinas y equipos.,No,,No,3/agosto/2025,INT-OC-CYS-1497/25
8d40dcf2,01/08/2025,CYS,Contrato CW 276532,Supervisión de seguridad y salud en el trabajo,Sin Frente,Solicitud sin atención entrega de documentación laboral de ingreso personal Consorcio CYS.,No,,No,4/agosto/2025,INT-OC-CYS-1513/25
689cdd08,01/08/2025,CYS,Contrato CW 276532,Supervisión socioambiental,Sin Frente,Entrega de las actas de comité socioambiental No. 31 a la No. 35.,No,,Si,3/agosto/2025,INT-OC-CYS-1495/25
7b26c732,02/08/2025,CYS,Contrato CW 276532,Supervisión técnica,Almenaras y obras anexas,Entrega de planos estructurales de cámara de operación y control de la Almenara 2 y nueva versión del documento de especificaciones técnicas de construcción de ítems adicional.,Si,D-PHI-COP-0459-2025,No,22/agosto/2025,INT-OC-CYS-1679/25
23cd9629,02/08/2025,CYS,Contrato CW 276532,Supervisión de gestión documental y calidad,Sin Frente,Respuesta a comunicaciones recibidas en el mes de abril de 2025,Si,D-PHI-COP-0461-2025,No,,
fb20ab6a,02/08/2025,CYS,Contrato CW 276532,Supervisión de gestión documental y calidad,Sin Frente,Respuesta a comunicaciones recibidas en el mes de marzo de 2025,Si,D-PHI-COP-0462-2025,No,,
5be0fcd0,02/08/2025,CYS,Contrato CW 276532,Supervisión de gestión documental y calidad,Sin Frente,Respuesta a comunicaciones en el mes de mayo de 2025,Si,D-PHI-COP-0463-2025,No,,
fc6c8bef,02/08/2025,CYS,Contrato CW 276532,Supervisión técnica,Túneles de aspiración,Entrega nueva versión de levantamiento topográfico,Si,D-PHI-COP-0464-2025,No,,
1d9e9fab,02/08/2025,CYS,Contrato CW 276532,Supervisión técnica,Presa y obras anexas,Pantalla cortaflujo de la presa. Perforaciones para ensayo Lefranc en el banco de prueba,Si,NC-204-25,No,5/agosto/2025,INT-OC-CYS-1516/25
aeab4f7c,02/08/2025,CYS,Contrato CW 276532,Supervisión socioambiental,Instalaciones provisionales obras finales,Cierre de inspección conjunta GI-AM-07-25.,No,,Si,3/agosto/2025,INT-OC-CYS-1496/25
1cae8c82,03/08/2025,CYS,Contrato CW 276532,Supervisión técnica,Túneles de aspiración,Metodología constructiva para revestimiento en concreto reforzado.,Si,CYS-CW276532-PHI-01861,No,,
44b7545b,03/08/2025,CYS,Contrato CW 276532,Supervisión técnica,Conducciones zona sur,Planos de las previsiones el la obra civil para el ingreso y montaje del blindaje de las conducciones 5 a 8. Entrega de planos para Construcción en revisión 2.,Si,D-PHI-COP-0465-2025,No,5/agosto/2025,INT-OC-CYS-1515/25
c77697e2,03/08/2025,CYS,Contrato CW 276532,Supervisión técnica,Túneles de aspiración,Instrumentación geotécnica. Detalle de sistema de anclaje en estaciones de convergencia.,Si,NC-206-25,No,5/agosto/2025,INT-OC-CYS-1514/25
7b2461c1,03/08/2025,CYS,Contrato CW 276532,Supervisión técnica,Servicios iluminación y mallas a tierra de la central,Envío Acta de Verificación de llegada a obra Equipos Electromecánicos No. 59-002.,No,,Si,4/agosto/2025,INT-OC-CYS-1509/25
e61520f7,03/08/2025,CYS,Contrato CW 276532,Supervisión de seguridad y salud en el trabajo,Sin Frente,Ayuda de memoria No.18 - Reunión estrategia SST frente a desviaciones subestándar reiteradas e intervención de accidentalidad,No,,Si,4/agosto/2025,INT-OC-CYS-1512/25
25132ee9,04/08/2025,CYS,Contrato CW 276532,Supervisión técnica,Obras en las descargas,Solera en el Túnel de descarga No. 3,No,,No,5/agosto/2025,INT-OC-CYS-1528/25
6ad14aa0,04/08/2025,CYS,Contrato CW 276532,Supervisión contractual,Sin Frente,"Envío de actas de comité de programación CYS No. 36 a 42, 44 y 45",No,,Si,6/agosto/2025,INT-OC-CYS-1543/25
9b30f102,04/08/2025,CYS,Contrato CW 276532,Supervisión socioambiental,Sin Frente,Informe trimestral de indicadores del medio social correspondiente al periodo abril a junio del 2025.,Si,CYS-CW276532-PHI-01840,No,7/agosto/2025,INT-OC-CYS-1559/25
aa2fc3e8,04/08/2025,CYS,Contrato CW 276532,Supervisión técnica,Túneles de aspiración,Metodología constructiva para revestimiento en concreto reforzado.,Si,CYS-CW276532-PHI-01861,No,4/septiembre/2025,INT-OC-CYS-1839/25
50ab113a,04/08/2025,CYS,Contrato CW 276532,Supervisión técnica,Casa de máquinas y obras anexas,Acoples mecánicos Barsplice,Si,CYS-CW276532-PHI-01866,No,5/noviembre/2025,INT-OC-CYS-2403/25
67653d9e,04/08/2025,CYS,Contrato CW 276532,Supervisión técnica,Pozos de salida de cables,Rehabilitación de la excavación –Requerimiento de información.,Si,CYS-CW276532-PHI-01867,No,,
517ca0e4,04/08/2025,CYS,Contrato CW 276532,Supervisión técnica,Conducciones zona sur,Galería D y ramales – Pedestales monorriel,Si,CYS-CW276532-PHI-01868,No,23/agosto/2025,INT-OC-CYS-1690/25
e9a0fbe7,04/08/2025,CYS,Contrato CW 276532,Supervisión de seguridad y salud en el trabajo,Sin Frente,Restricción de actividades por desviaciones subestándar de trabajo en alturas,Si,CYS-CW276532-PHI-01869,No,20/agosto/2025,INT-OC-CYS-1662/25
5d428072,04/08/2025,CYS,Contrato CW 276532,Supervisión técnica,Casa de máquinas y obras anexas,Seguimiento al programa de construcción inicial,Si,CYS-CW276532-PHI-01870,No,5/agosto/2025,INT-OC-CYS-1526/25
a5f48f42,04/08/2025,CYS,Contrato CW 276532,Supervisión técnica,Sin Frente,Personal básico de dirección – Hoja de vida – director técnico.,Si,CYS-CW276532-PHI-01871,No,,
7d9d9c3a,04/08/2025,CYS,Contrato CW 276532,Supervisión socioambiental,Sin Frente,Atención a reclamaciones laborales que involucran al subcontratista LÍNEA VITA,Si,CYS-CW276532-PHI-01872,No,7/agosto/2025,INT-OC-CYS-1556/25
79545da7,04/08/2025,CYS,Contrato CW 276532,Supervisión técnica,Casa de máquinas y obras anexas,Informe Pruebas de carga Puente Grúa Birriel 25 Toneladas.,Si,CYS-CW276532-PHI-01876,No,5/agosto/2025,INT-OC-CYS-1534/25
291f65c1,04/08/2025,CYS,Contrato CW 276532,Supervisión de seguridad y salud en el trabajo,Sin Frente,Solicitud información investigación accidente laboral Andrey Felipe Goez Goez CC.1037263290,No,,No,5/agosto/2025,INT-OC-CYS-1530/25
db21998c,05/08/2025,CYS,Contrato CW 276532,Supervisión técnica,Sin Frente,Prueba tinte trazador,Si,CYS-CW276532-PHI-01873,No,8/agosto/2025,INT-OC-CYS-1566/25
9b7901b8,05/08/2025,CYS,Contrato CW 276532,Supervisión técnica,Descarga intermedia,Bloque de anclaje del By-pass del TDD– Planos de taller y cartillas de refuerzo,Si,CYS-CW276532-PHI-01874,No,4/septiembre/2025,INT-OC-CYS-1806/25
7e519eac,05/08/2025,CYS,Contrato CW 276532,Supervisión técnica,Sistema de caudal remanente (SQR),"Entrega de planos para construcción: Generales, excavaciones y
soportes geotécnicos zona superior, e instrumentación.",Si,D-PHI-CCE-ADM-1-C6751,No,7/agosto/2025,INT-OC-CYS-1553/25
374944a8,05/08/2025,CYS,Contrato CW 276532,Supervisión técnica,Sin Frente,Drenajes sitio 9. Oficialización IC-143-2025,Si,NC-182-25,No,8/agosto/2025,INT-OC-CYS-1568/25
12f865d0,05/08/2025,CYS,Contrato CW 276532,Supervisión de seguridad y salud en el trabajo,Sin Frente,Solicitud información investigación accidente laboral Ruben Dario Giraldo CC.15.491.070,No,,No,6/agosto/2025,INT-OC-CYS-1546/25
da0ef3cf,05/08/2025,CYS,Contrato CW 276532,Supervisión de costos,Sin Frente,Sobrecostos transporte de cemento y combustible por cierre de la vía,Si,CYS-CW276532-PHI-01877,No,9/agosto/2025,INT-OC-CYS-1570/25
b0ae2a87,05/08/2025,CYS,Contrato CW 276532,Supervisión socioambiental,Sin Frente,"Anuncia de cambios normativos en legislación laboral y seguridad social, con ocasión a la implementación de la nueva reforma laboral afectación al presupuesto del Proyecto.",Si,CYS-CW276532-PHI-01878,No,,
53130340,05/08/2025,CYS,Contrato CW 276532,Supervisión técnica,Presa y obras anexas,Pantalla cortaflujo – Solicitud de informe panel de prueba.,Si,CYS-CW276532-PHI-01879,No,12/agosto/2025,INT-OC-CYS-1595/25
1aa7f0de,05/08/2025,CYS,Contrato CW 276532,Supervisión de gestión documental y calidad,Sin Frente,Desviaciones de legibilidad soportes del acta de obra ejecutada No. 16.,Si,CYS-CW276532-PHI-01771,No,6/agosto/2025,INT-OC-CYS-1551/25
d0e5dc81,05/08/2025,CYS,Contrato CW 276532,Supervisión técnica,Sin Frente,Obturadores atascados en perforaciones con tubería en galerías de la EL.435.,Si,CYS-CW276532-PHI-01880,No,17/agosto/2025,INT-OC-CYS-1635/25
2171f812,05/08/2025,CYS,Contrato CW 276532,Supervisión técnica,Sin Frente,Matriz de compromisos comité de obra,No,,Si,6/agosto/2025,INT-OC-CYS-1544/25
47eb7213,06/08/2025,CYS,Contrato CW 276532,Supervisión técnica,Almenaras y obras anexas,Calificación de soldadores,No,,No,7/agosto/2025,INT-OC-CYS-1555/25
f92b940e,06/08/2025,CYS,Contrato CW 276532,Supervisión técnica,Descarga intermedia,Bloque anclaje del By-Pass del TDD a la DI - Inicio de trabajos,No,,No,,
eea2a3a8,05/08/2025,CYS,Contrato CW 276532,Supervisión técnica,Casa de máquinas y obras anexas,Hallazgo oquedad en sector del hastial de aguas abajo entre unidades 6 y 7. Su comunicación CYS-CW276532-PHI-01055,Si,CYS-CW276532-PHI-01055,No,8/agosto/2025,INT-OC-CYS-1564/25
9c93b5c1,06/08/2025,CYS,Contrato CW 276532,Supervisión de seguridad y salud en el trabajo,Sin Frente,Solicitud calibraciones equipos de higiene industrial,No,,No,14/agosto/2025,INT-OC-CYS-1608/25
395fd43d,06/08/2025,CYS,Contrato CW 276532,Supervisión técnica,Casa de máquinas y obras anexas,"Tratamiento en hastiales por debajo de EL.217,50",Si,D-PHI-COP-0111-2025,No,9/agosto/2025,INT-OC-CYS-1572/25
0bae5df6,06/08/2025,CYS,Contrato CW 276532,Supervisión técnica,Presa y obras anexas,Procedimiento Manejo de Explosivos.,Si,CYS-CW276532-PHI-01875,No,25/agosto/2025,INT-OC-CYS-1703/25
3b08266e,06/08/2025,CYS,Contrato CW 276532,Supervisión técnica,Consolidación y conglomeración macizo perturbado zona sur,Inyecciones de aglutinamiento – Resurgencia de lechada,Si,CYS-CW276532-PHI-01881,No,12/agosto/2025,INT-OC-CYS-1593/25
052a9acd,06/08/2025,CYS,Contrato CW 276532,Supervisión técnica,Consolidación y conglomeración macizo perturbado zona sur,Inyecciones de aglutinamiento,Si,CYS-CW276532-PHI-01882,No,14/agosto/2025,INT-OC-CYS-1614/25
c38c9242,06/08/2025,CYS,Contrato CW 276532,Supervisión técnica,Consolidación y conglomeración macizo perturbado zona sur,"Parte alta pozos de compuertas, zona superior e intermedia",Si,CYS-CW276532-PHI-01883,No,20/agosto/2025,INT-OC-CYS-1664/25
90e37c16,06/08/2025,CYS,Contrato CW 276532,Supervisión técnica,Consolidación y conglomeración macizo perturbado zona sur,"Parte alta pozos de compuertas, zona superior e intermedia",Si,CYS-CW276532-PHI-01884,No,12/agosto/2025,INT-OC-CYS-1592/25
59f921c9,06/08/2025,CYS,Contrato CW 276532,Supervisión técnica,Consolidación y conglomeración macizo perturbado zona sur,"Parte alta pozos de compuertas, zona superior e intermedia",Si,CYS-CW276532-PHI-01885,No,12/agosto/2025,INT-OC-CYS-1598/25
1e92cfa8,06/08/2025,CYS,Contrato CW 276532,Supervisión técnica,Presa y obras anexas,Medidor de infiltraciones – Novedades perforación exploratoria P3,Si,CYS-CW276532-PHI-01886,No,18/agosto/2025,INT-OC-CYS-1650/25
c6a1e010,06/08/2025,CYS,Contrato CW 276532,Supervisión técnica,Presa y obras anexas,Medidor de infiltraciones – Inyecciones de consolidación -Inactividad,Si,CYS-CW276532-PHI-01887,No,14/agosto/2025,INT-OC-CYS-1610/25
9993332e,06/08/2025,CYS,Contrato CW 276532,Supervisión técnica,Consolidación y conglomeración macizo perturbado zona sur,"Parte alta pozos de compuertas, zona superior e intermedia",Si,CYS-CW276532-PHI-01888,No,8/agosto/2025,INT-OC-CYS-1567/25
5c223582,06/08/2025,CYS,Contrato CW 276532,Supervisión técnica,Sin Frente,Entrega acta de comité de obra No. 081,No,,Si,7/agosto/2025,INT-OC-CYS-1554/25
4420c77c,07/08/2025,CYS,Contrato CW 276532,Supervisión técnica,Caverna de transformadores y obras anexas,"Sustitución parcial de canaleta prefabricada de polipropileno nivel 227,80",Si,NC-209-25,Si,23/agosto/2025,INT-OC-CYS-1688/25
3ec6bc79,07/08/2025,CYS,Contrato CW 276532,Supervisión técnica,Conducciones zona sur,Entrega planos de apoyos para elementos que soportan los rieles del pórtico grúa y las plataformas para montaje del blindaje de las conducciones.,Si,D-PHI-COP-0474-2025,No,8/agosto/2025,INT-OC-CYS-1565/25
b500f448,06/08/2025,CYS,Contrato CW 276532,Supervisión técnica,Sin Frente,Entrega compromisos – Recorridos de obra - mesa de constructibilidad.,No,,Si,7/agosto/2025,INT-OC-CYS-1557/25
60f69feb,08/08/2025,CYS,Contrato CW 276532,Supervisión técnica,Túnel de acceso y galerías de construcción de la central,Medidor de infiltraciones GCIS y adecuación del foso de bombeo,Si,CYS-CW276532-PHI-01078,No,10/agosto/2025,INT-OC-CYS-1576/25
9fe44646,08/08/2025,CYS,Contrato CW 276532,Supervisión técnica,Conducciones zona sur,Perforación barreno INY-GF-ZS-03.,Si,D-PHI-COP-0476-2025,No,,
d6cfbde1,08/08/2025,CYS,Contrato CW 276532,Supervisión técnica,Tapones de túneles y galerías de acceso y construcción,Impacto en la ejecución del contrato por liberación en puerto de equipos importados.,Si,CYS-CW276532-PHI-01889,No,9/agosto/2025,INT-OC-CYS-1573/25
323da934,08/08/2025,CYS,Contrato CW 276532,Supervisión técnica,Zonas de deposito obras finales,Depósito Ticuitá 2 – Fallas mecánicas Bulldozer utilizado para la conformación del depósito,Si,CYS-CW276532-PHI-01891,No,10/agosto/2025,INT-OC-CYS-1574/25
2e051cd0,08/08/2025,CYS,Contrato CW 276532,Supervisión de seguridad física,Sin Frente,Informe de actividades de seguridad física julio de 2025.,Si,CYS-CW276532-PHI-01892,No,14/agosto/2025,INT-OC-CYS-1612/25
505adfe7,08/08/2025,CYS,Contrato CW 276532,Supervisión socioambiental,Sin Frente,Informe correspondiente al mes de julio de 2025.,Si,CYS-CW276532-PHI-01893,No,20/agosto/2025,INT-OC-CYS-1663/25
d812a643,08/08/2025,CYS,Contrato CW 276532,Supervisión técnica,Descarga intermedia,Losa sobre micropilotes – Planos de taller y cartilla de refuerzo.,Si,CYS-CW276532-PHI-01894,No,,
8ab364a3,08/08/2025,CYS,Contrato CW 276532,Supervisión técnica,Descarga intermedia,Losa sobre micropilotes – Planos de taller y cartilla de refuerzo.,Si,CYS-CW276532-PHI-01894,No,31/octubre/2025,INT-OC-CYS-2376/25
ba6f252d,08/08/2025,CYS,Contrato CW 276532,Supervisión técnica,Sin Frente,Galerías de Barras – Pruebas de carga,Si,CYS-CW276532-PHI-01895,No,,
189d85ea,08/08/2025,CYS,Contrato CW 276532,Supervisión de seguridad y salud en el trabajo,Casa de máquinas y obras anexas,Galerías de Barras – Pruebas de carga,Si,CYS-CW276532-PHI-01895,No,28/septiembre/2025,INT-OC-CYS-2067/25
93a8fe9f,08/08/2025,CYS,Contrato CW 276532,Supervisión técnica,Casa de máquinas y obras anexas,Muro aguas arriba – Planos y cartillas de refuerzo,Si,CYS-CW276532-PHI-01897,No,29/agosto/2025,INT-OC-CYS-1744/25
f83c28d6,08/08/2025,CYS,Contrato CW 276532,Supervisión técnica,Servicios iluminación y mallas a tierra de la central,Tomas de puesta a tierra para las obras eléctricas,Si,CYS-CW276532-PHI-01898,No,,
333ddf1c,08/08/2025,CYS,Contrato CW 276532,Supervisión socioambiental,Sin Frente,Respuesta Seguimiento de PQRS,Si,CYS-CW276532-PHI-01899,No,12/agosto/2025,INT-OC-CYS-1587/25
5bede723,08/08/2025,CYS,Contrato CW 276532,Supervisión de seguridad y salud en el trabajo,Sin Frente,Reiteración de atención a observaciones plan 17,Si,CYS-CW276532-PHI-01900,No,20/agosto/2025,INT-OC-CYS-1667/25
d16f6214,08/08/2025,CYS,Contrato CW 276532,Supervisión socioambiental,Sin Frente,Remisión de las actas de los comités sociales específicos Nros 17 a la 19.,No,,Si,10/agosto/2025,INT-OC-CYS-1575/25
482cf27e,09/08/2025,CYS,Contrato CW 276532,Supervisión técnica,Presa y obras anexas,Adecuación hacia la berma 255 m.s.n.m. - Oficialización NC-011-25.,No,,No,,
1206289d,09/08/2025,CYS,Contrato CW 276532,Supervisión técnica,Almenaras y obras anexas,Viga 192.200 – Planos de taller acero de refuerzo.,Si,CYS-CW276532-PHI-01902,No,10/octubre/2025,INT-OC-CYS-2181/25
a5cc9421,09/08/2025,CYS,Contrato CW 276532,Supervisión de seguridad y salud en el trabajo,Sin Frente,Reunión Estratégica SST frente a desviaciones subestándar reiteradas e Intervención de Accidentalidad,Si,CYS-CW276532-PHI-01903,No,19/agosto/2025,INT-OC-CYS-1655/25
ae391c4a,09/08/2025,CYS,Contrato CW 276532,Supervisión de seguridad y salud en el trabajo,Sin Frente,Orden reiterada entrega de documentación laboral de ingreso personal consorcio CYS,Si,CYS-CW276532-PHI-01904,No,17/agosto/2025,INT-OC-CYS-1631/25
54d46ac6,09/08/2025,CYS,Contrato CW 276532,Supervisión técnica,Conducciones zona sur,Recuperación Ramal superior 7 – Inyecciones de Consolidación.,Si,CYS-CW276532-PHI-01905,No,14/agosto/2025,INT-OC-CYS-1609/25
db0dab75,09/08/2025,CYS,Contrato CW 276532,Supervisión de seguridad física,Sin Frente,Condiciones actuales del Proyecto - Afectaciones de seguridad y orden público.,Si,CYS-CW276532-PHI-01907,No,14/agosto/2025,INT-OC-CYS-1617/25
f6e84338,09/08/2025,CYS,Contrato CW 276532,Supervisión socioambiental,Instalaciones provisionales obras finales,Cierre de inspección conjunta GI-AM-05-25,Si,CYS-CW276532-PHI-01908,No,14/agosto/2025,INT-OC-CYS-1613/25
29f57a79,09/08/2025,CYS,Contrato CW 276532,Supervisión técnica,Túnel de acceso y galerías de construcción de la central,Altenativas para aumentar rendimientos en la rehabilitación de galerías y accesos al proyecto.,Si,CYS-CW276532-PHI-00872,No,13/agosto/2025,INT-OC-CYS-1601/25
19e7f251,09/08/2025,CYS,Contrato CW 276532,Supervisión de seguridad y salud en el trabajo,Sin Frente,Ayuda de memoria No.19 - Reunión de controles SST previo a vaciado camada No. 7 y 8 oquedad 1.,No,,Si,10/agosto/2025,INT-OC-CYS-1579/25
cf0a7774,09/08/2025,CYS,Contrato CW 276532,Supervisión socioambiental,Sin Frente,Respuesta Seguimiento de PQRS,Si,CYS-CW276532-PHI-01896,No,12/agosto/2025,INT-OC-CYS-1590/25
0df875d4,09/08/2025,CYS,Contrato CW 276532,Supervisión técnica,Sin Frente,Remisión acta de instrumentación geotécnica.,Si,CYS-CW276532-PHI-01901,No,10/octubre/2025,INT-OC-CYS-2182/25
5f104b75,09/08/2025,CYS,Contrato CW 276532,Supervisión de control de laboratorio ensayos de calidad,Presa y obras anexas,Alternativa diseño de mezcla lodo de bentonitico para pantalla corta flujo aguas abajo de la presa.,Si,CYS-CW276532-PHI-01909,No,13/agosto/2025,INT-OC-CYS-1600/25
53c8e2ef,09/08/2025,CYS,Contrato CW 276532,Supervisión técnica,Casa de máquinas y obras anexas,Demolición de estructuras de concreto en las unidades 5 y 6 de la zona sur,Si,CYS-CW276532-PHI-01910,No,,
e3e6073e,09/08/2025,CYS,Contrato CW 276532,Supervisión contractual,Sin Frente,"Copia de las certificaciones de las pólizas del contrato de la referencia, expedidos por las aseguradoras CONFIANZA y CHUBB generadas con ocasión a al Acta de Modificación Bilateral N°8 del contrato CW276532. Su comunicación EPM N°20250130129797 del 17 de julio de 2025.",Si,CYS-EPM-CW276532-PHI-0054,No,,
1b55eaa4,09/08/2025,CYS,Contrato CW 276532,Supervisión técnica,Casa de máquinas y obras anexas,Hastial aguas abajo - Oquedad 1 - Corte de malla electrosoldada,No,,No,12/agosto/2025,INT-OC-CYS-1589/25
a37612dd,10/08/2025,CYS,Contrato CW 276532,Supervisión técnica,Zonas de deposito obras finales,Depósito Ticitá - Área disponible,Si,CYS-CW276532-PHI-01019,No,11/agosto/2025,INT-OC-CYS-1581/25
42258a56,10/08/2025,CYS,Contrato CW 276532,Supervisión técnica,Galerías y pozos de compuertas,Drenajes adicionales para manejo de aguas Conducciones superiores 5 a 8,Si,D-PHI-COP-0477-2025,No,15/agosto/2025,INT-OC-CYS-1620/25
b4edf6ac,10/08/2025,CYS,Contrato CW 276532,Supervisión técnica,Conducciones zona sur,Perforaciones de drenaje Galería F,Si,NC-210-25,No,14/agosto/2025,INT-OC-CYS-1605/25
90681579,10/08/2025,CYS,Contrato CW 276532,Supervisión socioambiental,Sin Frente,Solicitud EPM: recolección de germoplasma - semestre II de 2025,No,,No,11/agosto/2025,INT-OC-CYS-1583/25
a95126a0,10/08/2025,CYS,Contrato CW 276532,Supervisión técnica,Estabilidad helipuerto villa luz,Oficialización de IC-040-25.,No,,No,10/agosto/2025,INT-OC-CYS-1580/25
b9e013c8,10/08/2025,CYS,Contrato CW 276532,Supervisión técnica,Casa de máquinas y obras anexas,Daño en puerta de cerramiento galería de acceso a caverna de transformadores,No,,No,11/agosto/2025,INT-OC-CYS-1582/25
7b03abe4,10/08/2025,CYS,Contrato CW 276532,Supervisión técnica,Sin Frente,Formalización compromisos – Recorrido de obra – Mesa de constructibilidad 2 de agosto de 2025.,No,,Si,11/agosto/2025,INT-OC-CYS-1584/25
a9a0c088,11/08/2025,CYS,Contrato CW 276532,Supervisión técnica,Consolidación y conglomeración macizo perturbado zona sur,Entrega chequeo de desviación barreno de drenaje P-DR-CN8-02,Si,D-PHI-COP-0481-2025,No,21/agosto/2025,INT-OC-CYS-1674/25
424a9d94,11/08/2025,CYS,Contrato CW 276532,Supervisión técnica,Presa y obras anexas,Pantalla cortaflujo - Resultados y ejecución de ensayos sobre el panel de prueba,No,,No,17/agosto/2025,INT-OC-CYS-1636/25
433f3eb0,11/08/2025,CYS,Contrato CW 276532,Supervisión técnica,Descarga intermedia,Inicio de demolición de estructuras existentes en la descarga,Si,CYS-CW276532-PHI-01067,No,12/agosto/2025,INT-OC-CYS-1591/25
c3ea3a5e,11/08/2025,CYS,Contrato CW 276532,Supervisión técnica,Galerías de acceso y construcción sistema de conducción,Implementación de las alternativas para la recuperación de los desfases en las excavaciones de las galerías,Si,CYS-CW276532-PHI-01093,No,13/agosto/2025,INT-OC-CYS-1599/25
4dfda2d5,11/08/2025,CYS,Contrato CW 276532,Supervisión técnica,Casa de máquinas y obras anexas,Inyecciones – Propuesta técnica para el control de migración de lechada hacia galerías elevaciones 188 y 193,Si,CYS-CW276532-PHI-01099,No,12/agosto/2025,INT-OC-CYS-1585/25
efd214cc,11/08/2025,CYS,Contrato CW 276532,Supervisión técnica,Conducciones zona sur,Recomendación perforación exploratoria Galería D sur,Si,NC-211-25,No,14/agosto/2025,INT-OC-CYS-1604/25
bc39eb64,11/08/2025,CYS,Contrato CW 276532,Supervisión técnica,Sin Frente,Remisión programa de instalación de instrumentación geotécnica.,Si,CYS-CW276532-PHI-01911,No,29/octubre/2025,INT-OC-CYS-2353/25
6a65cc2d,11/08/2025,CYS,Contrato CW 276532,Supervisión técnica,Almenaras y obras anexas,Calificación soldadores,Si,CYS-CW276532-PHI-01912,No,14/agosto/2025,INT-OC-CYS-1607/25
96bf6713,11/08/2025,CYS,Contrato CW 276532,Supervisión técnica,Galerías y pozos de compuertas,Ajuste acta de instalación de los PCV-GDN-01 y PCV-GAP-12,Si,CYS-CW276532-PHI-01913,No,11/octubre/2025,INT-OC-CYS-2185/25
c59ec03c,11/08/2025,CYS,Contrato CW 276532,Supervisión de control de laboratorio ensayos de calidad,Sin Frente,Control y diseño de mezclas de concreto.,Si,CYS-CW276532-PHI-01914,No,20/agosto/2025,INT-OC-CYS-1665/25
e2c14225,11/08/2025,CYS,Contrato CW 276532,Supervisión técnica,Sin Frente,Seguimiento programa general de obra.,Si,CYS-CW276532-PHI-01915,No,27/agosto/2025,INT-OC-CYS-1712/25
d3339333,11/08/2025,CYS,Contrato CW 276532,Supervisión técnica,Sin Frente,Remisión acta de instrumentación geotécnica.,Si,CYS-CW276532-PHI-01917,No,7/octubre/2025,INT-OC-CYS-2149/25
28635708,11/08/2025,CYS,Contrato CW 276532,Supervisión técnica,Presa y obras anexas,Ensayos de permeabilidad en panel de prueba de pantalla cortaflujo,No,,No,13/agosto/2025,INT-OC-CYS-1603/25
3eca8741,11/08/2025,CYS,Contrato CW 276532,Supervisión técnica,Presa y obras anexas,Pantalla  cortaflujo - Ejecución de ensayo de permeabilidad,No,,No,,
fd31df4f,12/08/2025,CYS,Contrato CW 276532,Supervisión técnica,Casa de máquinas y obras anexas,Fosos de Infiltración – Planos de taller de refuerzo.,Si,CYS-CW276532-PHI-01918,No,17/octubre/2025,INT-OC-CYS-2264/25
51b8697e,12/08/2025,CYS,Contrato CW 276532,Supervisión de seguridad y salud en el trabajo,Sin Frente,Informe mensual SST julio 2025,Si,CYS-CW276532-PHI-01919,No,11/septiembre/2025,INT-OC-CYS-1896/25
2b46f8bf,13/08/2025,CYS,Contrato CW 276532,Supervisión de control de laboratorio ensayos de calidad,Sin Frente,Producción de concretos - Estado plantas de concreto - Optimización condiciones mecánicas y de producción.,Si,CYS-CW276532-PHI-01921,No,20/agosto/2025,INT-OC-CYS-1671/25
296d4f91,13/08/2025,CYS,Contrato CW 276532,Supervisión técnica,Almenaras y obras anexas,Detalles ménsulas para soporte de tuberías,No,,No,15/agosto/2025,INT-OC-CYS-1622/25
4dda4b65,13/08/2025,CYS,Contrato CW 276532,Supervisión técnica,Casa de máquinas y obras anexas,NC - GIPEH  - Ampliación de excavación y soporte,Si,NC-213-25,No,16/agosto/2025,INT-OC-CYS-1624/25
f8a193c8,13/08/2025,CYS,Contrato CW 276532,Supervisión técnica,Conducciones zona sur,Instrumentación Geotécnica. Ramales a codos superiores conducciones 5 a 8. Modificación de anclaje para dianas de convergencia.,Si,NC-212-25,No,1/septiembre/2025,INT-OC-CYS-1771/25
d169a48b,13/08/2025,CYS,Contrato CW 276532,Supervisión técnica,Sin Frente,Actas de entrega de bienes Nos. 59-027 a 59-029,No,,Si,14/agosto/2025,INT-OC-CYS-1606/25
de7978a6,13/08/2025,CYS,Contrato CW 276532,Supervisión técnica,Zonas de deposito obras finales,Depósito Ticuitá - Procedimiento de conformación,Si,CYS-CW276532-PHI-01127,No,4/septiembre/2025,INT-OC-CYS-1842/25
b2b444c8,13/08/2025,CYS,Contrato CW 276532,Supervisión técnica,Casa de máquinas y obras anexas,Columnas tipo 1 a 5 – Planos de taller y cartillas de refuerzo,Si,CYS-CW276532-PHI-01922,No,13/septiembre/2025,INT-OC-CYS-1911/25
ad67d8ca,13/08/2025,CYS,Contrato CW 276532,Supervisión técnica,Consolidación y conglomeración macizo perturbado zona sur,Campaña de aglutinamiento macizo rocoso afectado al sur de las cavernas,Si,CYS-CW276532-PHI-01923,No,30/septiembre/2025,INT-OC-CYS-2085/25
14032958,13/08/2025,CYS,Contrato CW 276532,Supervisión técnica,Sin Frente,Excavaciones subterráneas - Informes diarios.,Si,CYS-CW276532-PHI-01924,No,2/septiembre/2025,INT-OC-CYS-1790/25
939cf5d6,14/08/2025,CYS,Contrato CW 276532,Supervisión técnica,Galerías de acceso y construcción sistema de conducción,Galería de Construcción Inferior Sur – Planos de detalle,Si,CYS-CW276532-PHI-01123.,No,,
5879eacc,14/08/2025,CYS,Contrato CW 276532,Supervisión técnica,Conducciones zona sur,Ramales superiores - Pedestales de apoyo para la viga del monorriel,No,,No,17/agosto/2025,INT-OC-CYS-1633/25
dd42bcce,14/08/2025,CYS,Contrato CW 276532,Supervisión técnica,Conducciones zona sur,Ramal inferior N°8 - Perforación e instalación de enfilajes.,No,,No,17/agosto/2025,INT-OC-CYS-1634/25
e2e3c12a,14/08/2025,CYS,Contrato CW 276532,Supervisión de seguridad física,Sin Frente,Entrega acta comités de seguridad física 017-018.,No,,Si,16/agosto/2025,INT-OC-CYS-1623/25
c5a4739c,14/08/2025,CYS,Contrato CW 276532,Supervisión técnica,Casa de máquinas y obras anexas,Túnel de Aspiración 5 soporte tramo 1,Si,NC-214-25,No,18/agosto/2025,INT-OC-CYS-1651/25
1f192ad1,15/08/2025,CYS,Contrato CW 276532,Supervisión técnica,Casa de máquinas y obras anexas,Registro de perforaciones exploratorias,Si,CYS-CW276532-PHI-01925,No,7/septiembre/2025,INT-OC-CYS-1864/25
18340041,15/08/2025,CYS,Contrato CW 276532,Supervisión técnica,Presa y obras anexas,Oficialización nota de campo NC-065-25,Si,CYS-CW276532-PHI-01926,No,3/septiembre/2025,INT-OC-CYS-1800/25
2904c9b3,15/08/2025,CYS,Contrato CW 276532,Supervisión de seguridad y salud en el trabajo,Sin Frente,Solicitud información investigación accidente laboral Einer Jose Gutierrez Carrillo CC. 5.166.179,No,,No,17/agosto/2025,INT-OC-CYS-1630/25
779d0d6f,15/08/2025,CYS,Contrato CW 276532,Supervisión técnica,Presa y obras anexas,Medidor de infiltraciones Inyecciones de consolidación en el macizo rocoso y en zona de sedimentos,Si,CYS-CW276532-PHI-01927,No,4/septiembre/2025,INT-OC-CYS-1818/25
66adf112,15/08/2025,CYS,Contrato CW 276532,Supervisión técnica,Sin Frente,"Acta de logueo de los barrenos INY-PP5-ZS-02, INY-PP5-ZS-05, INY-PP5-ZS-07, INY-PP5-ZS-08",Si,CYS-CW276532-PHI-01928,No,29/septiembre/2025,INT-OC-CYS-2080/25
bcfa5131,15/08/2025,CYS,Contrato CW 276532,Supervisión técnica,Almenaras y obras anexas,Remisión acta de instrumentación geotécnica,Si,CYS-CW276532-PHI-01929,No,16/octubre/2025,INT-OC-CYS-2234/25
b8b2f902,15/08/2025,CYS,Contrato CW 276532,Supervisión técnica,Casa de máquinas y obras anexas,"Instructivo de montaje de tubería MPC embebidos en las columnas A, C, Y G para las Unidades 5-8",Si,CYS-CW276532-PHI-01930,No,18/agosto/2025,INT-OC-CYS-1652/25
1c79b267,15/08/2025,CYS,Contrato CW 276532,Supervisión técnica,Sin Frente,Localización plantas de concreto de 60 y 100 m3/h,Si,CYS-CW276532-PHI-01933,No,26/agosto/2025,INT-OC-CYS-1711/25
3a454404,15/08/2025,CYS,Contrato CW 276532,Supervisión técnica,Casa de máquinas y obras anexas,Tensores de anclaje protección de cabezales,Si,CYS-CW276532-PHI-01934,No,22/agosto/2025,INT-OC-CYS-1682/25
9c5cd28a,15/08/2025,CYS,Contrato CW 276532,Supervisión de control de laboratorio ensayos de calidad,Sin Frente,Registro de cargue planta Domat 30 m3/h,Si,CYS-CW276532-PHI-01935,No,19/agosto/2025,INT-OC-CYS-1660/25
f7546297,15/08/2025,CYS,Contrato CW 276532,Supervisión técnica,Servicios iluminación y mallas a tierra de la central,Tomas de puesta a tierra para las obras eléctricas.,Si,CYS-CW276532-PHI-01898,No,18/agosto/2025,INT-OC-CYS-1644/25
8bea4d4d,15/08/2025,CYS,Contrato CW 276532,Supervisión técnica,Presa y obras anexas,GIYD de la margen derecha limpieza y mantenimiento de vertederos de aforos,Si,CYS-CW276532-PHI-01937,No,19/agosto/2025,INT-OC-CYS-1654/25
e7387f5e,15/08/2025,CYS,Contrato CW 276532,Supervisión técnica,Conducciones zona sur,Pozo de presión 5 Excavación,Si,CYS-CW276532-PHI-01938,Si,4/septiembre/2025,INT-OC-CYS-1836/25
e5a15e61,15/08/2025,CYS,Contrato CW 276532,Supervisión de seguridad y salud en el trabajo,Sin Frente,Hallazgos inspección de vehículos y maquinaria,Si,CYS-CW276532-PHI-01939,No,20/agosto/2025,INT-OC-CYS-1669/25
1358c0f8,15/08/2025,CYS,Contrato CW 276532,Supervisión socioambiental,Requerimientos de EPM o entidades externas,Atención al Requerimiento 64 del Acta de Oralidad 425 del 30 de julio de 2025 con la ANLA,No,,Si,16/agosto/2025,INT-OC-CYS-1626/25
724dba87,15/08/2025,CYS,Contrato CW 276532,Supervisión de seguridad y salud en el trabajo,Sin Frente,Solicitud información investigación accidente  laboral Javier Santos Peña CC: 1.094.161545,Si,CYS-CW276532-PHI-01940,No,8/septiembre/2025,INT-OC-CYS-1871/25
bcc2e81b,15/08/2025,CYS,Contrato CW 276532,Supervisión de seguridad y salud en el trabajo,Sin Frente,Solicitud información investigación accidente laboral de Arley Ladino Tapesco CC: 1.090.335.409,Si,CYS-CW276532-PHI-01941,No,9/septiembre/2025,INT-OC-CYS-1876/25
6cbae72e,15/08/2025,CYS,Contrato CW 276532,Supervisión técnica,Sin Frente,Uso de empalmes para acero de refuerzo con acoples Tipo 2 FMax Ramalza,Si,CYS-CW276532-PHI-01942,No,,
3fe8cac4,15/08/2025,CYS,Contrato CW 276532,Supervisión socioambiental,Requerimientos de EPM o entidades externas,Requerimientos de EPM o entidades externas – Atención al Requerimiento 73 del Acta de Oralidad 425 del 30 de julio de 2025 con la ANLA,No,,Si,16/agosto/2025,INT-OC-CYS-1627/25
34087609,15/08/2025,CYS,Contrato CW 276532,Supervisión socioambiental,Requerimientos de EPM o entidades externas,Requerimientos de EPM o entidades externas – Atención al Requerimiento 74 del Acta de Oralidad 425 del 30 de julio de 2025 con la ANLA,No,,Si,16/agosto/2025,INT-OC-CYS-1628/25
13410006,15/08/2025,CYS,Contrato CW 276532,Supervisión de seguridad y salud en el trabajo,Sin Frente,Solicitud información investigación accidente laboral de Reyson Paz Manquillo CC: 1.117.968.067,Si,CYS-CW276532-PHI-01943,No,8/septiembre/2025,INT-OC-CYS-1873/25
5db8ad8c,15/08/2025,CYS,Contrato CW 276532,Supervisión de seguridad y salud en el trabajo,Sin Frente,Solicitud información investigación accidente laboral de José Fernando Muriel Taborda,Si,CYS-CW276532-PHI-01944,No,9/septiembre/2025,INT-OC-CYS-1875/25
8e3cd96d,15/08/2025,CYS,Contrato CW 276532,Supervisión de seguridad y salud en el trabajo,Sin Frente,Solicitud información investigación accidente laboral de Plinio Manuel Casiani CC. 78.299.598,Si,CYS-CW276532-PHI-01945,No,9/septiembre/2025,INT-OC-CYS-1880/25
67235d9d,15/08/2025,CYS,Contrato CW 276532,Supervisión socioambiental,Requerimientos de EPM o entidades externas,Atención al Requerimiento 90 del Acta de Oralidad 425 del 30 de julio de 2025 con la ANLA,No,,Si,16/agosto/2025,INT-OC-CYS-1629/25
a094e3cc,15/08/2025,CYS,Contrato CW 276532,Supervisión técnica,Almenaras y obras anexas,Solicitud a interferencia entre la caperuza de concreto del tensor 157A y barras de refuerzo longitudinal de la columna en eje C del pórtico de manejo de compuertas,Si,NC-218-25,No,17/agosto/2025,INT-OC-CYS-1641/25
2c62f044,16/08/2025,CYS,Contrato CW 276532,Supervisión técnica,Presa y obras anexas,Pantalla cortaflujo - Actividades por ejecutar en panel de prueba,No,,No,,
cb74d5db,16/08/2025,CYS,Contrato CW 276532,Supervisión técnica,Conducciones zona norte,Codos superiores No 5 a No 8 Entrega de los planos para la rehabilitación,Si,CYS-CW276532-PHI-01932,No,4/septiembre/2025,INT-OC-CYS-1804/25
896c1a8c,16/08/2025,CYS,Contrato CW 276532,Supervisión técnica,Almenaras y obras anexas,Calificación soldadores,Si,CYS-CW276532-PHI01946,No,18/agosto/2025,INT-OC-CYS-1643/25
459f10ea,16/08/2025,CYS,Contrato CW 276532,Supervisión socioambiental,Requerimientos de EPM o entidades externas,Manejo de Fauna Silvestre – Actualización Ficha ICA 4b,No,,Si,17/agosto/2025,INT-OC-CYS-1632/25
ffe59614,16/08/2025,CYS,Contrato CW 276532,Supervisión técnica,Sin Frente,Solicitud actas de instalación instrumentación geotécnica,Si,D-PHI-COP-0487-2025,No,29/septiembre/2025,INT-OC-CYS-2079/25
49716f9f,16/08/2025,CYS,Contrato CW 276532,Supervisión técnica,Presa y obras anexas,Panel de Prueba pantalla plástica,No,,No,20/agosto/2025,INT-OC-CYS-1666/25
fa5b4da1,17/08/2025,CYS,Contrato CW 276532,Supervisión técnica,Túneles de aspiración,Túnel aspiración 5 perfiles metálicos soporte oquedad 1,SI,D-PHI-COP-0489-2025,No,,
54adeebd,17/08/2025,CYS,Contrato CW 276532,Supervisión de seguridad y salud en el trabajo,Sin Frente,Incumplimiento a requerimientos contractuales relacionados con disponibilidad de la tripulación de ambulancia.,No,,No,21/agosto/2025,INT-OC-CYS-1673/25
02cb66d4,17/08/2025,CYS,Contrato CW 276532,Supervisión técnica,Sin Frente,Instrumentación geotécnica,Si,D-PHI-COP-0490-2025,No,,
6e23aec6,17/08/2025,CYS,Contrato CW 276532,Supervisión técnica,Casa de máquinas y obras anexas,Tubo de aspiración unidades 5 y 7 planos de taller cartilla de refuerzo,Si,CYS-CW276532-PHI-01947,No,3/octubre/2025,INT-OC-CYS-2117/25
4082fb93,17/08/2025,CYS,Contrato CW 276532,Supervisión técnica,Casa de máquinas y obras anexas,Tubo de aspiración unidades 6 y 8 planos de taller y cartilla de refuerzo,Si,CYS-CW276532-PHI-01948,No,8/noviembre/2025,INT-OC-CYS-2431/25
8050bada,17/08/2025,CYS,Contrato CW 276532,Supervisión técnica,Sin Frente,Información de oficio recibido inspección del municipio de Toledo,Si,CYS-CW276532-PHI-01949,No,21/agosto/2025,INT-OC-CYS-1677/25
e7922803,17/08/2025,CYS,Contrato CW 276532,Supervisión técnica,Casa de máquinas y obras anexas,Alineamientos pórtico puente grúa principal,Si,CYS-CW276532-PHI-01950,No,7/septiembre/2025,INT-OC-CYS-1863/25
219fa643,17/08/2025,CYS,Contrato CW 276532,Supervisión técnica,Casa de máquinas y obras anexas,Escalera tipo 3 y 4 Planos de taller acero de refuerzo,Si,CYS-CW276532-PHI-01951,No,18/septiembre/2025,INT-OC-CYS-1962/25
ff5b8567,17/08/2025,CYS,Contrato CW 276532,Supervisión técnica,Casa de máquinas y obras anexas,Puntales de transferencia planos de taller de refuerzo,Si,CYS-CW276532-PHI-01952,No,18/septiembre/2025,INT-OC-CYS-1978/25
356440b2,17/08/2025,CYS,Contrato CW 276532,Supervisión técnica,Casa de máquinas y obras anexas,Anclajes activos muro aguas arriba planos de taller acero de refuerzo,Si,CYS-CW276532-PHI-01953,No,19/septiembre/2025,INT-OC-CYS-1981/25
7e8348a7,17/08/2025,CYS,Contrato CW 276532,Supervisión técnica,Casa de máquinas y obras anexas,Anclajes BAL 8 muro aguas abajo planos de taller acero de refuerzo,SI,CYS-CW276532-PHI-01954,No,4/septiembre/2025,INT-OC-CYS-1832/25
29f7e277,17/08/2025,CYS,Contrato CW 276532,Supervisión técnica,Casa de máquinas y obras anexas,Galería barras No 5 planos y cartillas de refuerzo,Si,CYS-CW276532-PHI-01955,No,24/septiembre/2025,INT-OC-CYS-2040/25
40d48852,17/08/2025,CYS,Contrato CW 276532,Supervisión técnica,Sin Frente,Hoja de vida Director técnico,Si,CYS-CW276532-PHI-01956,No,30/agosto/2025,INT-OC-CYS-1754/25
e7a269f7,17/08/2025,CYS,Contrato CW 276532,Supervisión técnica,Almenaras y obras anexas,Propuesta de sellado temporal tuberías inoxidables sonda presión,Si,CYS-CW276532-PHI-01957,No,19/agosto/2025,INT-OC-CYS-1657/25
4158a769,18/08/2025,CYS,Contrato CW 276532,Supervisión técnica,Conducciones zona sur,Oficialización de los planos para la rehabilitación de los codos superiores 5 a 8,Si,D-PHI-COP-0496-2025,No,19/agosto/2025,INT-OC-CYS-1656/25
ae9288bf,18/08/2025,CYS,Contrato CW 276532,Supervisión técnica,Sin Frente,Hoja de vida ingeniero residente director del proyecto,Si,CYS-CW276532-PHI-01959,No,18/agosto/2025,INT-OC-CYS-1647/25
d40fd687,18/08/2025,CYS,Contrato CW 276532,Supervisión de seguridad y salud en el trabajo,Sin Frente,Remisión acta de comité SST No. 19,No,,Si,19/agosto/2025,INT-OC-CYS-1653/25
c9f07c8d,18/08/2025,CYS,Contrato CW 276532,Supervisión técnica,Casa de máquinas y obras anexas,"Inspección de la losa contra piso del nivel 193-00 msnm localizada aproximadamente entre abscisas K0+131,00 Y K0+142,35, entre el machón de la sala de montajes y el muero de confinamiento lateral norte del aspirador 5",Si,D-PHI-COP-0498-2025,No,30/agosto/2025,INT-OC-CYS-1750/25
712b4223,18/08/2025,CYS,Contrato CW 276532,Supervisión de seguridad y salud en el trabajo,Almenaras y obras anexas,Hallazgos pendiente por cerrar inspección conjunta No. 66,No,,Si,19/agosto/2025,INT-OC-CYS-1659/25
0ed8f75d,19/08/2025,CYS,Contrato CW 276532,Supervisión técnica,Sin Frente,Envío acta entrega de bienes No. 59-035,No,,Si,19/agosto/2025,INT-OC-CYS-1661/25
d6348141,19/08/2025,CYS,Contrato CW 276532,Supervisión técnica,Puentes grúa,Procedimiento concretos pórtico puente grúa eje D ejes 21-22,Si,CYS-CW276532-PHI-01963,No,3/septiembre/2025,INT-OC-CYS-1794/25
7111b103,19/08/2025,CYS,Contrato CW 276532,Supervisión de control de laboratorio ensayos de calidad,Sin Frente,Diseños de mezclas de concreto estructural,Si,CYS-CW276532-PHI-01964,No,20/agosto/2025,INT-OC-CYS-1670/25
f9665365,19/08/2025,CYS,Contrato CW 276532,Supervisión técnica,Presa y obras anexas,Ensayos de permeabilidad en panel de prueba de pantalla cortaflujo,Si,CYS-CW276532-PHI-01965,No,,
0dfddcc8,19/08/2025,CYS,Contrato CW 276532,Supervisión de seguridad y salud en el trabajo,Almenaras y obras anexas,Reincidencia en condiciones de riesgo durante ejecución de trabajos simultaneos.,No,,No,21/agosto/2025,INT-OC-CYS-1672/25
16321edc,19/08/2025,CYS,Contrato CW 276532,Supervisión técnica,Casa de máquinas y obras anexas,Galería 6 – Planos de taller y cartillas de refuerzo .,Si,CYS-CW276532-PHI-01958,No,10/octubre/2025,INT-OC-CYS-2180/25
6a4c2123,19/08/2025,CYS,Contrato CW 276532,Supervisión técnica,Casa de máquinas y obras anexas,Galería 7 y 8 – Planos de taller y cartillas de refuerzo .,Si,CYS-CW276532-PHI-01960,No,10/octubre/2025,INT-OC-CYS-2178/25
9078c554,19/08/2025,CYS,Contrato CW 276532,Supervisión socioambiental,Sin Frente,Solicitud EPM - Recolección de germoplasma – Semestre II de 2025,Si,CYS-CW276532-PHI-01961,No,22/agosto/2025,INT-OC-CYS-1681/25
3c1c8c36,19/08/2025,CYS,Contrato CW 276532,Supervisión técnica,Sin Frente,Certificados de materiales del 01 al 31 de julio de 2025.,Si,CYS-CW276532-PHI-01962,No,28/agosto/2025,INT-OC-CYS-1728/25
a5da68b8,19/08/2025,CYS,Contrato CW 276532,Supervisión de control de laboratorio ensayos de calidad,Presa y obras anexas,Ensayos de permeabilidad en panel de prueba de pantalla cortaflujo,Si,CYS-CW276532-PHI-01966,No,,
1fc1c6c4,19/08/2025,CYS,Contrato CW 276532,Supervisión técnica,Casa de máquinas y obras anexas,"Hastial aguas abajo. Oquedad No. 2. Restitución en concreto, prerrequisito para la construcción del muro en hastial.",Si,D-PHI-COP-0499-2025,Si,28/agosto/2025,INT-OC-CYS-1726/25
660c5d9f,19/08/2025,CYS,Contrato CW 276532,Supervisión técnica,Casa de máquinas y obras anexas,Cerramiento provisional túnel de interconexión y en la galería de comunicación de CM,Si,NC-224-25,Si,28/agosto/2025,INT-OC-CYS-1730/25
225df46f,19/08/2025,CYS,Contrato CW 276532,Supervisión de costos,Sin Frente,"Anuncia de cambios normativos en legislación laboral y seguridad social, con ocasión a la implementación de la nueva reforma laboral afectación al presupuesto del Proyecto.",Si,CYS-CW276532-PHI-01878,No,22/agosto/2025,INT-OC-CYS-1678/25
c1a08591,20/08/2025,CYS,Contrato CW 276532,Supervisión de control de laboratorio ensayos de calidad,Sin Frente,Ajuste asentamiento FL-343,Si,CYS-CW276532-PHI-01968,Si,21/agosto/2025,INT-OC-CYS-1676/25
f58e2828,20/08/2025,CYS,Contrato CW 276532,Supervisión de gestión documental y calidad,Sin Frente,Desviaciones de legibilidad soportes actas de obra ejecutadas número 15,Si,CYS-CW276532-PHI-01906,No,,
2f74fce9,20/08/2025,CYS,Contrato CW 276532,Supervisión de seguridad física,Sin Frente,Reporte de incidente de seguridad.,Si,CYS-CW276532-PHI-01967,No,22/agosto/2025,INT-OC-CYS-1684/25
0991c7e3,20/08/2025,CYS,Contrato CW 276532,Supervisión técnica,Sin Frente,Instrumentación – Ajuste de actas de instrumentación geotécnica,Si,CYS-CW276532-PHI-01970,No,29/septiembre/2025,INT-OC-CYS-2078/25
ea08122a,20/08/2025,CYS,Contrato CW 276532,Supervisión de control de laboratorio ensayos de calidad,Sin Frente,Informe de resultados ensayo abrasión diseño FL 334,Si,CYS-CW276532-PHI-01969,No,22/agosto/2025,INT-OC-CYS-1686/25
b0f1bbb2,20/08/2025,CYS,Contrato CW 276532,Supervisión técnica,Sin Frente,Entrega acta de comité de obra No 080,No,,Si,20/agosto/2025,INT-OC-CYS-1668/25
9c3bfffa,20/08/2025,CYS,Contrato CW 276532,Supervisión de control de laboratorio ensayos de calidad,Sin Frente,Alternativa diseño de mezcla lodo de bentonitico para pantalla corta flujo aguas abajo de la presa,Si,CYS-CW276532-PHI-01971,No,23/agosto/2025,INT-OC-CYS-1687/25
03ad8f62,20/08/2025,CYS,Contrato CW 276532,Supervisión socioambiental,Obras externas plazoleta de compuertas y captación,Emisiones planta de lechada EL 435.,Si,CYS-CW276532-PHI-01972,No,27/agosto/2025,INT-OC-CYS-1713/25
a8466419,20/08/2025,CYS,Contrato CW 276532,Supervisión técnica,Sin Frente,Informe técnico mensual Julio de 2025.,Si,CYS-CW276532-PHI-01973,No,26/agosto/2025,INT-OC-CYS-1707/25
bdd35c9f,20/08/2025,CYS,Contrato CW 276532,Supervisión socioambiental,Sin Frente,Reiteración solicitud atención reclamación laboral interpuesta por la señora María Patricia Londoño Osorno – LÍNEA VITAL,No,,No,22/agosto/2025,INT-OC-CYS-1683/25
e1e86c08,20/08/2025,CYS,Contrato CW 276532,Supervisión socioambiental,Sin Frente,Entrega de las actas de comité socioambiental No. 36 y No. 37.,No,,Si,21/agosto/2025,INT-OC-CYS-1675/25
1d036829,21/08/2025,CYS,Contrato CW 276532,Supervisión de riesgos,Sin Frente,Entrega de acta de comité de riesgos No. 021,No,,Si,,
c11e75e0,21/08/2025,CYS,Contrato CW 276532,Supervisión técnica,Sin Frente,Supervisión técnica – Estado de cumplimiento compromisos comités de obra Consorcio CYS –Agosto de 2025.,No,,No,31/agosto/2025,INT-OC-CYS-1764/25
68d100ff,21/08/2025,CYS,Contrato CW 276532,Supervisión técnica,Casa de máquinas y obras anexas,Hastial aguas abajo Oquedad 1 restitución y tratamiento geotécnico,Si,CYS-CW276532-PHI-01936,No,26/agosto/2025,INT-OC-CYS-1708/25
f06c6be9,21/08/2025,CYS,Contrato CW 276532,Supervisión socioambiental,Sin Frente,Observaciones informe de cumplimiento ambiental ICA Primer semestre de 2025,Si,CYS-CW276532-PHI-01974,No,28/agosto/2025,INT-OC-CYS-1737/25
943a7d51,21/08/2025,CYS,Contrato CW 276532,Supervisión socioambiental,Sin Frente,Atención observaciones informe mensual socioambiental junio 2025,Si,CYS-CW276532-PHI-01978,No,28/agosto/2025,INT-OC-CYS-1735/25
dbb0e222,21/08/2025,CYS,Contrato CW 276532,Supervisión técnica,Sin Frente,Certificados Calidad,Si,CYS-CW276532-PHI-01984,No,30/agosto/2025,INT-OC-CYS-1758/25
466dec3b,21/08/2025,CYS,Contrato CW 276532,Supervisión de control de laboratorio ensayos de calidad,Sin Frente,Consolidado alternativas de diseño de mezcla concreto con agregados el valle estructuras con restricción,Si,CYS-CW276532-PHI-01985,No,27/agosto/2025,INT-OC-CYS-1719/25
74edc882,21/08/2025,CYS,Contrato CW 276532,Supervisión de control de laboratorio ensayos de calidad,Casa de máquinas y obras anexas,Pórtico puente grúa - Concreto 35 MPa sin retracción.,Si,CYS-CW276532-PHI-01975,No,30/agosto/2025,INT-OC-CYS-1760/25
627ee9e4,21/08/2025,CYS,Contrato CW 276532,Supervisión de seguridad y salud en el trabajo,Sin Frente,Solicitud información investigación presunto accidente laboral de Rubén Darío Giraldo CC. 15.491.070,Si,CYS-CW276532-PHI-01976,No,13/septiembre/2025,INT-OC-CYS-1908/25
59483ac7,21/08/2025,CYS,Contrato CW 276532,Supervisión técnica,Presa y obras anexas,Plano de implantación de estructuras provisionales.,Si,CYS-CW276532-PHI-01977,No,27/agosto/2025,INT-OC-CYS-1725/25
3980289e,21/08/2025,CYS,Contrato CW 276532,Supervisión técnica,Sin Frente,Equipo mínimo hoja de vida – Geólogo.,Si,CYS-CW276532-PHI-01979,No,27/agosto/2025,INT-OC-CYS-1724/25
768ad656,21/08/2025,CYS,Contrato CW 276532,Supervisión técnica,Conducciones zona sur,Entibados ramal inferior a conducciones 7 y 8 – Planos de taller.,Si,CYS-CW276532-PHI-01980,No,3/octubre/2025,INT-OC-CYS-2116/25
cb042478,21/08/2025,CYS,Contrato CW 276532,Supervisión técnica,Sin Frente,Personal básico de dirección – Hoja de vida – Ingeniero mecánico.,Si,CYS-CW276532-PHI-01981,No,24/agosto/2025,INT-OC-CYS-1694/25
61580c85,21/08/2025,CYS,Contrato CW 276532,Supervisión de seguridad física,Sin Frente,Observaciones informe de actividades de seguridad física mayo de 2025,Si,CYS-CW276532-PHI-01982,No,24/agosto/2025,INT-OC-CYS-1697/25
01d1ecd8,21/08/2025,CYS,Contrato CW 276532,Supervisión de seguridad física,Sin Frente,Informe de actividades de seguridad física junio de 2025.,Si,CYS-CW276532-PHI-01983,No,24/agosto/2025,INT-OC-CYS-1701/25
8b89aae8,21/08/2025,CYS,Contrato CW 276532,Supervisión de control de laboratorio ensayos de calidad,Sin Frente,Diseño de mezcla mortero para mampostería,Si,CYS-CW276532-PHI-01986,No,25/agosto/2025,INT-OC-CYS-1704/25
74a30257,21/08/2025,CYS,Contrato CW 276532,Supervisión técnica,Sin Frente,Remisión acta de instrumentación geotécnica.,Si,CYS-CW276532-PHI-01987,No,3/septiembre/2025,INT-OC-CYS-1795/25
eb484717,21/08/2025,CYS,Contrato CW 276532,Supervisión socioambiental,Sin Frente,Información de PQRS No. 20 recibida mediante correo electrónico.,Si,CYS-CW276532-PHI-01988,No,25/agosto/2025,INT-OC-CYS-1706/25
2a365a79,21/08/2025,CYS,Contrato CW 276532,Supervisión técnica,Presa y obras anexas,Ajuste y/o reemplazo regleta de medición en tanque recolector de infiltraciones GIYD 265 MD y limpieza de la GIYD 380 MD,Si,NC-229-25,No,24/agosto/2025,INT-OC-CYS-1700/25
d6e739cb,22/08/2025,CYS,Contrato CW 276532,Supervisión de seguridad y salud en el trabajo,Almenaras y obras anexas,Solicitud investigación accidente laboral Luis Hernando Monsalve Uribe,No,,No,24/agosto/2025,INT-OC-CYS-1693/25
f0167a03,22/08/2025,CYS,Contrato CW 276532,Supervisión de riesgos,Sin Frente,Entrega de acta de comité de riesgos No. 021,No,,Si,22/agosto/2025,INT-OC-CYS-1685/25
513763a7,22/08/2025,CYS,Contrato CW 276532,Supervisión técnica,Casa de máquinas y obras anexas,Oficialización instructivos de campo Conducciones y Almenara 2.,Si,D-PHI-COP-0502-2025,Si,29/agosto/2025,INT-OC-CYS-1740/25
d122ba2f,22/08/2025,CYS,Contrato CW 276532,Supervisión técnica,Conducciones zona sur,"Estado de inspección de los tensores localizados aguas arriba de Casa de Máquinas y restitución de los tensores tipo C No. 96, 97, 126, 127, 128 y 129.",Si,D-PHI-COP-0503-2025,No,27/agosto/2025,INT-OC-CYS-1717/25
2919ec8a,22/08/2025,CYS,Contrato CW 276532,Supervisión técnica,Conducciones zona sur,Oficialización instructivos de campo Conducciones.,Si,D-PHI-COP-0506-2025,Si,27/agosto/2025,INT-OC-CYS-1716/25
189aaa8a,22/08/2025,CYS,Contrato CW 276532,Supervisión técnica,Túneles de aspiración,Oficialización del plano para construcción de la secuencia de demolición del concreto hidráulico del tramo 1 del túnel de aspiración N°5 y soporte complementario,Si,D-PHI-COP-0501-2025,Si,27/agosto/2025,INT-OC-CYS-1715/25
037f269c,23/08/2025,CYS,Contrato CW 276532,Supervisión de seguridad y salud en el trabajo,Sin Frente,Formalización compromisos del seguimiento semanal SST en obra - 22 de agosto de 2025,No,,Si,24/agosto/2025,INT-OC-CYS-1692/25
a6f6ec8e,23/08/2025,CYS,Contrato CW 276532,Supervisión de costos,Sin Frente,Acta mensual de obra – Julio de 2025 - No 17 – AMB 3 -12 - AMB 5 – 07 & AMB 8 – 01.,Si,CYS-CW276532-PHI-01920,No,24/agosto/2025,INT-OC-CYS-1698/25
eb714a3b,23/08/2025,CYS,Contrato CW 276532,Supervisión técnica,Casa de máquinas y obras anexas,Entrega de Planos para construcción rasante de vía de acceso a casa de máquinas,Si,CYS-CW276532-PHI-01989,No,25/agosto/2025,INT-OC-CYS-1702/25
13623de0,23/08/2025,CYS,Contrato CW 276532,Supervisión técnica,Casa de máquinas y obras anexas,"Muro galería de drenaje, losa EL. 188.50 y cuneta perimetral – Planos y cartillas de refuerzo.",Si,CYS-CW276532-PHI-01990,No,1/noviembre/2025,INT-OC-CYS-2379/25
dd38ab63,23/08/2025,CYS,Contrato CW 276532,Supervisión de control de laboratorio ensayos de calidad,Sin Frente,Caracterización de agregados en plantas de producción de Concreto,Si,CYS-CW276532-PHI-01991,No,29/agosto/2025,INT-OC-CYS-1738/25
82a6e522,23/08/2025,CYS,Contrato CW 276532,Supervisión técnica,Conducciones zona sur,Cancelación de perforaciones de drenaje,No,,No,24/agosto/2025,INT-OC-CYS-1699/25
15434c1c,23/08/2025,CYS,Contrato CW 276532,Supervisión técnica,Túnel de acceso y galerías de construcción de la central,"Rehabilitación del ramal de acceso a la conducción inferior 7 por la GCIS – Fragmentación con ""Rompex"" para avance de excavación.",No,,No,26/agosto/2025,INT-OC-CYS-1710/25
73da91fe,23/08/2025,CYS,Contrato CW 276532,Supervisión técnica,Sin Frente,Entrega compromiso – Recorrido de obra -mesa de constructibilidad.,No,,Si,24/agosto/2025,INT-OC-CYS-1695/25
af27f182,23/08/2025,CYS,Contrato CW 276532,Supervisión técnica,Sin Frente,Formalización compromisos – Recorrido de obra – Mesa de constructibilidad 16 de agosto de 2025.,No,,Si,24/agosto/2025,INT-OC-CYS-1696/25
ee1adc2b,24/08/2025,CYS,Contrato CW 276532,Supervisión técnica,Casa de máquinas y obras anexas,Oquedad 1 – restitución del acero de retracción,Si,CYS-CW276532-PHI-01992,No,4/septiembre/2025,INT-OC-CYS-1831/25
e4e97b9d,24/08/2025,CYS,Contrato CW 276532,Supervisión socioambiental,Instalaciones provisionales obras finales,Planta dosificadora DOMAT DMP 30,Si,CYS-CW276532-PHI-01993,No,3/septiembre/2025,INT-OC-CYS-1797/25
9029759d,24/08/2025,CYS,Contrato CW 276532,Supervisión técnica,Sin Frente,Plantas de producción de concreto - Informe estado actual,Si,CYS-CW276532-PHI-01994,No,24/septiembre/2025,INT-OC-CYS-2046/25
79ae8763,24/08/2025,CYS,Contrato CW 276532,Supervisión de control de laboratorio ensayos de calidad,Sin Frente,Información plantas de hielo planta de concreto 60 y 100 m3/h,Si,CYS-CW276532-PHI-01995,No,29/agosto/2025,INT-OC-CYS-1739/25
e9323161,24/08/2025,CYS,Contrato CW 276532,Supervisión de control de laboratorio ensayos de calidad,Casa de máquinas y obras anexas,Estado operativo y rendimiento de las plantas de concreto Domat 100 y Janeoo 60,Si,CYS-CW276532-PHI-01996,No,30/agosto/2025,INT-OC-CYS-1757/25
b11245b4,24/08/2025,CYS,Contrato CW 276532,Supervisión de control de laboratorio ensayos de calidad,Informes,Incidente Operativo en Planta Domat-30 y Requerimiento Urgente de Plan de Mantenimiento,Si,CYS-CW276532-PHI-01997,No,30/agosto/2025,INT-OC-CYS-1759/25
d3a84bf7,24/08/2025,CYS,Contrato CW 276532,Supervisión de control de laboratorio ensayos de calidad,Sin Frente,Pórtico puente grúa - Concreto 35 MPa sin retracción,Si,CYS-CW276532-PHI-01998,No,,
698c49ff,24/08/2025,CYS,Contrato CW 276532,Supervisión de seguridad y salud en el trabajo,Sin Frente,Equipo mínimo hoja de vida – Gestor de SST.,Si,CYS-CW276532-PHI-01999,No,,
821a92b6,24/08/2025,CYS,Contrato CW 276532,Supervisión técnica,Conducciones zona sur,Galería F – Excavación & Rehabilitación – Desprendimiento de material.,Si,CYS-CW276532-PHI-02000,Si,7/septiembre/2025,INT-OC-CYS-1865/25
8f985ee4,24/08/2025,CYS,Contrato CW 276532,Supervisión técnica,Almenaras y obras anexas,Soporte para tuberías en pórtico de la almenara 2,Si,NC-232-25,Si,27/agosto/2025,INT-OC-CYS-1723/25
37efdc8c,24/08/2025,CYS,Contrato CW 276532,Supervisión técnica,Conducciones zona sur,Asignación de rangos de inyecciones de consolidación,No,,No,27/agosto/2025,INT-OC-CYS-1722/25
bfc06aaa,25/08/2025,CYS,Contrato CW 276532,Supervisión socioambiental,Sin Frente,Remisión de acta comité social específico No 20,No,,Si,25/agosto/2025,INT-OC-CYS-1705/25
7ea67d74,25/08/2025,CYS,Contrato CW 276532,Supervisión técnica,Casa de máquinas y obras anexas,Estado de inspección de los tensores localizados aguas arriba de Casa de Máquinas y restitución del tensor tipo C No. 95.,Si,D-PHI-COP-0509-2025,No,27/agosto/2025,INT-OC-CYS-1721/25
2dcc05ea,25/08/2025,CYS,Contrato CW 276532,Supervisión de seguridad y salud en el trabajo,Sin Frente,Equipo minimo hoja de vida - Gestor de SST,Si,CYS-CW276532-PHI-01999,No,26/agosto/2025,INT-OC-CYS-1709/25
30ee5cf4,25/08/2025,CYS,Contrato CW 276532,Supervisión técnica,Almenaras y obras anexas,Acero de refuerzo para reposición en concreto en zonas de sobre-excavación para las columnas del pórtico de la almenara 2.,Si,D-PHI-COP-0510-2025,No,29/agosto/2025,INT-OC-CYS-1741/25
4fbc7cfe,26/08/2025,CYS,Contrato CW 276532,Supervisión de seguridad física,Sin Frente,Remisión Ayuda de memoria,No,,Si,27/agosto/2025,INT-OC-CYS-1714/25
d9f78bc9,26/08/2025,CYS,Contrato CW 276532,Supervisión de seguridad y salud en el trabajo,Casa de máquinas y obras anexas,Solicitud investigación de incidente de trabajo,No,,No,4/septiembre/2025,INT-OC-CYS-1803/25
bcb06ae3,26/08/2025,CYS,Contrato CW 276532,Supervisión técnica,Galería auxiliar de desviación (GAD),Plano de taller de refuerzo atraque de tubería de infiltración,Si,CYS-CW276532-PHI-02001,No,11/octubre/2025,INT-OC-CYS-2184/25
ce79c2d7,26/08/2025,CYS,Contrato CW 276532,Supervisión de seguridad y salud en el trabajo,Sin Frente,Hallazgos sin atención inspección conjunta N0. 63-,Si,CYS-CW276532-PHI-02002,No,18/septiembre/2025,INT-OC-CYS-1959/25
ae04464d,26/08/2025,CYS,Contrato CW 276532,Supervisión de seguridad y salud en el trabajo,Almenaras y obras anexas,Hallazgos pendiente por cierre inspección conjunto No. 66,Si,CYS-CW276532-PHI-02003,No,22/septiembre/2025,INT-OC-CYS-2026/25
fc62b436,26/08/2025,CYS,Contrato CW 276532,Supervisión técnica,Presa y obras anexas,Perforación inyección de consolidación Inactividad.,Si,CYS-CW276532-PHI-02004,No,30/agosto/2025,INT-OC-CYS-1753/25
f5580728,26/08/2025,CYS,Contrato CW 276532,Supervisión técnica,Presa y obras anexas,Entrega de esquema de perfil del lecho rocoso,Si,CYS-CW276532-PHI-02005,No,31/agosto/2025,INT-OC-CYS-1763/25
1df4d3c6,26/08/2025,CYS,Contrato CW 276532,Supervisión socioambiental,Sin Frente,Respuesta Seguimiento de PQRS.,Si,CYS-CW276532-PHI-02006,No,28/agosto/2025,INT-OC-CYS-1731/25
f1f1ab2f,26/08/2025,CYS,Contrato CW 276532,Supervisión de seguridad y salud en el trabajo,Sin Frente,Solicitud de evaluaciones médicas ocupacionales periódicas y reinducciones SST vigentes.,Si,CYS-CW276532-PHI-02007,No,18/septiembre/2025,INT-OC-CYS-1973/25
993d639b,26/08/2025,CYS,Contrato CW 276532,Supervisión de seguridad y salud en el trabajo,Galerías de acceso y construcción sistema de conducción,Incumplimiento de registros documentales de obligaciones laborales personal extranjero.,Si,CYS-CW276532-PHI-02008,No,19/septiembre/2025,INT-OC-CYS-1983/25
fe558fa5,26/08/2025,CYS,Contrato CW 276532,Supervisión técnica,Casa de máquinas y obras anexas,Sistema de ventilación - Informe de ventilación,Si,CYS-CW276532-PHI-02009,No,8/septiembre/2025,INT-OC-CYS-1868/25
bde70374,26/08/2025,CYS,Contrato CW 276532,Supervisión socioambiental,Sin Frente,Información de oficio recibido inspección del municipio de Toledo,Si,CYS-CW276532-PHI-02010,No,28/agosto/2025,INT-OC-CYS-1732/25
16d74cbf,26/08/2025,CYS,Contrato CW 276532,Supervisión técnica,Almenaras y obras anexas,Columnas etapa 1 – Planos de taller acero de refuerzo,Si,CYS-CW276532-PHI-02011,No,18/septiembre/2025,INT-OC-CYS-1977/25
0ae2c3d5,26/08/2025,CYS,Contrato CW 276532,Supervisión técnica,Almenaras y obras anexas,Columnas etapa 2 – Planos de taller acero de refuerzo.,Si,CYS-CW276532-PHI-02012,No,19/septiembre/2025,INT-OC-CYS-1985/25
26c7156c,26/08/2025,CYS,Contrato CW 276532,Supervisión de seguridad y salud en el trabajo,Almenaras y obras anexas,Reincidencia en condiciones de riesgo crítico durante la ejecución de trabajos simultáneos,Si,CYS-CW276532-PHI-02013,No,11/septiembre/2025,INT-OC-CYS-1903/25
1c8a65d1,26/08/2025,CYS,Contrato CW 276532,Supervisión de control de laboratorio ensayos de calidad,Sin Frente,Alternativa aditivo acelerante para concretos lanzados.,Si,CYS-CW276532-PHI-02014,No,2/septiembre/2025,INT-OC-CYS-1792/25
0c8cb765,26/08/2025,CYS,Contrato CW 276532,Supervisión de seguridad y salud en el trabajo,Sin Frente,Solicitud información investigación accidente laboral de Rubén Darío Giraldo.,Si,CYS-CW276532-PHI-02015,No,14/septiembre/2025,INT-OC-CYS-1922/25
571e137d,27/08/2025,CYS,Contrato CW 276532,Supervisión técnica,Túneles de aspiración,Evaluación de alternativas rehabilitación y construcción de revestimiento en concreto en Túneles de aspiración N° 7.,Si,CYS-CW276532-PHI-01890,Si,28/agosto/2025,INT-OC-CYS-1736/25
1715bb10,27/08/2025,CYS,Contrato CW 276532,Supervisión de seguridad y salud en el trabajo,Sin Frente,Solicitud información investigación accidente laboral de Hiraldo Parra Cervantes CC. 78.302.647.,Si,CYS-CW276532-PHI-02016,No,14/septiembre/2025,INT-OC-CYS-1923/25
f7f859f7,27/08/2025,CYS,Contrato CW 276532,Supervisión de seguridad y salud en el trabajo,Sin Frente,Solicitud investigación accidente laboral de Edwin Esneider Chavarría CC. 1037449929.,Si,CYS-CW276532-PHI-02017,No,14/septiembre/2025,INT-OC-CYS-1928/25
805c6771,27/08/2025,CYS,Contrato CW 276532,Supervisión de seguridad y salud en el trabajo,Sin Frente,Solicitud información accidente laboral de Gerson Pérez Hernández CC. 1094246919.,Si,CYS-CW276532-PHI-02018,No,14/septiembre/2025,INT-OC-CYS-1927/25
cce9f54a,27/08/2025,CYS,Contrato CW 276532,Supervisión de seguridad y salud en el trabajo,Sin Frente,Solicitud investigación accidente laboral de Oscar Elías Sierra Fuentes.,Si,CYS-CW276532-PHI-02019,No,14/septiembre/2025,INT-OC-CYS-1924/25
ad426410,27/08/2025,CYS,Contrato CW 276532,Supervisión de seguridad y salud en el trabajo,Estabilidad helipuerto villa luz,Condiciones y actos subestándar en actividades.,Si,CYS-CW276532-PHI-02020,No,15/septiembre/2025,INT-OC-CYS-1933/25
0b26504f,27/08/2025,CYS,Contrato CW 276532,Supervisión de seguridad y salud en el trabajo,Sin Frente,Solicitud información investigación accidente laboral Leon Julio Barboza Agudelo CC. 92518995.,No,,No,28/agosto/2025,INT-OC-CYS-1734/25
4e719ca3,27/08/2025,CYS,Contrato CW 276532,Supervisión técnica,Sistema de caudal remanente (SQR),Ayuda de memoria - Secuencia de demoliciones de bloques de anclaje de concreto,No,,Si,3/septiembre/2025,INT-OC-CYS-1801/25
2f4bcab7,27/08/2025,CYS,Contrato CW 276532,Supervisión técnica,Obras en las descargas,Solera para descarga 4,No,,Si,3/septiembre/2025,INT-OC-CYS-1802/25
2c1bb317,27/08/2025,CYS,Contrato CW 276532,Supervisión técnica,Sin Frente,Condiciones de entrega de núcleos de perforaciones.,Si,D-PHI-COP-0514-2025,No,1/septiembre/2025,INT-OC-CYS-1769/25
7c13f88c,27/08/2025,CYS,Contrato CW 276532,Supervisión técnica,Túneles de aspiración,Oficialización del plano para construcción de la secuencia de demolición del concreto hidráulico del tramo 1 del túnel de aspiración N°6 y soporte complementario.,Si,D-PHI-COP-0516-2025,No,,
bbedd43c,27/08/2025,CYS,Contrato CW 276532,Supervisión técnica,Túnel de acceso y galerías de construcción de la central,Rehabilitación del ramal de acceso a la conducción inferior 8 por la GCIS–Instalación de pernos tipo spiling para complemento de Enfilajes,No,,No,29/agosto/2025,INT-OC-CYS-1747/25
244ac81f,27/08/2025,CYS,Contrato CW 276532,Supervisión técnica,Casa de máquinas y obras anexas,Estado de inspección de los tensores localizados aguas arriba de Casa de Máquinas y restitución del tensor tipo C No. 102.,Si,D-PHI-COP-0517-2025,No,29/agosto/2025,INT-OC-CYS-1746/25
595d9183,27/08/2025,CYS,Contrato CW 276532,Supervisión técnica,Conducciones zona sur,Ramal Inferior 8 - Inyección para pernos spilling,Si,NC-234-25,Si,2/septiembre/2025,INT-OC-CYS-1788/25
50f1a2dc,27/08/2025,CYS,Contrato CW 276532,Supervisión técnica,Casa de máquinas y obras anexas,Tratamiento del machón culata sur.,Si,NC-235-25,Si,29/agosto/2025,INT-OC-CYS-1742/25
eed1df58,27/08/2025,CYS,Contrato CW 276532,Supervisión técnica,Casa de máquinas y obras anexas,Perfiles metálicos para marcos en tramo 1 del túnel de aspiración 6,Si,NC-236-25,Si,28/agosto/2025,INT-OC-CYS-1733/25
74508918,27/08/2025,CYS,Contrato CW 276532,Supervisión técnica,Casa de máquinas y obras anexas,Medidor de infiltraciones GCIS y adecuación del foso de bombeo,Si,CYS-CW276532-PHI-01123 y CYS-CW276532-PHI-01184,No,30/agosto/2025,INT-OC-CYS-1752/25
00be2db3,27/08/2025,CYS,Contrato CW 276532,Supervisión técnica,Presa y obras anexas,GIYD de la margen derecha limpieza y mantenimiento de vertederos de aforos.,Si,CYS-CW276532-PHI-02021,No,5/septiembre/2025,INT-OC-CYS-1855/25
7fbb2e97,27/08/2025,CYS,Contrato CW 276532,Supervisión de seguridad y salud en el trabajo,Sin Frente,Solicitud investigación sobre accidente laboral Adrián Fernando Upegui Vanegas CC. 8012924,Si,CYS-CW276532-PHI-02022,No,15/septiembre/2025,INT-OC-CYS-1932/25
07a5e7dd,27/08/2025,CYS,Contrato CW 276532,Supervisión de seguridad y salud en el trabajo,Sin Frente,Presentación hoja de vida - Personal ambulancia.,Si,CYS-CW276532-PHI-02023,No,12/septiembre/2025,INT-OC-CYS-1906/25
773e742d,27/08/2025,CYS,Contrato CW 276532,Supervisión de seguridad y salud en el trabajo,Vertedero y obras anexas,Restricción uso de camión mixer WFS015,Si,CYS-CW276532-PHI-02024,No,18/septiembre/2025,INT-OC-CYS-1963/25
f85c9716,28/08/2025,CYS,Contrato CW 276532,Supervisión técnica,Subestación 500 Kv,Instalación de punto de control superficial,Si,NC-237-25,No,2/septiembre/2025,INT-OC-CYS-1781/25
1d841851,28/08/2025,CYS,Contrato CW 276532,Supervisión técnica,Casa de máquinas y obras anexas,Puntales temporales – Planos de taller,Si,CYS-CW276532-PHI-02025,No,17/octubre/2025,INT-OC-CYS-2263/25
0c0f63b7,28/08/2025,CYS,Contrato CW 276532,Supervisión técnica,Zonas de deposito obras finales,Depósito Ticuitá 2 - Conformación -clasificación,Si,CYS-CW276532-PHI-02026,No,2/septiembre/2025,INT-OC-CYS-1787/25
77ce9741,28/08/2025,CYS,Contrato CW 276532,Supervisión de gestión documental y calidad,Sin Frente,Informe Auditoria - Ciclo I,Si,CYS-CW276532-PHI-02027,Si,11/septiembre/2025,INT-OC-CYS-1890/25
c1902a2e,28/08/2025,CYS,Contrato CW 276532,Supervisión de seguridad y salud en el trabajo,Sin Frente,Solicitud disponibilidad y calibración vigente de equipos de medición de gases.,Si,CYS-CW276532-PHI-02028,No,18/septiembre/2025,INT-OC-CYS-1961/25
f49de5cb,28/08/2025,CYS,Contrato CW 276532,Supervisión de seguridad y salud en el trabajo,Sin Frente,Presentación hojas de vida personal SST.,Si,CYS-CW276532-PHI-02029,No,18/septiembre/2025,INT-OC-CYS-1971/25
a6b24cb4,28/08/2025,CYS,Contrato CW 276532,Supervisión técnica,Casa de máquinas y obras anexas,Tuberías Empotradas y Accesorios de Acero Inoxidable.,Si,CYS-CW276532-PHI-02031,No,31/agosto/2025,INT-OC-CYS-1762/25
aa7704c5,28/08/2025,CYS,Contrato CW 276532,Supervisión contractual,Sin Frente,Programa de Obras AMBX,Si,N/A,No,29/agosto/2025,INT-OC-CYS-1748/25
88b7c4dd,28/08/2025,CYS,Contrato CW 276532,Supervisión técnica,Galerías de acceso y construcción sistema de conducción,Control de calidad contenido de fibra en concreto lanzado,No,,Si,30/agosto/2025,INT-OC-CYS-1751/25
17faad89,28/08/2025,CYS,Contrato CW 276532,Supervisión técnica,Conducciones zona sur,Manejo de aguas en conducciones,Si,D-PHI-COP-0519-2025,No,1/septiembre/2025,INT-OC-CYS-1770/25
0cf9ca79,28/08/2025,CYS,Contrato CW 276532,Supervisión técnica,Presa y obras anexas,Panel de prueba -Procedimiento Excavación Trinchera Inspección Concreto Plástico.,Si,CYS-CW276532-PHI-02030,No,4/septiembre/2025,INT-OC-CYS-1811/25
63edd595,28/08/2025,CYS,Contrato CW 276532,Supervisión técnica,Descarga intermedia,Muros de cerramiento galería de acceso a galería de construcción G3-CTIFS– Planos de taller y cartillas de refuerzo,Si,CYS-CW276532-PHI-02033,No,5/septiembre/2025,INT-OC-CYS-1850/25
a9f95006,28/08/2025,CYS,Contrato CW 276532,Supervisión de seguridad y salud en el trabajo,Sin Frente,Solicitud información investigación accidente laboral de Andrey Felipe Goez Goez CC. 1037263290,Si,CYS-CW276532-PHI-02034,No,16/septiembre/2025,INT-OC-CYS-1944/25
f3fdae70,28/08/2025,CYS,Contrato CW 276532,Supervisión técnica,Casa de máquinas y obras anexas,Concretos - Programación de actividades pórtico puente grúa eje D – eje 21 - 22,Si,CYS-CW276532-PHI-02035,No,30/agosto/2025,INT-OC-CYS-1749/25
4302e0a4,28/08/2025,CYS,Contrato CW 276532,Supervisión de seguridad y salud en el trabajo,Almenaras y obras anexas,Actos y condiciones subestándar durante actividades de mantenimiento de maquinaria.,Si,CYS-CW276532-PHI-02036,No,18/septiembre/2025,INT-OC-CYS-1969/25
657378d7,28/08/2025,CYS,Contrato CW 276532,Supervisión de seguridad y salud en el trabajo,Sin Frente,Presentación hojas de vida personal SST.,Si,CYS-CW276532-PHI-02037,No,19/septiembre/2025,INT-OC-CYS-1987/25
f9c7993e,28/08/2025,CYS,Contrato CW 276532,Supervisión de seguridad y salud en el trabajo,Sin Frente,Observaciones información accidente de trabajo ocurridos el 4 de diciembre del 2024,Si,CYS-CW276532-PHI-02038,No,20/septiembre/2025,INT-OC-CYS-1996/25
a07c53c8,28/08/2025,CYS,Contrato CW 276532,Supervisión técnica,Sin Frente,Entrega acta de comité de obra No. 082,No,,Si,29/agosto/2025,INT-OC-CYS-1743/25
d0637709,29/08/2025,CYS,Contrato CW 276532,Supervisión técnica,Presa y obras anexas,Pantalla Cortaflujo - Definición permeabilidad junta,No,,Si,31/agosto/2025,INT-OC-CYS-1761/25
9541813f,29/08/2025,CYS,Contrato CW 276532,Supervisión de gestión documental y calidad,Sin Frente,Desviaciones de legibilidad soportes del acta de obra ejecutada No. 17,Si,CYS-CW276532-PHI-01920,No,30/agosto/2025,INT-OC-CYS-1756/25
668b4f40,29/08/2025,CYS,Contrato CW 276532,Supervisión técnica,Sin Frente,Envío acta de entrega de bienes No. 59-036,No,,Si,29/agosto/2025,INT-OC-CYS-1745/25
4fa2b82d,29/08/2025,CYS,Contrato CW 276532,Supervisión técnica,Casa de máquinas y obras anexas,Pozo de evacuación de humos - Procedimiento Constructivo,Si,CYS-CW276532-PHI-01064,No,30/agosto/2025,INT-OC-CYS-1755/25
9665dd4a,29/08/2025,CYS,Contrato CW 276532,Supervisión técnica,Almenaras y obras anexas,Control de calidad contenido de fibra en concreto lanzado,No,,Si,,
21d992de,29/08/2025,CYS,Contrato CW 276532,Supervisión técnica,Almenaras y obras anexas,Túnel de aspiración - Llenado de los nichos en los machones.,No,,No,2/septiembre/2025,INT-OC-CYS-1786/25
76907754,29/08/2025,CYS,Contrato CW 276532,Supervisión socioambiental,Descarga intermedia,bdffd,No,,No,,
c35ee094,29/08/2025,CYS,Contrato CW 276532,Supervisión socioambiental,Sin Frente,Atención a reclamaciones laborales que involucran al subcontratista LINEA VIATAL,Si,CYS-CW276532-PHI-02039,No,1/septiembre/2025,INT-OC-CYS-1772/25
ce119020,29/08/2025,CYS,Contrato CW 276532,Supervisión de seguridad y salud en el trabajo,Sin Frente,Observaciones hallazgos inspección conjunta 17.,Si,CYS-CW276532-PHI-02040,No,18/septiembre/2025,INT-OC-CYS-1966/25
f1e1ca8a,29/08/2025,CYS,Contrato CW 276532,Supervisión técnica,Sin Frente,Remisión actas de instalación de instrumentación geotécnica.,Si,CYS-CW276532-PHI-02041,No,29/septiembre/2025,INT-OC-CYS-2074/25
2245ec33,29/08/2025,CYS,Contrato CW 276532,Supervisión de seguridad y salud en el trabajo,Sin Frente,Solicitud información accidente laboral de Hernán Orlando Ríos Villegas CC. 1042771044,Si,CYS-CW276532-PHI-02042,No,18/septiembre/2025,INT-OC-CYS-1976/25
4b2b6703,29/08/2025,CYS,Contrato CW 276532,Supervisión de control de laboratorio ensayos de calidad,Presa y obras anexas,Alternativa diseño de mezcla lodo de bentonitico para pantalla corta flujo aguas abajo de la presa.,Si,CYS-CW276532-PHI-02043,Si,11/septiembre/2025,INT-OC-CYS-1894/25
439ad6be,29/08/2025,CYS,Contrato CW 276532,Supervisión técnica,Presa y obras anexas,Reparación Cuneta Vial Espaldón aguas abajo de la Presa.c,Si,NC-241-25,No,,
8f3a4625,30/08/2025,CYS,Contrato CW 276532,Supervisión de costos,Sin Frente,Sobrecostos transporte de cemento y combustible por cierre de la vía,Si,CYS-CW276532-PHI-01931,No,,
c8b73c98,30/08/2025,CYS,Contrato CW 276532,Supervisión de control de laboratorio ensayos de calidad,Sin Frente,Certificados de Materiales del 01 al 15 de agosto de 2025.,Si,CYS-CW276532-PHI-02032,No,16/octubre/2025,INT-OC-CYS-2227/25
f15220fb,30/08/2025,CYS,Contrato CW 276532,Supervisión de control de laboratorio ensayos de calidad,Sin Frente,Informe de resultados de los ensayos Lefranc en el panel de prueba para pantalla cortaflujo.,Si,CYS-CW276532-PHI-02044,No,,
2ce68b07,30/08/2025,CYS,Contrato CW 276532,Supervisión técnica,Almenaras y obras anexas,Solicitud de modelos digitales de rutas de tubería.,Si,CYS-CW276532-PHI-02045,Si,,
eb0f9d73,30/08/2025,CYS,Contrato CW 276532,Supervisión técnica,Almenaras y obras anexas,Losa EL. 220.00 – Planos de taller.,Si,CYS-CW276532-PHI-02046,No,29/septiembre/2025,INT-OC-CYS-2084/25
5ea8f941,30/08/2025,CYS,Contrato CW 276532,Supervisión técnica,Conducciones zona sur,Galería D sur – Ramales superiores – Galería F – Pendientes,Si,CYS-CW276532-PHI-02047,No,,
d28d1df8,30/08/2025,CYS,Contrato CW 276532,Supervisión técnica,Casa de máquinas y obras anexas,Muro Aguas Abajo – Planos de taller acero de refuerzo.,Si,CYS-CW276532-PHI-02048,No,10/octubre/2025,INT-OC-CYS-2177/25
0b32b3c9,30/08/2025,CYS,Contrato CW 276532,Supervisión técnica,Sin Frente,Informe técnico mensual Julio de 2025.,Si,CYS-CW276532-PHI-02049,No,4/septiembre/2025,INT-OC-CYS-1830/25
e6be2490,30/08/2025,CYS,Contrato CW 276532,Supervisión socioambiental,Instalaciones provisionales obras finales,Cierre de inspección conjunta GI-AM-07-25,Si,CYS-CW276532-PHI-02050,No,2/septiembre/2025,INT-OC-CYS-1785/25
24b17393,30/08/2025,CYS,Contrato CW 276532,Supervisión técnica,Conducciones zona sur,Secuencia de demolición de revestimiento del tramo de empalme,Si,CYS-CW276532-PHI-02051,No,4/septiembre/2025,INT-OC-CYS-1829/25
444bb76d,30/08/2025,CYS,Contrato CW 276532,Supervisión de control de laboratorio ensayos de calidad,Presa y obras anexas,Ensayos de permeabilidad en panel de prueba de pantalla cortaflujo.,Si,CYS-CW276532-PHI-02052,No,14/septiembre/2025,INT-OC-CYS-1929/25
3ff59a48,30/08/2025,CYS,Contrato CW 276532,Supervisión técnica,Descarga intermedia,Tapa losa sobre micropilotes – Seguimiento y control de las actividades según programa,Si,CYS-CW276532-PHI-02053,No,2/septiembre/2025,INT-OC-CYS-1791/25
9f556bb8,30/08/2025,CYS,Contrato CW 276532,Supervisión técnica,Conducciones zona sur,Conducción No. 7 y 8 zona de entronques Inactividades en el avance de actividades,Si,CYS-CW276532-PHI-02054,No,4/septiembre/2025,INT-OC-CYS-1824/25
a09e04c6,30/08/2025,CYS,Contrato CW 276532,Supervisión técnica,Galerías y pozos de compuertas,Inactividades en perforación ubicada en GAGC,Si,CYS-CW276532-PHI-02055,No,4/septiembre/2025,INT-OC-CYS-1825/25
29bbc8e1,30/08/2025,CYS,Contrato CW 276532,Supervisión técnica,Almenaras y obras anexas,Afectación de lineamiento de platinas estructural columna eje B,No,,No,2/septiembre/2025,INT-OC-CYS-1784/25
64539ee4,30/08/2025,CYS,Contrato CW 276532,Supervisión técnica,Informes,Informe integral de calidad de julio de 2025,No,,Si,,
a09e93e6,31/08/2025,CYS,Contrato CW 276532,Supervisión de gestión documental y calidad,Sin Frente,Ayuda de memoria - Legibilidad y calidad en soportes de actas de pago,No,,Si,1/septiembre/2025,INT-OC-CYS-1773/25
1704de05,31/08/2025,CYS,Contrato CW 276532,Supervisión contractual,Sin Frente,"Envío de actas de comité de programación CYS No. 047, 049, 050, 051, 052, 053 y 054",No,,Si,1/septiembre/2025,INT-OC-CYS-1775/25
510ac0e1,31/08/2025,CYS,Contrato CW 276532,Supervisión técnica,Conducciones zona sur,"Altura de excavación sin sostenimiento, cantidad de capas de concreto y aclaración nota 8 del Plano DC-PHI-051-CND-RH-C-010.",Si,D-PHI-COP-0523-2025,Si,1/septiembre/2025,INT-OC-CYS-1777/25
17fdabce,31/08/2025,CYS,Contrato CW 276532,Supervisión de seguridad y salud en el trabajo,Almenaras y obras anexas,Condiciones y acciones subestándar.,Si,CYS-CW276532-PHI-02058,No,18/septiembre/2025,INT-OC-CYS-1968/25
b4093b6d,31/08/2025,CYS,Contrato CW 276532,Supervisión de seguridad y salud en el trabajo,Sin Frente,Requerimiento de acciones correctivas para actividades de fragmentación de roca con Rompex y actividades simultaneas.,Si,CYS-CW276532-PHI-02059,No,20/septiembre/2025,INT-OC-CYS-1995/25
22aca667,31/08/2025,CYS,Contrato CW 276532,Supervisión de seguridad y salud en el trabajo,Sin Frente,Requerimiento EPM sobre competencia del personal de emergencias.,Si,CYS-CW276532-PHI-02060,No,11/septiembre/2025,INT-OC-CYS-1902/25
88a126ee,31/08/2025,CYS,Contrato CW 276532,Supervisión de seguridad y salud en el trabajo,Galerías de acceso y construcción sistema de conducción,Desviaciones al PON durante la ejecución de actividades simultáneas.,Si,CYS-CW276532-PHI-02061,No,20/septiembre/2025,INT-OC-CYS-2002/25
1108befb,31/08/2025,CYS,Contrato CW 276532,Supervisión técnica,Conducciones zona sur,Galería F- Lanzado de protección frontón.,Si,CYS-CW276532-PHI-02062,No,3/septiembre/2025,INT-OC-CYS-1799/25
90db099a,31/08/2025,CYS,Contrato CW 276532,Supervisión socioambiental,Sin Frente,Atención observaciones informe mensual socioambiental junio 2025.,Si,CYS-CW276532-PHI-02063,No,4/septiembre/2025,INT-OC-CYS-1834/25
ac53d075,31/08/2025,CYS,Contrato CW 276532,Supervisión técnica,Conducciones zona sur,Simultaneidad de trabajos en la Galería D Sur.,Si,CYS-CW276532-PHI-02064,No,4/septiembre/2025,INT-OC-CYS-1838/25
0e2c32da,31/08/2025,CYS,Contrato CW 276532,Supervisión técnica,Sin Frente,Formalización compromisos – Recorrido de obra – Mesa de constructibilidad 16 de agosto de 2025.,Si,CYS-CW276532-PHI-02066,No,4/septiembre/2025,INT-OC-CYS-1813/25
8621fe57,31/08/2025,CYS,Contrato CW 276532,Supervisión técnica,Conducciones zona sur,Simultaneidad de trabajos en la Galería D Sur.,Si,CYS-CW276532-PHI-02067.,No,4/septiembre/2025,INT-OC-CYS-1815/25
f432d87c,31/08/2025,CYS,Contrato CW 276532,Supervisión técnica,Casa de máquinas y obras anexas,Pernos de anclaje – Planos de taller.,Si,CYS-CW276532-PHI-02068,No,17/octubre/2025,INT-OC-CYS-2262/25
447a199c,31/08/2025,CYS,Contrato CW 276532,Supervisión de seguridad física,Sin Frente,Inconvenientes de acceso al proyecto – Afectaciones de seguridad y orden público – Deslizamientos de tierra.,Si,CYS-CW276532-PHI-02069,No,1/octubre/2025,INT-OC-CYS-2098/25
83de8d77,31/08/2025,CYS,Contrato CW 276532,Supervisión técnica,Sin Frente,Procedimiento Manejo de Explosivos.,Si,CYS-CW276532-PHI-02070,No,5/septiembre/2025,INT-OC-CYS-1843/25
4ade7b66,31/08/2025,CYS,Contrato CW 276532,Supervisión técnica,Conducciones zona sur,Ramal No.8 - Inactividad inyección de pernos.,Si,CYS-CW276532-PHI-02071,No,3/septiembre/2025,INT-OC-CYS-1793/25
b952ca5b,31/08/2025,CYS,Contrato CW 276532,Supervisión de costos,Casa de máquinas y obras anexas,Entrega de Planos para construcción rasante de vía de acceso a casa de máquinas.,Si,CYS-CW276532-PHI-02072,No,4/septiembre/2025,INT-OC-CYS-1828/25
f1d52c9c,31/08/2025,CYS,Contrato CW 276532,Supervisión socioambiental,Sin Frente,Instalaciones provisionales obras finales – Cierre de inspección conjunta GI-AM-08-25.,Si,CYS-CW276532-PHI-02074,No,4/septiembre/2025,INT-OC-CYS-1805/25
ede5a6ff,31/08/2025,CYS,Contrato CW 276532,Supervisión técnica,Conducciones zona sur,Conducciones Superiores 6 y 8 - Drenaje y Manejo de Aguas.,Si,CYS-CW276532-PHI-02075,No,5/septiembre/2025,INT-OC-CYS-1848/25
4dac17a5,31/08/2025,CYS,Contrato CW 276532,Supervisión de seguridad y salud en el trabajo,Casa de máquinas y obras anexas,Hallazgos pendientes por cierre inspección conjunta 57.,Si,CYS-CW276532-PHI-02076,No,20/septiembre/2025,INT-OC-CYS-1998/25
94fed7fb,31/08/2025,CYS,Contrato CW 276532,Supervisión de seguridad y salud en el trabajo,Sin Frente,Formalización compromisos del seguimiento semanal SST/HS en obra - 29 de agosto de 2025.,No,,Si,1/septiembre/2025,INT-OC-CYS-1776/25
bbf0c1ec,01/09/2025,CYS,Contrato CW 276532,Supervisión técnica,Conducciones zona sur,Monitoreo de Cavernas Zona Sur – Efectos de las demoliciones.,Si,D-PHI-COP-0525-2025,No,4/septiembre/2025,INT-OC-CYS-1827/25
3b0ce3f4,01/09/2025,CYS,Contrato CW 276532,Supervisión técnica,Sin Frente,Estructuras de concreto uso de empalmes para acero de refuerzo con acoples tipo 2 FMax Ramalza.,Si,CYS-CW276532-PHI-02056,No,27/noviembre/2025,INT-OC-CYS-2612/25
a2764c47,01/09/2025,CYS,Contrato CW 276532,Supervisión técnica,Conducciones zona sur,Conducción superior ramal 6 – Galería 320 sistema de drenaje.,Si,CYS-CW276532-PHI-02077,No,10/septiembre/2025,INT-OC-CYS-1884/25
05eaa0bb,01/09/2025,CYS,Contrato CW 276532,Supervisión de seguridad y salud en el trabajo,Sin Frente,Solicitud información investigación accidente laboral de Walter Yesi Holguin CC. 1146441450,No,,No,3/septiembre/2025,INT-OC-CYS-1796/25
1710a190,01/09/2025,CYS,Contrato CW 276532,Supervisión contractual,Conducciones zona sur,Rehabilitación de los ramales superiores N.°5 a N.°8 – Solicitud de reconocimiento económico por cambio de condiciones de ejecución.,Si,CYS-CW276532-PHI-02057,No,20/octubre/2025,INT-OC-CYS-2281/25
b42d20a0,01/09/2025,CYS,Contrato CW 276532,Supervisión técnica,Presa y obras anexas,Pantalla cortaflujo – Panel de prueba – Tercer vaciado concreto plástico en zona correspondiente al tubo utilizado para la generación de junta.,Si,CYS-CW276532-PHI-02065,No,17/septiembre/2025,INT-OC-CYS-1953/25
3bdc5691,01/09/2025,CYS,Contrato CW 276532,Supervisión técnica,Almenaras y obras anexas,Galería de Construcción Superior Sur Acceso a Almenara 2 – Cámara de Control.,Si,CYS-CW276532-PHI-02078,Si,3/noviembre/2025,INT-OC-CYS-2393/25
d65e582b,01/09/2025,CYS,Contrato CW 276532,Supervisión técnica,Descarga intermedia,"Bloque de anclaje adicional de tuberías del ""BY-PASS"" y Tapa losa sobre micropilotes – Procedimiento de construcción.",Si,CYS-CW276532-PHI-02079,No,29/septiembre/2025,INT-OC-CYS-2077/25
5440d205,01/09/2025,CYS,Contrato CW 276532,Supervisión de seguridad y salud en el trabajo,Casa de máquinas y obras anexas,Condiciones subestándar de riesgo mecánico y locativo.,Si,CYS-CW276532-PHI-02080,No,21/septiembre/2025,INT-OC-CYS-2013/25
fee44c60,01/09/2025,CYS,Contrato CW 276532,Supervisión técnica,Almenaras y obras anexas,Almenara 2 – Soportes de tubería – Planos de taller.,Si,CYS-CW276532-PHI-02082,No,25/noviembre/2025,INT-OC-CYS-2598/25
51a5c19d,01/09/2025,CYS,Contrato CW 276532,Supervisión técnica,Consolidación y conglomeración macizo perturbado zona sur,Aglutinamiento Galería Superior de Evacuación de Humos.,Si,CYS-CW276532-PHI-02083,Si,29/septiembre/2025,INT-OC-CYS-2075/25
bd8430a7,01/09/2025,CYS,Contrato CW 276532,Supervisión técnica,Túneles de aspiración,Perfiles metálicos en tramo 1 del túnel de aspiración N°6 – Planos de taller.,Si,CYS-CW276532-PHI-02084,No,17/octubre/2025,INT-OC-CYS-2261/25
809f98a3,01/09/2025,CYS,Contrato CW 276532,Supervisión técnica,Presa y obras anexas,"Panel de Prueba pantalla plástica, consideraciones varias.",Si,CYS-CW276532-PHI-02085,No,5/septiembre/2025,INT-OC-CYS-1849/25
972ee83b,01/09/2025,CYS,Contrato CW 276532,Supervisión de seguridad y salud en el trabajo,Casa de máquinas y obras anexas,Hallazgos sin atención inspección conjunta No 32.,Si,CYS-CW276532-PHI-02087,No,21/septiembre/2025,INT-OC-CYS-2011/25
db0856ea,01/09/2025,CYS,Contrato CW 276532,Supervisión técnica,Almenaras y obras anexas,Pórtico de manejo de compuertas de aspiración – Platinas de las columnas EL. 192.20 y 220.20 – Planos de taller.,Si,CYS-CW276532-PHI-02088,No,8/noviembre/2025,INT-OC-CYS-2430/25
d4f86b29,02/09/2025,CYS,Contrato CW 276532,Supervisión socioambiental,Sin Frente,Temáticas semestre 2025-II campañas Programa de Uso Eficiente y Ahorro del Agua PUEAA y Programa de Uso Racional y Eficiente de la Energía PROURE.,No,,No,3/septiembre/2025,INT-OC-CYS-1798/25
b9fa4211,02/09/2025,CYS,Contrato CW 276532,Supervisión técnica,Presa y obras anexas,Pantalla cortaflujo procedimiento de construcción.,Si,CYS-CW276532-PHI-02086,No,14/septiembre/2025,INT-OC-CYS-1917/25
8d6e1b57,02/09/2025,CYS,Contrato CW 276532,Supervisión de seguridad y salud en el trabajo,Sin Frente,Observaciones hallazgos inspección conjunta No. 39. Su comunicación.,Si,CYS-CW276532-PHI-02089,No,18/septiembre/2025,INT-OC-CYS-1970/25
706f1863,02/09/2025,CYS,Contrato CW 276532,Supervisión técnica,Almenaras y obras anexas,Almenara 2 – Sonda de medición de presión – Plano de taller.,Si,CYS-CW276532-PHI-02090,No,5/septiembre/2025,INT-OC-CYS-1854/25
a02d29ce,02/09/2025,CYS,Contrato CW 276532,Supervisión técnica,Sin Frente,Pantalla cortaflujo – Inicio construcción.,Si,CYS-CW276532-PHI-02091,No,4/septiembre/2025,INT-OC-CYS-1810/25
c325c278,02/09/2025,CYS,Contrato CW 276532,Supervisión técnica,Sin Frente,Recuperación zona sur – Galería F – Excavación y Rehabilitación – Solicitud de instrucciones.,Si,CYS-CW276532-PHI-02092,No,,
7cd358c9,02/09/2025,CYS,Contrato CW 276532,Supervisión técnica,Sin Frente,Recuperación zona sur – Galería F – Excavación y Rehabilitación – Solicitud de instrucciones.,Si,CYS-CW276532-PHI-02092,No,21/octubre/2025,INT-OC-CYS-2295/25
d72d0042,02/09/2025,CYS,Contrato CW 276532,Supervisión de seguridad y salud en el trabajo,Sin Frente,Hallazgos sin atención inspección conjunta No.67,No,,Si,5/septiembre/2025,INT-OC-CYS-1846/25
722a105a,02/09/2025,CYS,Contrato CW 276532,Supervisión de seguridad y salud en el trabajo,Conducciones zona sur,"Ramal 5 pozos de presión Solicitud de investigación de incidente con alto potencial - Equipo Robojet RB-
01-YR.",Si,CYS-CW276532-PHI-02093,No,21/septiembre/2025,INT-OC-CYS-2010/25
18b2335a,02/09/2025,CYS,Contrato CW 276532,Supervisión de seguridad y salud en el trabajo,Sin Frente,Informe del diseño del tablón para la superficie de los andamios de trabajo de las columnas del pórtico de la almenara 2 y los muros aguas arriba y aguas abajo de la casa de máquinas.,Si,CYS-CW276532-PHI-02094,No,1/octubre/2025,INT-OC-CYS-2095/25
cdb0620d,02/09/2025,CYS,Contrato CW 276532,Supervisión de seguridad y salud en el trabajo,Sin Frente,"Hallazgos sin atención inspecciones conjuntas Nro. 47, 48, 50 y 51.",Si,CYS-CW276532-PHI-02095,No,22/septiembre/2025,INT-OC-CYS-2023/25
1e3b9832,02/09/2025,CYS,Contrato CW 276532,Supervisión técnica,Casa de máquinas y obras anexas,Columna metálicas temporales – Planos de taller.,Si,CYS-CW276532-PHI-02096,No,19/noviembre/2025,INT-OC-CYS-2545/25
da7144c2,02/09/2025,CYS,Contrato CW 276532,Supervisión socioambiental,Sin Frente,Atención observaciones Informe de Cumplimiento Ambiental (ICA) Primer semestre de 2025.,Si,CYS-CW276532-PHI-02097,No,4/septiembre/2025,INT-OC-CYS-1820/25
21255b1a,02/09/2025,CYS,Contrato CW 276532,Supervisión técnica,Presa y obras anexas,Panel de prueba – Consideraciones a tener en cuenta para la ejecución de la actividad.,Si,CYS-CW276532-PHI-02098,No,4/septiembre/2025,INT-OC-CYS-1809/25
862939fb,02/09/2025,CYS,Contrato CW 276532,Supervisión de control de laboratorio ensayos de calidad,Presa y obras anexas,No conformidad en almacenamiento de bentonita.,Si,CYS-CW276532-PHI-02099.,No,8/septiembre/2025,INT-OC-CYS-1872/25
f7373650,02/09/2025,CYS,Contrato CW 276532,Supervisión técnica,Sin Frente,Estado de cumplimiento compromisos comités de obra Consorcio CYS agosto de 2025.,Si,CYS-CW276532-PHI-02100,No,11/septiembre/2025,INT-OC-CYS-1891/25
83dec34d,02/09/2025,CYS,Contrato CW 276532,Supervisión de control de laboratorio ensayos de calidad,Sin Frente,Resultados de ensayos triaxiales y Pinhole concreto plástico.,Si,CYS-CW276532-PHI-02101,No,11/septiembre/2025,INT-OC-CYS-1895/25
e13f69d0,02/09/2025,CYS,Contrato CW 276532,Supervisión técnica,Presa y obras anexas,Panel de prueba - Procedimiento y programa detallado.,Si,CYS-CW276532-PHI-02103,No,10/septiembre/2025,INT-OC-CYS-1885/25
0c57c982,02/09/2025,CYS,Contrato CW 276532,Supervisión técnica,Casa de máquinas y obras anexas,Equipo de medición de velocidad de partícula,No,,No,4/septiembre/2025,INT-OC-CYS-1807/25
e1ae3649,03/09/2025,CYS,Contrato CW 276532,Supervisión técnica,Túneles de aspiración,Perfiles metálicos para marcos en tramo 1 del túnel de aspiración No. 5 & 6.,Si,CYS-CW276532-PHI-02102,No,7/septiembre/2025,INT-OC-CYS-1862/25
3ecbf557,03/09/2025,CYS,Contrato CW 276532,Supervisión técnica,Casa de máquinas y obras anexas,Galería intermedia de humos - Procedimiento Constructivo.,Si,CYS-CW276532-PHI-01152,No,4/septiembre/2025,INT-OC-CYS-1821/25
5a487183,03/09/2025,CYS,Contrato CW 276532,Supervisión técnica,Sin Frente,Formalización compromisos – Recorrido de obra – Mesa de constructibilidad 30 de agosto de 2025.,No,,Si,4/septiembre/2025,INT-OC-CYS-1822/25
2698cb39,03/09/2025,CYS,Contrato CW 276532,Supervisión de costos,Sin Frente,Sobrecostos transporte de cemento y combustible por cierre de la vía,Si,CYS-CW276532-PHI-01931,No,4/septiembre/2025,INT-OC-CYS-1826/25
8807feec,03/09/2025,CYS,Contrato CW 276532,Supervisión de seguridad y salud en el trabajo,Sin Frente,Orden reiterada disponibilidad tripulación de ambulancias,No,,No,5/septiembre/2025,INT-OC-CYS-1845/25
39df81d7,03/09/2025,CYS,Contrato CW 276532,Supervisión técnica,Túneles de aspiración,Evaluación de alternativas rehabilitación y construcción de revestimiento en concreto en Túneles de aspiración N.° 5 a 7.,Si,CYS-CW276532-PHI-02109,No,5/septiembre/2025,INT-OC-CYS-1844/25
f7e30ffe,03/09/2025,CYS,Contrato CW 276532,Supervisión técnica,Túneles de aspiración,Levantamientos topográficos de los túneles de aspiración 5 a 8.,Si,D-PHI-COP-0529-2025,No,,
f9ace0ac,03/09/2025,CYS,Contrato CW 276532,Supervisión técnica,Conducciones zona sur,Modelo geológico del macizo perturbado en las unidades 5 a 8,Si,D-PHI-COP-0530-2025,No,,
e830ec13,03/09/2025,CYS,Contrato CW 276532,Supervisión técnica,Conducciones zona sur,Perforaciones aglutinamiento pozo de presión 5.,Si,D-PHI-COP-0531-2025,No,,
b23813e2,03/09/2025,CYS,Contrato CW 276532,Supervisión técnica,Caverna de transformadores y obras anexas,Oficialización planos para rehabilitación de la Galería Intermedia del pozo de evacuación de humos y el pozo Inferior de Humos,Si,D-PHI-COP-0533-2025,No,4/septiembre/2025,INT-OC-CYS-1841/25
634ac098,03/09/2025,CYS,Contrato CW 276532,Supervisión técnica,Conducciones zona sur,Dificultades de perforación para inyecciones de consolidación en ramal 6 de la Conducción Superior.,No,,No,4/septiembre/2025,INT-OC-CYS-1808/25
e985515f,04/09/2025,CYS,Contrato CW 276532,Supervisión técnica,Conducciones zona sur,Excavación Codos Superiores y Pozos de Presión Conducciones 5 y 6,Si,NC-244-25,No,4/septiembre/2025,INT-OC-CYS-1835/25
58403fd4,04/09/2025,CYS,Contrato CW 276532,Supervisión de control de laboratorio ensayos de calidad,Sin Frente,Plan de calibración y verificación de plantas de concreto Janeoo-60 y Domat 100.,Si,CYS-CW276532-PHI-02104,No,11/septiembre/2025,INT-OC-CYS-1897/25
16c9b05f,04/09/2025,CYS,Contrato CW 276532,Supervisión de seguridad y salud en el trabajo,Casa de máquinas y obras anexas,Condiciones y acciones subestándar.,Si,CYS-CW276532-PHI-02106,No,22/septiembre/2025,INT-OC-CYS-2024/25
9fbc7965,04/09/2025,CYS,Contrato CW 276532,Supervisión técnica,Casa de máquinas y obras anexas,Columna metálicas temporales – Calidad de los materiales.,Si,CYS-CW276532-PHI-02107,No,6/septiembre/2025,INT-OC-CYS-1857/25
e1b8e76b,04/09/2025,CYS,Contrato CW 276532,Supervisión de seguridad y salud en el trabajo,Sin Frente,Hallazgos sin atención inspección conjuntas 37 y 38.,Si,CYS-CW276532-PHI-02110,No,22/septiembre/2025,INT-OC-CYS-2025/25
fab58fec,04/09/2025,CYS,Contrato CW 276532,Supervisión de seguridad física,Sin Frente,Informe de actividades de seguridad física agosto de 2025.,Si,CYS-CW276532-PHI-02111,Si,16/septiembre/2025,INT-OC-CYS-1946/25
7aba785c,04/09/2025,CYS,Contrato CW 276532,Supervisión técnica,Sistema de caudal remanente (SQR),Planos de construcción – Inicio de actividades.,Si,CYS-CW276532-PHI-02114,No,29/octubre/2025,INT-OC-CYS-2354/25
f4c20daa,04/09/2025,CYS,Contrato CW 276532,Supervisión de seguridad y salud en el trabajo,Sin Frente,Remisión acta de comité obligaciones laborales en SST No. 19.,No,,Si,10/septiembre/2025,INT-OC-CYS-1881/25
0770bb93,04/09/2025,CYS,Contrato CW 276532,Supervisión técnica,Sin Frente,Entrega ayuda de memoria- Reunión observaciones  Procedimiento Manejo de Explosivos,No,,Si,4/septiembre/2025,INT-OC-CYS-1837/25
3ed355eb,04/09/2025,CYS,Contrato CW 276532,Supervisión técnica,Casa de máquinas y obras anexas,Actas de instalación de instrumentación geotécnica,No,,Si,,
8bd11ac2,04/09/2025,CYS,Contrato CW 276532,Supervisión socioambiental,Sin Frente,Atención observaciones informe mensual socioambiental julio 2025,Si,CYS-CW276532-PHI-02105,No,17/septiembre/2025,INT-OC-CYS-1955/25
e0b95b23,04/09/2025,CYS,Contrato CW 276532,Supervisión de costos,Sin Frente,Solicitud de información en atención al informe Preliminar Auditoria Financiera de Gestión y Resultados vigencia 2024- Contraloría Distrital de Medellín,No,,No,5/septiembre/2025,INT-OC-CYS-1847/25
df39a5e3,05/09/2025,CYS,Contrato CW 276532,Supervisión de seguridad y salud en el trabajo,Sin Frente,Solicitud información investigación accidente laboral de Juan Sebastián Tapias Balvin CC. 1007110325.,No,,No,5/septiembre/2025,INT-OC-CYS-1852/25
84fcbf3b,05/09/2025,CYS,Contrato CW 276532,Supervisión de seguridad y salud en el trabajo,Sin Frente,Solicitud información investigación accidente laboral de León Julio Barboza Agudelo CC. 92518995.,No,,No,5/septiembre/2025,INT-OC-CYS-1853/25
9bb1ac77,06/09/2025,CYS,Contrato CW 276532,Supervisión de control de laboratorio ensayos de calidad,Casa de máquinas y obras anexas,Concreto 35 MPa sin retracción.,SI,D-PHI-COP-0534-2025,Si,8/septiembre/2025,INT-OC-CYS-1874/25
f74690a4,06/09/2025,CYS,Contrato CW 276532,Supervisión de control de laboratorio ensayos de calidad,Presa y obras anexas,Panel de prueba pantalla cortaflujo - Consideraciones varias.,Si,D-PHI-COP-0536-2025,Si,11/septiembre/2025,INT-OC-CYS-1893/25
860a4db9,06/09/2025,CYS,Contrato CW 276532,Supervisión de control de laboratorio ensayos de calidad,Presa y obras anexas,Resultados iniciales concreto plástico.,Si,D-PHI-COP-0537-2025,Si,,
41c58df4,06/09/2025,CYS,Contrato CW 276532,Supervisión técnica,Conducciones zona sur,Oficialización IC-168-2025. Inyecciones aglutinamiento ramales superiores.,Si,NC-245-25,No,,
3347a8b7,06/09/2025,CYS,Contrato CW 276532,Supervisión de seguridad y salud en el trabajo,Sin Frente,Solicitud investigación accidente laboral Diocer Arbey Henao Cardona,No,,No,6/septiembre/2025,INT-OC-CYS-1859/25
d14099bc,06/09/2025,CYS,Contrato CW 276532,Supervisión de seguridad y salud en el trabajo,Almenaras y obras anexas,Solicitud investigación accidente laboral Diocer Arbey Henao Cardona,No,,No,,
aebce085,06/09/2025,CYS,Contrato CW 276532,Supervisión de seguridad y salud en el trabajo,Almenaras y obras anexas,Solicitud investigación accidente laboral Juan David Giraldo,No,,No,6/septiembre/2025,INT-OC-CYS-1858/25
154bbb7e,06/09/2025,CYS,Contrato CW 276532,Supervisión socioambiental,Sin Frente,Solicitud EPM: recolección de germoplasma – semestre II de 2025,Si,CYS-CW276532-PHI-02112,No,10/septiembre/2025,INT-OC-CYS-1887/25
0fb4ee02,06/09/2025,CYS,Contrato CW 276532,Supervisión de seguridad y salud en el trabajo,Casa de máquinas y obras anexas,Condiciones subestándar - Actividades simultáneas,Si,CYS-CW276532-PHI-02113,No,22/septiembre/2025,INT-OC-CYS-2027/25
7cadc8cb,06/09/2025,CYS,Contrato CW 276532,Supervisión socioambiental,Sin Frente,Requerimientos de EPM o entidades externas – Atención al Requerimiento 64 del Acta de Oralidad 425 del 30 de julio de 2025 con la ANLA,Si,CYS-CW276532-PHI-02115,No,11/septiembre/2025,INT-OC-CYS-1899/25
6e2e0db2,06/09/2025,CYS,Contrato CW 276532,Supervisión técnica,Conducciones zona sur,Instrumentación Geotécnica. Ramales a codos superiores conducciones 5 a 8. Modificación de anclaje para dianas de convergencia,Si,CYS-CW276532-PHI-02116,No,16/octubre/2025,INT-OC-CYS-2233/25
c1cb79f4,06/09/2025,CYS,Contrato CW 276532,Supervisión técnica,Sin Frente,Excavaciones subterráneas - Sismógrafo tipo Waleker SMA,Si,CYS-CW276532-PHI-02117,No,3/noviembre/2025,INT-OC-CYS-2390/25
45c38010,06/09/2025,CYS,Contrato CW 276532,Supervisión socioambiental,Sin Frente,Requerimientos de EPM o entidades externas – Atención al Requerimiento 74 del Acta de Oralidad 425 del 30 de julio de 2025 con la ANLA.,Si,CYS-CW276532-PHI-02118,No,10/septiembre/2025,INT-OC-CYS-1888/25
e457cd36,06/09/2025,CYS,Contrato CW 276532,Supervisión de seguridad y salud en el trabajo,Casa de máquinas y obras anexas,Solicitud de Documentación Técnica para plataforma y puntos de anclaje,No,,No,7/septiembre/2025,INT-OC-CYS-1861/25
eab71141,06/09/2025,CYS,Contrato CW 276532,Supervisión de seguridad y salud en el trabajo,Sin Frente,Formalización compromisos del seguimiento semanal SST/HS en obra – 05 de septiembre de 2025.,No,,Si,8/septiembre/2025,INT-OC-CYS-1866/25
09df48a5,07/09/2025,CYS,Contrato CW 276532,Supervisión técnica,Casa de máquinas y obras anexas,Estado de inspección de los tensores localizados aguas arriba de Casa de Máquinas y restitución de tensores tipo C.,Si,D-PHI-COP-0540-2025,No,8/septiembre/2025,INT-OC-CYS-1870/25
47cc3dee,07/09/2025,CYS,Contrato CW 276532,Supervisión técnica,Conducciones zona sur,Oficialización IC-168-2025. Inyecciones aglutinamiento ramales superiores.,Si,NC-245-25,Si,13/septiembre/2025,INT-OC-CYS-1914/25
f3eee232,08/09/2025,CYS,Contrato CW 276532,Supervisión socioambiental,Instalaciones provisionales obras finales,Cierre de inspección conjunta GI-AM-10-25,No,,Si,11/septiembre/2025,INT-OC-CYS-1889/25
7df15962,08/09/2025,CYS,Contrato CW 276532,Supervisión de seguridad y salud en el trabajo,Sin Frente,Solicitud información investigación accidente laboral de León Julio Barboza Agudelo,Si,CYS-CW276532-PHI-02119,No,25/septiembre/2025,INT-OC-CYS-2051/25
b38fc4e8,08/09/2025,CYS,Contrato CW 276532,Supervisión técnica,Presa y obras anexas,Registro de logueo perforación – Consolidación y conglomerado sector Romerito,Si,CYS-CW276532-PHI-02120,No,18/septiembre/2025,INT-OC-CYS-1972/25
cd2edd20,08/09/2025,CYS,Contrato CW 276532,Supervisión de seguridad y salud en el trabajo,Sin Frente,Solicitud información investigación accidente laboral de Einer José Gutiérrez Carrillo CC. 5.166.179,Si,CYS-CW276532-PHI-02121,No,25/septiembre/2025,INT-OC-CYS-2050/25
b2a85537,08/09/2025,CYS,Contrato CW 276532,Supervisión técnica,Presa y obras anexas,Panel de Prueba pantalla plástica – Perforabilidad,Si,CYS-CW276532-PHI-02122,No,15/septiembre/2025,INT-OC-CYS-1936/25
c1a55987,08/09/2025,CYS,Contrato CW 276532,Supervisión técnica,Sin Frente,Informe técnico mensual Agosto de 2025.,Si,CYS-CW276532-PHI-02123,No,15/septiembre/2025,INT-OC-CYS-1939/25
e173c5a4,08/09/2025,CYS,Contrato CW 276532,Supervisión socioambiental,Sin Frente,Atención a reclamaciones laborales que involucran al subcontratista LÍNEA VITAL,Si,CYS-CW276532-PHI-02124,No,,
15c9d77c,08/09/2025,CYS,Contrato CW 276532,Supervisión técnica,Sin Frente,Inconvenientes de acceso al proyecto – Afectaciones de seguridad y orden público,Si,CYS-CW276532-PHI-02125,No,16/octubre/2025,INT-OC-CYS-2256/25
ebbf3c0f,09/09/2025,CYS,Contrato CW 276532,Supervisión de seguridad y salud en el trabajo,Conducciones zona sur,Solicitud investigación accidente laboral Hermes Perez Gonsalez,No,,No,9/septiembre/2025,INT-OC-CYS-1877/25
bc39e075,09/09/2025,CYS,Contrato CW 276532,Supervisión de seguridad y salud en el trabajo,Almenaras y obras anexas,Solicitud investigación accidente laboral HOMERO ELIAS VALBUENA GUISAO.,No,,No,9/septiembre/2025,INT-OC-CYS-1878/25
8be284e4,09/09/2025,CYS,Contrato CW 276532,Supervisión de seguridad y salud en el trabajo,Casa de máquinas y obras anexas,Solicitud investigación accidente laboral Duvan Danilo Cuenca Sanchez.,No,,No,9/septiembre/2025,INT-OC-CYS-1879/25
222e6e63,09/09/2025,CYS,Contrato CW 276532,Supervisión técnica,Conducciones zona sur,Rehabilitación de los pozos de presión conducciones N.°5 a N.°8 – Entrega de planos para construcción,Si,CYS-CW276532-PHI-02126,No,,
88028a74,09/09/2025,CYS,Contrato CW 276532,Supervisión técnica,Conducciones zona sur,Conducción superior ramal N° 6 - Galería 320 - Sistema de drenaje,Si,CYS-CW276532-PHI-02126,No,21/septiembre/2025,INT-OC-CYS-2006/25
b8b5a856,09/09/2025,CYS,Contrato CW 276532,Supervisión técnica,Conducciones zona sur,Rehabilitación de los pozos de presión conducciones N.°5 a N.°8,Si,CYS-CW276532-PHI-02127,Si,17/septiembre/2025,INT-OC-CYS-1951/25
48fa0929,09/09/2025,CYS,Contrato CW 276532,Supervisión socioambiental,Sin Frente,Requerimientos de EPM o entidades externas – Atención al Requerimiento 90 del Acta de Oralidad 425 del 30 de julio de 2025 con la ANLA.,Si,CYS-CW276532-PHI-02128,No,11/septiembre/2025,INT-OC-CYS-1900/25
03df3cd4,09/09/2025,CYS,Contrato CW 276532,Supervisión socioambiental,Sin Frente,Informe de gestión - agosto de 2025,Si,CYS-CW276532-PHI-02129,No,18/septiembre/2025,INT-OC-CYS-1965/25
f7a758f3,09/09/2025,CYS,Contrato CW 276532,Supervisión de riesgos,Sin Frente,Informe Mensual de la Gestión de Riesgos – Julio 2025,Si,CYS-CW276532-PHI-02130,No,10/septiembre/2025,INT-OC-CYS-1883/25
e70155b8,09/09/2025,CYS,Contrato CW 276532,Supervisión técnica,Túneles de aspiración,Sentido de demolición del concreto hidráulico y consideraciones,Si,NC-248-25,No,10/septiembre/2025,INT-OC-CYS-1882/25
946c3d8b,09/09/2025,CYS,Contrato CW 276532,Supervisión de gestión documental y calidad,Sin Frente,Auditoria al Contratista ciclo II,No,,Si,10/septiembre/2025,INT-OC-CYS-1886/25
da01a2a0,09/09/2025,CYS,Contrato CW 276532,Supervisión de seguridad y salud en el trabajo,Casa de máquinas y obras anexas,Canasta de Izaje de Personas Puente grúa – Actualización memorias.,Si,CYS-CW276532-PHI-02131,No,25/octubre/2025,INT-OC-CYS-2321/25
3ca95fc0,09/09/2025,CYS,Contrato CW 276532,Supervisión socioambiental,Sin Frente,Estado cumplimiento de obligaciones laborales del proveedor Línea Vital.,Si,CYS-CW276532-PHI-02124,No,12/septiembre/2025,INT-OC-CYS-1905/25
b4ce767b,10/09/2025,CYS,Contrato CW 276532,Supervisión de seguridad física,Sin Frente,Atención observaciones documentos  Seguridad física diciembre de 2024,Si,CYS-CW276532-PHI-02132,No,16/septiembre/2025,INT-OC-CYS-1942/25
9b156b46,10/09/2025,CYS,Contrato CW 276532,Supervisión de control de laboratorio ensayos de calidad,Sin Frente,Propuesta de homologación de la resistencia a la compresión y aprobación del diseño autonivelante FL 301.,Si,CYS-CW276532-PHI-02134,No,,
c075dc00,10/09/2025,CYS,Contrato CW 276532,Supervisión técnica,Sin Frente,Entrega acta de comité de obra No. 083,No,,Si,11/septiembre/2025,INT-OC-CYS-1898/25
058aa8b6,10/09/2025,CYS,Contrato CW 276532,Supervisión de seguridad física,Sin Frente,Atención observaciones documentos Seguridad física diciembre 2024,Si,CYS-CW276532-PHI-02135,No,,
70cb5470,10/09/2025,CYS,Contrato CW 276532,Supervisión de seguridad física,Sin Frente,Informe de actividades de seguridad física junio de 2025,Si,CYS-CW276532-PHI-02136,No,17/septiembre/2025,INT-OC-CYS-1956/25
2d7e1a1e,10/09/2025,CYS,Contrato CW 276532,Supervisión socioambiental,Sin Frente,Temáticas semestre 2025 – II campañas Programa de Uso Eficiente y Ahorro del Agua (PUEAA) y Programa de Uso Racional Uso Racional y Eficiente de la Energía (PROURE),Si,CYS-CW276532-PHI-02137,No,11/septiembre/2025,INT-OC-CYS-1901/25
6e3c68f2,10/09/2025,CYS,Contrato CW 276532,Supervisión técnica,Casa de máquinas y obras anexas,Entrega de ayuda de memoria. Ejes para construcción de las estructuras.,Si,D-PHI-COP-0546-2025,No,,
106d1411,10/09/2025,CYS,Contrato CW 276532,Supervisión técnica,Conducciones zona sur,Perforaciones aglutinamiento pozo de presión 6.,Si,D-PHI-COP-0547-2025,No,,
29e478bd,10/09/2025,CYS,Contrato CW 276532,Supervisión técnica,Túneles de aspiración,Estado de inspección de los tensores localizados en el túnel de aspiración 7 y restitución de los tensores tipo A No. 38 y 40.,Si,D-PHI-COP-0548-2025,Si,14/septiembre/2025,INT-OC-CYS-1920/25
60541281,10/09/2025,CYS,Contrato CW 276532,Supervisión técnica,Túneles de aspiración,"Demolición controlada al final del tramo 4 concretos remanentes en túneles de aspiración N°5, N°6 y N°7",Si,NC-249-25,Si,13/septiembre/2025,INT-OC-CYS-1912/25
0ec68016,10/09/2025,CYS,Contrato CW 276532,Supervisión técnica,Túneles de aspiración,"Instrumentación túneles de aspiración 5, 6 y 7.",Si,NC-250-25,Si,21/septiembre/2025,INT-OC-CYS-2005/25
a6a0f0a9,10/09/2025,CYS,Contrato CW 276532,Supervisión de seguridad y salud en el trabajo,Sin Frente,Remisión acta de comité obligaciones laborales en SST No. 20,No,,Si,11/septiembre/2025,INT-OC-CYS-1892/25
8aeb491b,10/09/2025,CYS,Contrato CW 276532,Supervisión técnica,Conducciones zona sur,Perforaciones aglutinamiento pozo de presión 6,Si,D-PHI-COP-0547-2025,Si,12/septiembre/2025,INT-OC-CYS-1907/25
b5bfd459,11/09/2025,CYS,Contrato CW 276532,Supervisión de costos,Túneles de aspiración,Túneles de aspiración N° 5 y 6 – Demolición de concretos,Si,CYS-CW276532-PHI-02133,No,25/septiembre/2025,INT-OC-CYS-2052/25
c07d4106,11/09/2025,CYS,Contrato CW 276532,Supervisión de costos,Sin Frente,Solicitud de información en atención al informe Preliminar Auditoria Financiera de Gestión y Resultados vigencia 2024 - Contraloría Distrital de Medellín,Si,CYS-CW276532-PHI-02138,No,17/septiembre/2025,INT-OC-CYS-1950/25
4a5fe4d4,11/09/2025,CYS,Contrato CW 276532,Supervisión técnica,Casa de máquinas y obras anexas,Tuberías empotradas y accesorios de acero inoxidable,Si,CYS-CW276532-PHI-02139,No,21/septiembre/2025,INT-OC-CYS-2012/25
cda36f7b,11/09/2025,CYS,Contrato CW 276532,Supervisión técnica,Almenaras y obras anexas,Ménsula para soporte del encofrado de las vigas de la losa en EL. 220.00 – Memoria de cálculo estructural.,Si,CYS-CW276532-PHI-02140,No,20/septiembre/2025,INT-OC-CYS-2004/25
cac96fa1,11/09/2025,CYS,Contrato CW 276532,Supervisión técnica,Casa de máquinas y obras anexas,Informe de inspección de foso de infiltración No. 3.,Si,D-PHI-COP-0552-2025,No,,
7e14b9e2,11/09/2025,CYS,Contrato CW 276532,Supervisión de costos,Casa de máquinas y obras anexas,Supervisión de costos – Casa de máquinas y Conducciones. – Comunicaciones INT-OC-CYS-1813/25 y INT-OCCYS-1828/25.,No,,No,11/septiembre/2025,INT-OC-CYS-1904/25
6aa7cb0d,11/09/2025,CYS,Contrato CW 276532,Supervisión socioambiental,Sin Frente,Atención a reclamaciones laborales que involucran al proveedor LÍNEA VITA,Si,CYS-CW276532-PHI-02141,No,,
d576ff3d,11/09/2025,CYS,Contrato CW 276532,Supervisión de seguridad y salud en el trabajo,Almenaras y obras anexas,Solicitud documentación sistema de protección contra caídas,No,,No,13/septiembre/2025,INT-OC-CYS-1909/25
085c3297,12/09/2025,CYS,Contrato CW 276532,Supervisión de control de laboratorio ensayos de calidad,Presa y obras anexas,Resultados panel prueba,Si,D-PHI-COP-0551-2025,No,,
1b705b30,12/09/2025,CYS,Contrato CW 276532,Supervisión técnica,Conducciones zona sur,Altos consumos inyecciones desde galería D sur,Si,D-PHI-COP-0555-2025,No,19/septiembre/2025,INT-OC-CYS-1986/25
6e979a43,12/09/2025,CYS,Contrato CW 276532,Supervisión técnica,Sin Frente,Servicios de iluminación y mallas a tierra de la central. Suministro de toma de puesta a tierra.,Si,D-PHI-COP-0559-2025,No,,
1eaa5323,12/09/2025,CYS,Contrato CW 276532,Supervisión técnica,Conducciones zona sur,Pozo de presión. Rehabilitación Ingeniería de detalle,Si,D-PHI-COP-0560-2025,No,20/septiembre/2025,INT-OC-CYS-2003/25
cf4bdbab,12/09/2025,CYS,Contrato CW 276532,Supervisión técnica,Presa y obras anexas,"Panel de Prueba, pantalla plástica, respuesta EPM a consideraciones varias",No,,Si,13/septiembre/2025,INT-OC-CYS-1915/25
203af653,12/09/2025,CYS,Contrato CW 276532,Supervisión técnica,Sin Frente,Entrega acta de comite de obra No. 084,No,,Si,13/septiembre/2025,INT-OC-CYS-1910/25
a36bf2f7,12/09/2025,CYS,Contrato CW 276532,Supervisión de costos,Conducciones zona sur,Rehabilitación de los pozos de presión conducciones 5 a 8 Entrega de planos para construcción,Si,CYS-CW276532-PHI-02142,No,,
8acf5691,12/09/2025,CYS,Contrato CW 276532,Supervisión técnica,Presa y obras anexas,Panel de prueba pantalla plástica perforabilidad,Si,CYS-CW276532-PHI-02152,No,16/octubre/2025,INT-OC-CYS-2232/25
26a62a89,12/09/2025,CYS,Contrato CW 276532,Supervisión técnica,Túneles de desviación,Solicitud de verificación estado y condición de la perforación P-EX-TV-CCGAD,Si,D-PHI-COP-0558-2025,Si,24/septiembre/2025,INT-OC-CYS-2045/25
c3b955f4,12/09/2025,CYS,Contrato CW 276532,Supervisión socioambiental,Sin Frente,Entrega de las actas de comité socioambiental No. 38 y No. 39.,No,,Si,13/septiembre/2025,INT-OC-CYS-1913/25
5f3466cc,12/09/2025,CYS,Contrato CW 276532,Supervisión técnica,Servicios iluminación y mallas a tierra de la central,Tomas de puesta a tierra para las obras eléctricas. Complemento a la comunicación INT-OC-CYS-1644/25,Si,CYS-CW276532-PHI-01898,Si,13/septiembre/2025,INT-OC-CYS-1916/25
06f3fabb,13/09/2025,CYS,Contrato CW 276532,Supervisión socioambiental,Sin Frente,"Respuesta en atención PQR Señora Ana Lucia Espinosa, km 0+510",Si,CAMI-0602-2025,No,,
f5fad054,13/09/2025,CYS,Contrato CW 276532,Supervisión técnica,Túneles de desviación,Envío de figura para construcción y cantidades de obra,Si,CYS-CW276532-PHI-02143,No,10/noviembre/2025,INT-OC-CYS-2462/25
2f1f63ae,13/09/2025,CYS,Contrato CW 276532,Supervisión de control de laboratorio ensayos de calidad,Sin Frente,Diseño de mezcla mortero para mampostería,Si,CYS-CW276532-PHI-02144,No,16/septiembre/2025,INT-OC-CYS-1947/25
357124eb,13/09/2025,CYS,Contrato CW 276532,Supervisión técnica,Sin Frente,"Finalización tratamiento de talud vía de acceso a Casa de maquinas, sector sitio 9 entre km 13+940 al km 13+990",Si,CYS-CW276532-PHI-02145,No,23/septiembre/2025,INT-OC-CYS-2032/25
4b790fad,13/09/2025,CYS,Contrato CW 276532,Supervisión técnica,Conducciones zona sur,Conducciones zona sur Inactividades rendimientos,Si,CYS-CW276532-PHI-02146,No,16/octubre/2025,INT-OC-CYS-2246/25
2cc84f50,13/09/2025,CYS,Contrato CW 276532,Supervisión técnica,Sin Frente,Certificados de materiales del 01 al 31 de julio de 2025,Si,CYS-CW276532-PHI-02147,No,15/septiembre/2025,INT-OC-CYS-1934/25
5336b55d,13/09/2025,CYS,Contrato CW 276532,Supervisión técnica,Conducciones zona sur,Conducciones Viga EL 338.05 en pozo de presión 5 Plano de taller y cartilla de refuerzo,Si,CYS-CW276532-PHI-02148,No,,
de92e831,13/09/2025,CYS,Contrato CW 276532,Supervisión de seguridad y salud en el trabajo,Almenaras y obras anexas,Solicitud investigación accidente laboral Luis Hernando Monsalve Uribe,Si,CYS-CW276532-PHI-02151,No,29/septiembre/2025,INT-OC-CYS-2070/25
49abfff6,13/09/2025,CYS,Contrato CW 276532,Supervisión técnica,Consolidación y conglomeración macizo perturbado zona sur,Entrega de registros automatizados de SIRI del mes de julio de 2024,Si,CYS-CW276532-PHI-02081,No,1/noviembre/2025,INT-OC-CYS-2380/25
8eb5e9fc,13/09/2025,CYS,Contrato CW 276532,Supervisión de control de laboratorio ensayos de calidad,Sin Frente,Diseño de mezclas diseño FL 409 f c de 28 MPa,Si,CYS-CW276532-PHI-02153,No,18/septiembre/2025,INT-OC-CYS-1958/25
c41f0361,13/09/2025,CYS,Contrato CW 276532,Supervisión técnica,Estabilidad helipuerto villa luz,Finalización actividades,Si,CYS-CW276532-PHI-02154,No,23/septiembre/2025,INT-OC-CYS-2030/25
338cddca,13/09/2025,CYS,Contrato CW 276532,Supervisión de seguridad y salud en el trabajo,Casa de máquinas y obras anexas,Solicitud de documentación técnica para plataforma de trabajo y puntos de anclaje,Si,CYS-CW276532-PHI-02155,No,2/octubre/2025,INT-OC-CYS-2111/25
24f9c41a,13/09/2025,CYS,Contrato CW 276532,Supervisión de control de laboratorio ensayos de calidad,Sin Frente,Diseño de mezclas FL - 395 fc 21 MPa,Si,CYS-CW276532-PHI-02156,No,18/septiembre/2025,INT-OC-CYS-1974/25
e3cb2a38,13/09/2025,CYS,Contrato CW 276532,Supervisión técnica,Conducciones zona sur,Galería sur perforación exploratoria,Si,CYS-CW276532-PHI-02157,No,20/septiembre/2025,INT-OC-CYS-1994/25
ba0f616e,13/09/2025,CYS,Contrato CW 276532,Supervisión de control de laboratorio ensayos de calidad,Sin Frente,Propuesta de homologación de la resistencia a la compresión y aprobación del diseño autonivelante FL 301,Si,CYS-CW276532-PHI-02158,No,14/septiembre/2025,INT-OC-CYS-1931/25
ec2a2881,13/09/2025,CYS,Contrato CW 276532,Supervisión de seguridad y salud en el trabajo,Sin Frente,Orden reiterada disponibilidad disponibilidad tripulación de ambulancias,Si,CYS-CW276532-PHI-02159,No,19/septiembre/2025,INT-OC-CYS-1988/25
9e0ebeb2,13/09/2025,CYS,Contrato CW 276532,Supervisión de seguridad y salud en el trabajo,Casa de máquinas y obras anexas,Condiciones subestándar en trabajos en alturas,Si,CYS-CW276532-PHI-02162,No,2/octubre/2025,INT-OC-CYS-2108/25
848a7ca8,13/09/2025,CYS,Contrato CW 276532,Supervisión de riesgos,Sin Frente,Entrega de actas de comité de Gestión Integral de Riesgos No. 182 a la 194 de 2025 de abril a agosto de 2025,No,,Si,14/septiembre/2025,INT-OC-CYS-1926/25
3ed89f0b,13/09/2025,CYS,Contrato CW 276532,Supervisión de seguridad y salud en el trabajo,Sin Frente,Formalización compromisos del seguimiento semanal SST/HS en obra – 12 de septiembre de 2025.,No,,Si,14/septiembre/2025,INT-OC-CYS-1925/25
fc9dac82,13/09/2025,CYS,Contrato CW 276532,Supervisión de seguridad y salud en el trabajo,Sin Frente,Informe de gestión mensual SST agosto 2025,Si,CYS-CW276532-PHI-02149,No,7/octubre/2025,INT-OC-CYS-2136/25
06f88ed9,13/09/2025,CYS,Contrato CW 276532,Supervisión de control de laboratorio ensayos de calidad,Sin Frente,Diseño de mezclas FL 399 fc 28 MPa con fibra metálica,Si,CYS-CW276532-PHI-02163,No,18/septiembre/2025,INT-OC-CYS-1975/25
a3c86c27,13/09/2025,CYS,Contrato CW 276532,Supervisión técnica,Sin Frente,Respuesta a comunicaciones de certificados de materiales,Si,CYS-CW276532-PHI-02164,No,15/septiembre/2025,INT-OC-CYS-1935/25
faa2e175,13/09/2025,CYS,Contrato CW 276532,Supervisión de seguridad y salud en el trabajo,Sin Frente,Presentación hoja de vida personal LINEA VITAL ambulancia medicalizada,Si,CYS-CW276532-PHI-02165,No,24/septiembre/2025,INT-OC-CYS-2041/25
767a80f0,13/09/2025,CYS,Contrato CW 276532,Supervisión técnica,Almenaras y obras anexas,Tubería sonda de medición Planos de taller,Si,CYS-CW276532-PHI-02166,No,22/septiembre/2025,INT-OC-CYS-2021/25
46020406,13/09/2025,CYS,Contrato CW 276532,Supervisión técnica,Descarga intermedia,Entrega plano recrecimiento del tapón preventivo Revisión 1,Si,D-PHI-COP-0561-2025,No,16/septiembre/2025,INT-OC-CYS-1949/25
11567c67,13/09/2025,CYS,Contrato CW 276532,Supervisión técnica,Casa de máquinas y obras anexas,Informe de inspección de foso de infiltración 3,Si,D-PHI-COP-0550-2025,Si,20/septiembre/2025,INT-OC-CYS-2001/25
28df13a3,14/09/2025,CYS,Contrato CW 276532,Supervisión de seguridad y salud en el trabajo,Casa de máquinas y obras anexas,Espacios reducidos para posicionamiento de equipos de perforación,Si,CYS-CW276532-PHI-02168,No,30/septiembre/2025,INT-OC-CYS-2086/25
26701d8f,14/09/2025,CYS,Contrato CW 276532,Supervisión técnica,Descarga intermedia,Muro de cerramiento galería de acceso a galería de construcción G3-CTIFS Planos de taller,Si,CYS-CW276532-PHI-02169,No,19/septiembre/2025,INT-OC-CYS-1980/25
3a0d6805,14/09/2025,CYS,Contrato CW 276532,Supervisión de seguridad y salud en el trabajo,Casa de máquinas y obras anexas,Condiciones y acciones subestándar en actividades simultaneas,Si,CYS-CW276532-PHI-02170,No,1/octubre/2025,INT-OC-CYS-2094/25
e71ea3df,14/09/2025,CYS,Contrato CW 276532,Supervisión de seguridad y salud en el trabajo,Sin Frente,Presentación hoja de vida personal ambulancia,Si,CYS-CW276532-PHI-02171,No,24/septiembre/2025,INT-OC-CYS-2044/25
526b570b,14/09/2025,CYS,Contrato CW 276532,Supervisión técnica,Sin Frente,Disponibilidad de equipos personal e insumos,Si,CYS-CW276532-PHI-02172,No,18/septiembre/2025,INT-OC-CYS-1967/25
34b5872b,14/09/2025,CYS,Contrato CW 276532,Supervisión técnica,Conducciones zona sur,Proyección tercer estimativo en volúmenes de inyección Macizo perturbador,Si,D-PHI-COP-0557-2025,No,19/septiembre/2025,INT-OC-CYS-1984/25
708ebe4b,14/09/2025,CYS,Contrato CW 276532,Supervisión técnica,Almenaras y obras anexas,Almenara 2 cámara de operación y control. Atención a comentarios,Si,D-PHI-COP-0562-2025,No,18/septiembre/2025,INT-OC-CYS-1960/25
3d8e4bb6,14/09/2025,CYS,Contrato CW 276532,Supervisión técnica,Sin Frente,Túneles de descarga 4. Instrumentación geotécnica. Actualización plano para construcción,Si,D-PHI-COP-0564-2025,No,17/septiembre/2025,INT-OC-CYS-1952/25
29d7ef32,14/09/2025,CYS,Contrato CW 276532,Supervisión técnica,Conducciones zona sur,Cancelación de la perforación exploratoria P-EX-ZS-08,Si,NC-255-25,No,16/septiembre/2025,INT-OC-CYS-1945/25
f1c4e498,14/09/2025,CYS,Contrato CW 276532,Supervisión técnica,Sin Frente,Inspección de campo e indicaciones para la instalación de convergencias,Si,NC-256-25,Si,15/septiembre/2025,INT-OC-CYS-1938/25
9a37237e,14/09/2025,CYS,Contrato CW 276532,Supervisión técnica,Consolidación y conglomeración macizo perturbado zona sur,Avance general inyecciones de aglutinamiento Afectación económica y generación de obra extra,Si,CYS-CW276232-PHI-02167,No,,
d0b589e0,14/09/2025,CYS,Contrato CW 276532,Supervisión técnica,Casa de máquinas y obras anexas,Estructuras remanentes fosos de drenaje e infiltración 3 y 4,Si,CYS-CW276532-PHI-02173,No,,
befc2e88,14/09/2025,CYS,Contrato CW 276532,Supervisión técnica,Casa de máquinas y obras anexas,Sala de Montajes – Grabado en viga de puente grúa aguas abajo,No,,Si,15/septiembre/2025,INT-OC-CYS-1937/25
6e2444b0,14/09/2025,CYS,Contrato CW 276532,Supervisión de seguridad y salud en el trabajo,Sin Frente,Estándar SST para requerimientos documentales en estructuras criticas para trabajo en alturas,No,,Si,15/septiembre/2025,INT-OC-CYS-1940/25
2c57af88,15/09/2025,CYS,Contrato CW 276532,Supervisión técnica,Sin Frente,Entrega acta de comité de obra No. 085,No,,Si,16/septiembre/2025,INT-OC-CYS-1941/25
a6be589b,15/09/2025,CYS,Contrato CW 276532,Supervisión de costos,Casa de máquinas y obras anexas,Provisión de obras adicionales y extras previstas en el AMB 9,Si,CYS-CW276532-PHI-02178,No,5/octubre/2025,INT-OC-CYS-2128/25
b48d6018,15/09/2025,CYS,Contrato CW 276532,Supervisión técnica,Casa de máquinas y obras anexas,Pedestales tubo de aspiración Planos de taller,Si,CYS-CW276532-PHI-02174,No,29/septiembre/2025,INT-OC-CYS-2083/25
578152c4,15/09/2025,CYS,Contrato CW 276532,Supervisión técnica,Casa de máquinas y obras anexas,"Tubería anti inundación y tubería drenaje cámara espiral unidades 5, 6, 7 y 8",Si,CYS-CW276532-PHI-02175,No,25/septiembre/2025,INT-OC-CYS-2053/25
8e342df9,15/09/2025,CYS,Contrato CW 276532,Supervisión técnica,Sin Frente,Descarga 3 Espesores de control en concreto lanzado,Si,CYS-CW276532-PHI-02176,No,22/septiembre/2025,INT-OC-CYS-2020/25
277b5fed,15/09/2025,CYS,Contrato CW 276532,Supervisión técnica,Sin Frente,Alternativa aditivo acelerante para concretos lanzados,Si,CYS-CW276532-PHI-02177,No,22/septiembre/2025,INT-OC-CYS-2022/25
4364c0b4,15/09/2025,CYS,Contrato CW 276532,Supervisión técnica,Sin Frente,Entrega compromisos – Recorridos de obra - mesa de constructibilidad.,No,,Si,16/septiembre/2025,INT-OC-CYS-1943/25
d1ac91ba,16/09/2025,CYS,Contrato CW 276532,Supervisión técnica,Sin Frente,"Envío actas de entrega de bienes Nos. 59-030 a 59-034, 59-037 y 59-038",No,,Si,16/septiembre/2025,INT-OC-CYS-1948/25
49591a79,16/09/2025,CYS,Contrato CW 276532,Supervisión socioambiental,Presa y obras anexas,Desviaciones manejo de Aguas Residuales no Domésticas (ARnD),No,,No,17/septiembre/2025,INT-OC-CYS-1954/25
420057a6,16/09/2025,CYS,Contrato CW 276532,Supervisión de control de laboratorio ensayos de calidad,Sin Frente,Certificados de Materiales del 16 al 31 de agosto de 2025.,Si,CYS-CW276532-PHI-02179,No,23/septiembre/2025,INT-OC-CYS-2035/25
599480be,16/09/2025,CYS,Contrato CW 276532,Supervisión técnica,Presa y obras anexas,Informe prueba trazador barreno INY-G290 -A2- 01 y INY-G290-A2-02.,Si,CYS-CW276532-PHI-02180,No,20/septiembre/2025,INT-OC-CYS-1993/25
d389f254,16/09/2025,CYS,Contrato CW 276532,Supervisión socioambiental,Sin Frente,Requerimientos de EPM o entidades externas – Atención al Requerimiento 73 del Acta de Oralidad 425 del 30 de julio de 2025 con la ANLA,Si,CYS-CW276532-PHI-02181,No,18/septiembre/2025,INT-OC-CYS-1979/25
51b6129d,16/09/2025,CYS,Contrato CW 276532,Supervisión de costos,Sin Frente,Sobrecostos transporte de cemento y combustible generados por cierre de la vía.,Si,CYS-CW276532-PHI-02182,No,16/octubre/2025,INT-OC-CYS-2255/25
93fbb13e,16/09/2025,CYS,Contrato CW 276532,Supervisión técnica,Sin Frente,Remisión actas de instalación de instrumentación geotécnica.,Si,CYS-CW276532-PHI-02183,No,16/octubre/2025,INT-OC-CYS-2245/25
6845a341,16/09/2025,CYS,Contrato CW 276532,Supervisión técnica,Casa de máquinas y obras anexas,Bombeo de agua de infiltración en la Casa de máquinas – EL 188.,Si,CYS-CW276532-PHI-02184,No,6/octubre/2025,INT-OC-CYS-2135/25
a56ac2bd,16/09/2025,CYS,Contrato CW 276532,Supervisión técnica,Conducciones zona sur,Ramales superiores - Pedestales de apoyo para viga monorriel - Gal D Sur,No,,No,18/septiembre/2025,INT-OC-CYS-1964/25
8e144af9,17/09/2025,CYS,Contrato CW 276532,Supervisión de seguridad y salud en el trabajo,Sin Frente,Solicitud información investigación accidente laboral de León Julio Barboza Agudelo CC. 92518995,Si,CYS-CW276532-PHI-02150,No,7/octubre/2025,INT-OC-CYS-2139/25
1df5cfe9,17/09/2025,CYS,Contrato CW 276532,Supervisión de seguridad y salud en el trabajo,Sin Frente,Hallazgos inspección conjunta No 41.,Si,CYS-CW276532-PHI-02161,No,7/octubre/2025,INT-OC-CYS-2138/25
00d5bda0,17/09/2025,CYS,Contrato CW 276532,Supervisión técnica,Sin Frente,Entrega acta de reunión técnica No.046 -Alineamiento pórtico puente grúa principal,No,,Si,17/septiembre/2025,INT-OC-CYS-1957/25
77374482,17/09/2025,CYS,Contrato CW 276532,Supervisión técnica,Caverna de transformadores y obras anexas,Excavación y rehabilitación de la intersección entre el pozo superior de evacuación de humos y la Galería de conexión entre Galería F y Galería Intermedia.,Si,D-PHI-COP-0573-2025,No,20/septiembre/2025,INT-OC-CYS-1992/25
43768d8c,17/09/2025,CYS,Contrato CW 276532,Supervisión técnica,Presa y obras anexas,Pantalla cortaflujo procedimiento de construcción,Si,CYS-CW276532-PHI-02186,Si,,
dd680905,18/09/2025,CYS,Contrato CW 276532,Supervisión técnica,Presa y obras anexas,Pantalla cortaflujo procedimiento de construcción,Si,CYS-CW276532-PHI-02186,No,,
1647b5da,18/09/2025,CYS,Contrato CW 276532,Supervisión de control de laboratorio ensayos de calidad,Presa y obras anexas,Pantalla cortaflujo procedimiento de construcción,Si,CYS-CW276532-PHI-02186,No,27/septiembre/2025,INT-OC-CYS-2060/25
6c09c452,18/09/2025,CYS,Contrato CW 276532,Supervisión de seguridad y salud en el trabajo,Sin Frente,Presentación hojas de vida personal LINEA VITAL ambulancia medicalizada.,Si,CYS-CW276532-PHI-02187,No,25/septiembre/2025,INT-OC-CYS-2048/25
b42397e7,18/09/2025,CYS,Contrato CW 276532,Supervisión de costos,Conducciones zona sur,Rehabilitación de los pozos de presión conducciones N.º 5 a N.°8 - Provisión de obras adicionales y extras previstas en el AMB 9.,Si,CYS-CW276532-PHI-02188,No,6/octubre/2025,INT-OC-CYS-2131/25
2e0a275b,18/09/2025,CYS,Contrato CW 276532,Supervisión de seguridad y salud en el trabajo,Sin Frente,Hallazgos sin atención inspección conjunta No.68,No,,Si,20/septiembre/2025,INT-OC-CYS-1990/25
7c7e9b25,18/09/2025,CYS,Contrato CW 276532,Supervisión de seguridad y salud en el trabajo,Sin Frente,Solicitud información siniestro vial-Túnel Chirí,No,,No,19/septiembre/2025,INT-OC-CYS-1982/25
9c8b1ca7,18/09/2025,CYS,Contrato CW 276532,Supervisión técnica,Casa de máquinas y obras anexas,Envío Acta de Transferencia de Zonas de Trabajo,No,,Si,20/septiembre/2025,INT-OC-CYS-1991/25
2ebe7140,18/09/2025,CYS,Contrato CW 276532,Supervisión técnica,Galerías y pozos de compuertas,Preservación del revestimiento existente en los pozos de presión.,Si,NC-258-25,Si,19/septiembre/2025,INT-OC-CYS-1989/25
82ae2f95,18/09/2025,CYS,Contrato CW 276532,Supervisión de seguridad y salud en el trabajo,Casa de máquinas y obras anexas,Reiteración solicitud de mediciones de estrés térmico,Si,CYS-CW276532-PHI-02189,No,7/octubre/2025,INT-OC-CYS-2148/25
aebbb0b0,19/09/2025,CYS,Contrato CW 276532,Supervisión técnica,Casa de máquinas y obras anexas,Edad mínima de los materiales cementicios (lechada o mortero) para el tensionamiento de pernos de roca y de anclaje de estructuras y de tensores de anclaje.,Si,NC-261-25,Si,20/septiembre/2025,INT-OC-CYS-2000/25
80486b45,19/09/2025,CYS,Contrato CW 276532,Supervisión técnica,Conducciones zona sur,Pozo de Presión N°5. Prueba piloto Raise Boring – Concepto sobre medición de trayectoria.,Si,D-PHI-COP-0574-2025,Si,20/septiembre/2025,INT-OC-CYS-1999/25
8d5fc451,19/09/2025,CYS,Contrato CW 276532,Supervisión técnica,Conducciones zona sur,Campaña de consolidación zona superior del Macizo perturbado,Si,D-PHI-COP-0576-2025,Si,20/septiembre/2025,INT-OC-CYS-1997/25
1b9164cf,20/09/2025,CYS,Contrato CW 276532,Supervisión de seguridad y salud en el trabajo,Almenaras y obras anexas,Condiciones subestándar por trabajos en simultaneo,No,,No,22/septiembre/2025,INT-OC-CYS-2019/25
2b6d813b,20/09/2025,CYS,Contrato CW 276532,Supervisión técnica,Casa de máquinas y obras anexas,Tuberías empotradas y accesorios de acero inoxidable.,Si,D-PHI-COP-0578-2025,No,,
e70ffc7f,20/09/2025,CYS,Contrato CW 276532,Supervisión de control de laboratorio ensayos de calidad,Presa y obras anexas,Deficiencias sistema de agitación de lodo bentonitico,No,,No,21/septiembre/2025,INT-OC-CYS-2016/25
28eeb399,20/09/2025,CYS,Contrato CW 276532,Supervisión contractual,Sin Frente,Envío de ayuda de memoria de la mesa de trabajo No. 24 de programación,No,,Si,21/septiembre/2025,INT-OC-CYS-2014/25
8035d369,20/09/2025,CYS,Contrato CW 276532,Supervisión de seguridad y salud en el trabajo,Sin Frente,Formalización compromisos del seguimiento semanal SST/HS en obra – 19 de septiembre de 2025,No,,Si,21/septiembre/2025,INT-OC-CYS-2009/25
0aa11e86,20/09/2025,CYS,Contrato CW 276532,Supervisión de seguridad y salud en el trabajo,Almenaras y obras anexas,Solicitud de remisión de la metodologia constructiva actualizada PC-HSEQ-CI-CYS-68,No,,No,22/septiembre/2025,INT-OC-CYS-2018/25
9caccdfa,20/09/2025,CYS,Contrato CW 276532,Supervisión técnica,Sin Frente,Recorridos de obra – Mesa de constructibilidad.,No,,Si,21/septiembre/2025,INT-OC-CYS-2008/25
71d3caf7,20/09/2025,CYS,Contrato CW 276532,Supervisión técnica,Sin Frente,Formalización compromisos – Recorrido de obra – Mesa de constructibilidad 20 de septiembre de 2025.,No,,Si,21/septiembre/2025,INT-OC-CYS-2007/25
9ca41bc1,21/09/2025,CYS,Contrato CW 276532,Supervisión técnica,Casa de máquinas y obras anexas,Tubería empotrada Unidad No.5 zona sur  - Entrega de plano para construcción.,Si,D-PHI-COP-0577-2025,No,,
08d62b62,21/09/2025,CYS,Contrato CW 276532,Supervisión técnica,Casa de máquinas y obras anexas,Estructuras de concreto uso de empalmes para acero de refuerzo con acoples Barsplice,Si,CYS-CW276532-PHI-02190,No,6/octubre/2025,INT-OC-CYS-2134/25
ac3340d3,21/09/2025,CYS,Contrato CW 276532,Supervisión técnica,Galerías y pozos de compuertas,Inyecciones de aglutinamiento – Planeamiento para la ejecución de perforaciones adicionales.,Si,CYS-CW276532-PHI-02191,No,16/octubre/2025,INT-OC-CYS-2244/25
13d57bf5,21/09/2025,CYS,Contrato CW 276532,Supervisión técnica,Descarga intermedia,Drenajes sobre la losa del piso,Si,CYS-CW276532-PHI-02192,No,29/septiembre/2025,INT-OC-CYS-2082/25
29103673,21/09/2025,CYS,Contrato CW 276532,Supervisión técnica,Consolidación y conglomeración macizo perturbado zona sur,Galería D Sur – Oficialización Instructivo de campo IC-056-2024.,Si,CYS-CW276532-PHI-02193,No,29/septiembre/2025,INT-OC-CYS-2081/25
9162cdbb,21/09/2025,CYS,Contrato CW 276532,Supervisión técnica,Consolidación y conglomeración macizo perturbado zona sur,Verificación de la inyección por la perforación P-EX-ZS-01 desde Galería de comunicaciones,Si,CYS-CW276532-PHI-02194,No,6/octubre/2025,INT-OC-CYS-2130/25
50410d3e,21/09/2025,CYS,Contrato CW 276532,Supervisión de seguridad y salud en el trabajo,Sin Frente,Condiciones subestándar de Seguridad vial.,Si,CYS-CW276532-PHI-02196,No,10/octubre/2025,INT-OC-CYS-2169/25
401a560b,21/09/2025,CYS,Contrato CW 276532,Supervisión técnica,Sin Frente,Entrega Ayuda de memoria reuniones de seguimiento - Pantalla Plástica.,No,,Si,21/septiembre/2025,INT-OC-CYS-2015/25
174e2e5e,21/09/2025,CYS,Contrato CW 276532,Supervisión de seguridad y salud en el trabajo,Almenaras y obras anexas,Solicitud investigación accidente laboral de Juan David Giraldo Echavarría,Si,CYS-CW276532-PHI-02198,No,13/octubre/2025,INT-OC-CYS-2196/25
4fbec7ff,21/09/2025,CYS,Contrato CW 276532,Supervisión de seguridad y salud en el trabajo,Sin Frente,Solicitud información sobre accidente laboral de Hernán Orlando Ríos Villegas CC.1042771044,Si,CYS-CW276532-PHI-02199,No,13/octubre/2025,INT-OC-CYS-2194/25
9eefa076,21/09/2025,CYS,Contrato CW 276532,Supervisión de seguridad y salud en el trabajo,Sin Frente,Solicitud investigación accidente laboral Oscar Elías Sierra Fuentes,Si,CYS-CW276532-PHI-02200,No,13/octubre/2025,INT-OC-CYS-2195/25
94ec3a62,21/09/2025,CYS,Contrato CW 276532,Supervisión de seguridad y salud en el trabajo,Sin Frente,Solicitud de remisión de la documentación correspondiente a las escaleras provisionales de Romerito,No,,No,22/septiembre/2025,INT-OC-CYS-2017/25
51925874,21/09/2025,CYS,Contrato CW 276532,Supervisión técnica,Sin Frente,Informe técnico mensual agosto de 2025.,Si,CYS-CW276532-PHI-02197,No,8/octubre/2025,INT-OC-CYS-2155/25
e1d95a76,21/09/2025,CYS,Contrato CW 276532,Supervisión técnica,Túneles de aspiración,Demolición de concreto de revestimiento sin implementación de soporte geotécnico,No,,No,22/septiembre/2025,INT-OC-CYS-2029/25
b8b38f6e,22/09/2025,CYS,Contrato CW 276532,Supervisión socioambiental,Sin Frente,Remisión de acta comité social específico No 21,No,,Si,22/septiembre/2025,INT-OC-CYS-2028/25
78ec6a5e,22/09/2025,CYS,Contrato CW 276532,Supervisión técnica,Galerías de acceso y construcción sistema de conducción,Recomendaciones para mitigar infiltraciones de agua en la galería C y el ramal de acceso superior a la conducción No.4,Si,D-PHI-COP-0581-2025,Si,24/septiembre/2025,INT-OC-CYS-2039/25
f67ccee5,22/09/2025,CYS,Contrato CW 276532,Supervisión socioambiental,Sin Frente,Atención al Requerimiento 64 del Acta de Oralidad 425 del 30 de julio de 2025 con la ANLA,Si,CYS-CW276532-PHI-02203,No,25/septiembre/2025,INT-OC-CYS-2054/25
2b50a2a3,22/09/2025,CYS,Contrato CW 276532,Supervisión de seguridad y salud en el trabajo,Sin Frente,Orden reiterada disponibilidad tripulación de ambulancias.,Si,CYS-CW276532-PHI-02204,No,28/septiembre/2025,INT-OC-CYS-2066/25
4fdde3a5,22/09/2025,CYS,Contrato CW 276532,Supervisión de seguridad y salud en el trabajo,Sin Frente,Observaciones condiciones de seguridad relacionadas con las mediciones de estrés térmico,Si,CYS-CW276532-PHI-02195,No,13/octubre/2025,INT-OC-CYS-2200/25
f325ae3f,22/09/2025,CYS,Contrato CW 276532,Supervisión de seguridad y salud en el trabajo,Sin Frente,Presentación hoja de vida personal SST.,Si,CYS-CW276532-PHI-02205,No,14/octubre/2025,INT-OC-CYS-2203/25
edeaa8cd,22/09/2025,CYS,Contrato CW 276532,Supervisión de control de laboratorio ensayos de calidad,Sin Frente,Ajuste asentamiento FL-343.,Si,CYS-CW276532-PHI-02206,No,23/septiembre/2025,INT-OC-CYS-2036/25
d23d1869,22/09/2025,CYS,Contrato CW 276532,Supervisión técnica,Casa de máquinas y obras anexas,Cerramiento provisional a la galería de comunicación y galería de interconexión - Complemento a la comunicación INT-OC-CYS-1730/25,No,,No,23/septiembre/2025,INT-OC-CYS-2033/25
2bb17e1e,23/09/2025,CYS,Contrato CW 276532,Supervisión de seguridad y salud en el trabajo,Sin Frente,Solicitud investigación accidente laboral Kevin Alejandro Zabala Piedrahita,No,,No,23/septiembre/2025,INT-OC-CYS-2034/25
9f943af5,23/09/2025,CYS,Contrato CW 276532,Supervisión técnica,Conducciones zona sur,Pozos de presión - Entrega de metodología de rehabilitación de los codos superiores de los pozos de presión,No,,No,23/septiembre/2025,INT-OC-CYS-2031/25
188ea0c9,23/09/2025,CYS,Contrato CW 276532,Supervisión técnica,Casa de máquinas y obras anexas,"Galería de interconexión de tuberías EL.188,50 - Cerramiento temporal",No,,No,,
6678169e,23/09/2025,CYS,Contrato CW 276532,Supervisión técnica,Casa de máquinas y obras anexas,Estado de inspección de los tensores localizados en los túneles de aspiración 5 y 6. Restitución del Tensor 20A.,Si,D-PHI-COP-0585-2025,Si,24/septiembre/2025,INT-OC-CYS-2038/25
19a418bf,23/09/2025,CYS,Contrato CW 276532,Supervisión de seguridad y salud en el trabajo,Almenaras y obras anexas,Hallazgos pendiente por cerrar inspección conjunta No. 69,No,,Si,25/septiembre/2025,INT-OC-CYS-2055/25
d3794a5f,23/09/2025,CYS,Contrato CW 276532,Supervisión de seguridad y salud en el trabajo,Sin Frente,Hallazgos pendiente por cerrar inspección conjunta No. 70,No,,Si,1/octubre/2025,INT-OC-CYS-2091/25
4eeb36e3,23/09/2025,CYS,Contrato CW 276532,Supervisión contractual,Sin Frente,Envío de acta de comité de programación No. 055,No,,Si,24/septiembre/2025,INT-OC-CYS-2037/25
ed8bc943,23/09/2025,CYS,Contrato CW 276532,Supervisión de seguridad y salud en el trabajo,Sin Frente,Solicitud investigación incidente alto potencial,No,,No,24/septiembre/2025,INT-OC-CYS-2043/25
5f5c5167,23/09/2025,CYS,Contrato CW 276532,Supervisión socioambiental,Estabilidad helipuerto villa luz,Complemento comunicación INT-OC-CYS-2030/25,No,,No,24/septiembre/2025,INT-OC-CYS-2042/25
a70cb397,24/09/2025,CYS,Contrato CW 276532,Supervisión técnica,Casa de máquinas y obras anexas,Galería de barras No.6. Solicitud de estaciones de convergencia prioritarias.,Si,NC-264-25,No,25/septiembre/2025,INT-OC-CYS-2056/25
b1ba79e4,24/09/2025,CYS,Contrato CW 276532,Supervisión técnica,Conducciones zona sur,Oficialización Instructivo IC-0178-2025: Condiciones del material de afectación - Inyecciones de consolidación.,Si,NC-266-25,No,1/octubre/2025,INT-OC-CYS-2093/25
e14141cb,24/09/2025,CYS,Contrato CW 276532,Supervisión técnica,Presa y obras anexas,Pantalla Cortaflujo - Entrega ayuda de memoria - Reunión de seguimiento,No,,Si,16/octubre/2025,INT-OC-CYS-2243/25
6b6c20a7,24/09/2025,CYS,Contrato CW 276532,Supervisión técnica,Sin Frente,Entrega acta de comité de obra No.086,No,,Si,25/septiembre/2025,INT-OC-CYS-2049/25
373a6d96,24/09/2025,CYS,Contrato CW 276532,Supervisión de seguridad y salud en el trabajo,Casa de máquinas y obras anexas,Reiteración incumplimientos en la implementación de controles de higiene industrial en frentes de trabajo subterráneos,Si,CYS-CW276532-PHI-02201,No,14/octubre/2025,INT-OC-CYS-2209/25
68cb69a8,25/09/2025,CYS,Contrato CW 276532,Supervisión contractual,Sin Frente,Envío de ayudas de memoria de las mesas de trabajo Nos. 025 y 026,No,,Si,25/septiembre/2025,INT-OC-CYS-2057/25
6a62b355,25/09/2025,CYS,Contrato CW 276532,Supervisión contractual,Sin Frente,Envío de acta del comité de programación No. 059,No,,Si,26/septiembre/2025,INT-OC-CYS-2059/25
60fb4e31,25/09/2025,CYS,Contrato CW 276532,Supervisión técnica,Casa de máquinas y obras anexas,"Acero de refuerzo de losa El. 193,00 empotrado en pedestal en ""L"" del tubo de aspiración.",Si,NC-267-25,No,29/octubre/2025,INT-OC-CYS-2352/25
83574d68,25/09/2025,CYS,Contrato CW 276532,Supervisión técnica,Casa de máquinas y obras anexas,Oficialización instructivo IC-180-2025 Redistribución de los marcos Metálicos Tramo 1 Aspiración 5.,Si,NC-268-25,No,28/septiembre/2025,INT-OC-CYS-2063/25
a9647093,25/09/2025,CYS,Contrato CW 276532,Supervisión de seguridad y salud en el trabajo,Casa de máquinas y obras anexas,Informe sistema de ventilación forzada,Si,CYS-CW276532-PHI-02202,No,18/octubre/2025,INT-OC-CYS-2267/25
1a0441f5,25/09/2025,CYS,Contrato CW 276532,Supervisión de seguridad y salud en el trabajo,Galerías de acceso y construcción sistema de conducción,Estacionamiento inadecuado de maquinaria y equipos,Si,CYS-CW276532-PHI-02207,No,14/octubre/2025,INT-OC-CYS-2210/25
ef5d240b,25/09/2025,CYS,Contrato CW 276532,Supervisión técnica,Sin Frente,Remisión acta de instalación de instrumentación geotécnica.,Si,CYS-CW276532-PHI-02209,No,16/octubre/2025,INT-OC-CYS-2250/25
411ba776,25/09/2025,CYS,Contrato CW 276532,Supervisión de control de laboratorio ensayos de calidad,Sin Frente,Resistencia a la compresión de concreto lanzado a edades extemporánea.,Si,CYS-CW276532-PHI-02210,No,,
3f5da039,25/09/2025,CYS,Contrato CW 276532,Supervisión socioambiental,Presa y obras anexas,Desviaciones manejo de Aguas Residuales no Domésticas (ARnD,Si,CYS-CW276532-PHI-02211,No,2/octubre/2025,INT-OC-CYS-2101/25
9c91a7f0,25/09/2025,CYS,Contrato CW 276532,Supervisión técnica,Almenaras y obras anexas,Soportes y encofrados – Planos de Taller.,Si,CYS-CW276532-PHI-02212,No,9/diciembre/2025,INT-OC-CYS-2703/25
212ac608,25/09/2025,CYS,Contrato CW 276532,Supervisión técnica,Casa de máquinas y obras anexas,Soportes y encofrados – Planos de Taller.,Si,CYS-CW276532-PHI-02213,No,16/diciembre/2025,INT-OC-CYS-2757/25
35dfec18,25/09/2025,CYS,Contrato CW 276532,Supervisión técnica,Almenaras y obras anexas,Procedimiento concretos pórtico de compuerta,Si,CYS-CW276532-PHI-02214,No,9/diciembre/2025,INT-OC-CYS-2706/25
83fc7ff3,25/09/2025,CYS,Contrato CW 276532,Supervisión técnica,Sin Frente,Entrega Ayuda de memoria- Reunion inicio - Pantalla Plástica.,No,,Si,25/septiembre/2025,INT-OC-CYS-2058/25
8196cf6e,25/09/2025,CYS,Contrato CW 276532,Supervisión de control de laboratorio ensayos de calidad,Casa de máquinas y obras anexas,"Mezcla de concreto a emplear para la construcción de la fundación de la columna en eje D y 22, perteneciente al pórtico de soporte de puente grúa en sala de montajes (hastial aguas abajo)",Si,NC-270-25,Si,29/septiembre/2025,INT-OC-CYS-2072/25
51250f41,25/09/2025,CYS,Contrato CW 276532,Supervisión técnica,Presa y obras anexas,Pantalla cortaflujo - Inactividad - Rendimientos,No,,No,28/septiembre/2025,INT-OC-CYS-2062/25
89eff9c6,26/09/2025,CYS,Contrato CW 276532,Supervisión de riesgos,Sin Frente,Informe mensual de la gestión de riesgos agosto 2025,Si,CYS-CW276532-PHI-02217,No,2/octubre/2025,INT-OC-CYS-2102/25
a2726c7e,26/09/2025,CYS,Contrato CW 276532,Supervisión de control de laboratorio ensayos de calidad,Sin Frente,Producción de concretos Estado plantas de concreto optimización condiciones mecánicas y de producción,Si,CYS-CW276532-PHI-02218,No,29/septiembre/2025,INT-OC-CYS-2069/25
1c69a831,26/09/2025,CYS,Contrato CW 276532,Supervisión técnica,Casa de máquinas y obras anexas,Pórtico de puente grúa Planos y cartillas de refuerzo,Si,CYS-CW276532-PHI-02219,No,,
3b58e1d5,26/09/2025,CYS,Contrato CW 276532,Supervisión técnica,Presa y obras anexas,Ayuda de memoria reuniones de seguimiento de la pantalla plástica,No,,Si,27/septiembre/2025,INT-OC-CYS-2061/25
7d54e12e,27/09/2025,CYS,Contrato CW 276532,Supervisión socioambiental,Instalaciones provisionales obras finales,Cierre de inspección conjunta GI-AM-11-25,No,,Si,28/septiembre/2025,INT-OC-CYS-2064/25
d5f69c2f,27/09/2025,CYS,Contrato CW 276532,Supervisión técnica,Conducciones zona sur,oficialización de los planos para la rehabilitación de los codos inferiores N° 5 a N° 8,Si,D-PHI-COP-0592-2025,No,1/octubre/2025,INT-OC-CYS-2092/25
fde51d10,27/09/2025,CYS,Contrato CW 276532,Supervisión técnica,Sin Frente,Limpieza y mantenimiento de vertederos de aforo GIYD margen derecha,Si,NC-271-25,Si,3/octubre/2025,INT-OC-CYS-2118/25
f05a9e0e,27/09/2025,CYS,Contrato CW 276532,Supervisión socioambiental,Sin Frente,Entrega del acta de comité socioambiental No. 40,No,,Si,28/septiembre/2025,INT-OC-CYS-2065/25
2bdeb846,27/09/2025,CYS,Contrato CW 276532,Supervisión socioambiental,Sin Frente,Respuesta seguimiento personal extranjero,Si,CYS-CW276532-PHI-02208,No,2/octubre/2025,INT-OC-CYS-2107/25
e83320a7,27/09/2025,CYS,Contrato CW 276532,Supervisión técnica,Conducciones zona sur,Altos consumos inyecciones desde galería D sur,Si,CYS-CW276532-PHI-02216,No,29/septiembre/2025,INT-OC-CYS-2076/25
9bbd8ab7,27/09/2025,CYS,Contrato CW 276532,Supervisión técnica,Almenaras y obras anexas,Columnas etapa 1 Plano de taller,Si,CYS-CW276532-PHI-02221,No,17/octubre/2025,INT-OC-CYS-2260/25
33cf8302,27/09/2025,CYS,Contrato CW 276532,Supervisión técnica,Casa de máquinas y obras anexas,Escaleras 3 y 4 Planos de taller y cartilla de refuerzo,Si,CYS-CW276532-PHI-02222,No,25/octubre/2025,INT-OC-CYS-2318/25
5580dbee,28/09/2025,CYS,Contrato CW 276532,Supervisión de seguridad y salud en el trabajo,Sin Frente,Reunión estratégica SST frente a desviaciones subestándar reiteradas e Intervención de accidentalidad,Si,CYS-CW276532-PHI-02220,Si,10/octubre/2025,INT-OC-CYS-2168/25
c53b4871,28/09/2025,CYS,Contrato CW 276532,Supervisión de seguridad y salud en el trabajo,Sin Frente,Solicitud investigación accidente laboral Jhon Jairo Alape Amaya CC.1.106.484.735,No,,No,28/septiembre/2025,INT-OC-CYS-2068/25
f5a76bce,28/09/2025,CYS,Contrato CW 276532,Supervisión de control de laboratorio ensayos de calidad,Casa de máquinas y obras anexas,Sugerencia de vaciado de concreto en la Oquedad 2 y el muro aguas abajo unidad 6,Si,CYS-CW276532-PHI-02223,No,30/septiembre/2025,INT-OC-CYS-2088/25
ff3b828b,28/09/2025,CYS,Contrato CW 276532,Supervisión técnica,Conducciones zona sur,Conducciones superiores 5 a 8,Si,CYS-CW276532-PHI-02224,No,,
d611a1cb,28/09/2025,CYS,Contrato CW 276532,Supervisión técnica,Caverna de transformadores y obras anexas,Rehabilitación de la galería intermedia del pozo de humos y el pozo inferior de humos provisión de obras adicionales y extras previstas en la AMB 9,Si,CYS-CW276532-PHI-02225,No,6/octubre/2025,INT-OC-CYS-2133/25
fcb2d5b6,28/09/2025,CYS,Contrato CW 276532,Supervisión técnica,Túneles de desviación,Rehabilitación de la Perforación P-EX-TV-CCGAD,Si,NC-275-25,Si,7/octubre/2025,INT-OC-CYS-2146/25
8315a5e4,28/09/2025,CYS,Contrato CW 276532,Supervisión técnica,Sin Frente,Formalización compromisos – Recorrido de obra – Mesa de constructibilidad 27 de septiembre de 2025.,No,,Si,29/septiembre/2025,INT-OC-CYS-2071/25
f56f808e,29/09/2025,CYS,Contrato CW 276532,Supervisión contractual,Sin Frente,Envío de ayuda de memoria de la mesa de trabajo de programación No. 028,No,,Si,30/septiembre/2025,INT-OC-CYS-2087/25
28e5bbf3,29/09/2025,CYS,Contrato CW 276532,Supervisión técnica,Presa y obras anexas,Solicitud perforación P-INY-PP-14,Si,CYS-CW276532-PHI-02226,No,10/octubre/2025,INT-OC-CYS-2176/25
eb6d3dab,29/09/2025,CYS,Contrato CW 276532,Supervisión socioambiental,Sin Frente,Observaciones plan ambiental especifico – Planta Trituradora,Si,CYS-CW276532-PHI-02227,No,2/octubre/2025,INT-OC-CYS-2106/25
86cc42f1,29/09/2025,CYS,Contrato CW 276532,Supervisión técnica,Conducciones zona sur,Solicitud aclaraciones y entrega de planos para construcción,Si,D-PHI-COP-0594-2025,No,,
31224bc9,30/09/2025,CYS,Contrato CW 276532,Supervisión de riesgos,Sin Frente,Entrega de acta de comité de riesgos No. 022,No,,Si,30/septiembre/2025,INT-OC-CYS-2089/25
8c67fe7e,30/09/2025,CYS,Contrato CW 276532,Supervisión de seguridad y salud en el trabajo,Sin Frente,Formalización compromisos del seguimiento semanal SST/HS en obra – 26 de septiembre de 2025,No,,Si,30/septiembre/2025,INT-OC-CYS-2090/25
347f1081,30/09/2025,CYS,Contrato CW 276532,Supervisión técnica,Obras en las descargas,Complemento al soporte existente de la galería de aireación de Almenara 2,Si,NC-277-25,No,,
34949a72,30/09/2025,CYS,Contrato CW 276532,Supervisión de seguridad y salud en el trabajo,Almenaras y obras anexas,Actos y condiciones subestándar durante actividades de mantenimiento de maquinaria.,Si,CYS-CW276532-PHI-02228,No,14/octubre/2025,INT-OC-CYS-2214/25
2b61bb36,30/09/2025,CYS,Contrato CW 276532,Supervisión técnica,Presa y obras anexas,Pérdidas de lodo bentonítico durante excavación del panel P3,No,,No,2/octubre/2025,INT-OC-CYS-2100/25
2f6f5104,30/09/2025,CYS,Contrato CW 276532,Supervisión de control de laboratorio ensayos de calidad,Sin Frente,Diseños de mezclas FL-365 f’c 28 MPa a 90 días.,Si,CYS-CW276532-PHI-02229,No,3/octubre/2025,INT-OC-CYS-2114/25
27c6d040,30/09/2025,CYS,Contrato CW 276532,Supervisión técnica,Casa de máquinas y obras anexas,Planos de Taller encofrados para columnas.,Si,CYS-CW276532-PHI-02230,No,24/noviembre/2025,INT-OC-CYS-2585/25
5ea6c6d5,30/09/2025,CYS,Contrato CW 276532,Supervisión de costos,Casa de máquinas y obras anexas,Demolición de concretos en túneles de aspiración N°5 y N°6. – Demolición de estructuras remanentes de fosos de drenaje e infiltración 3 y 4,Si,CYS-CW276532-PHI-02231,No,16/octubre/2025,INT-OC-CYS-2249/25
8704f075,01/10/2025,CYS,Contrato CW 276532,Supervisión técnica,Almenaras y obras anexas,Complemento de soporte existente en galería de aireación Almenara 2,No,,No,1/octubre/2025,INT-OC-CYS-2099/25
c7cd167e,01/10/2025,CYS,Contrato CW 276532,Supervisión técnica,Casa de máquinas y obras anexas,Instrumentación geotécnica. Celdas de carga. Indicación de tablero para automatización.,Si,NC-278-25,Si,17/octubre/2025,INT-OC-CYS-2259/25
a5b60a27,01/10/2025,CYS,Contrato CW 276532,Supervisión técnica,Presa y obras anexas,Observaciones al procedimiento inyecciones de consolidación en la pantalla corta-flujo,Si,CYS-CW276532-PHI-02232,No,10/noviembre/2025,INT-OC-CYS-2461/25
064d38c5,01/10/2025,CYS,Contrato CW 276532,Supervisión de seguridad y salud en el trabajo,Sin Frente,Hallazgos sin atención inspección conjunta No.68,Si,CYS-CW276532-PHI-02233,No,14/octubre/2025,INT-OC-CYS-2212/25
ddb358d3,01/10/2025,CYS,Contrato CW 276532,Supervisión técnica,Obras en las descargas,Intervención de Losa existente en tramo de la Descarga N°4,Si,NC-279-25,No,3/octubre/2025,INT-OC-CYS-2115/25
9f0c4fcd,01/10/2025,CYS,Contrato CW 276532,Supervisión técnica,Sin Frente,Instrumentación Geotécnica. Adecuación acceso punto de control superficial PCS-DEP-08A,Si,NC-273-25-,Si,10/octubre/2025,INT-OC-CYS-2179/25
cdae4176,01/10/2025,CYS,Contrato CW 276532,Supervisión técnica,Caverna de transformadores y obras anexas,"Cuneta en zona de taco de escaleras en la culata sur, muro aguas abajo. Nivel 227,80.",Si,NC-274-25,Si,9/octubre/2025,INT-OC-CYS-2157/25
78f4fe5f,01/10/2025,CYS,Contrato CW 276532,Supervisión técnica,Obras en las descargas,Extensión del soporte en la zona de intersección entre el túnel de descarga 4 y la galería 1,Si,NC-282-25,Si,3/octubre/2025,INT-OC-CYS-2122/25
e748ec4e,01/10/2025,CYS,Contrato CW 276532,Supervisión de control de laboratorio ensayos de calidad,Presa y obras anexas,Deficiencias sistema de agitación de lodo bentonitico.,Si,CYS-CW276532-PHI-02234,No,7/octubre/2025,INT-OC-CYS-2137/25
e9632218,01/10/2025,CYS,Contrato CW 276532,Supervisión técnica,Consolidación y conglomeración macizo perturbado zona sur,Proyección tercer estimativo en volúmenes de inyección macizo perturbado,Si,CYS-CW276532-PHI-02235,No,20/octubre/2025,INT-OC-CYS-2284/25
342f9cf1,01/10/2025,CYS,Contrato CW 276532,Supervisión técnica,Casa de máquinas y obras anexas,Localización y base de anclaje Mastrobomba.,Si,CYS-CW276532-PHI-02236,No,21/octubre/2025,INT-OC-CYS-2289/25
c16aa93d,01/10/2025,CYS,Contrato CW 276532,Supervisión técnica,Casa de máquinas y obras anexas,"Entrega de planos para construcción estructurales de la losa El. 217,45 - Zona sur de las unidades 5 y 6, pertenecientes a la serie D/DC-PHI-062-CCM-L5-S-###",Si,D-PHI-COP-0598-2025,Si,3/octubre/2025,INT-OC-CYS-2119/25
d95ee675,01/10/2025,CYS,Contrato CW 276532,Supervisión técnica,Túneles de aspiración,Estado de inspección de los tensores localizados en los túneles de aspiración 5 y 6. Restitución del Tensor 36A.,Si,D-PHI-COP-0599-2025,Si,2/octubre/2025,INT-OC-CYS-2105/25
dd96ce98,01/10/2025,CYS,Contrato CW 276532,Supervisión socioambiental,Sin Frente,Resultados monitoreo calidad del aire junio 2025,No,,Si,,
eda34be4,01/10/2025,CYS,Contrato CW 276532,Supervisión de seguridad física,Sin Frente,Entrega acta comités de seguridad física 019-020.,No,,Si,1/octubre/2025,INT-OC-CYS-2097/25
9983fbac,01/10/2025,CYS,Contrato CW 276532,Supervisión técnica,Sin Frente,Entrega acta de comite de obra No.087,No,,Si,1/octubre/2025,INT-OC-CYS-2096/25
8bb06f8e,01/10/2025,CYS,Contrato CW 276532,Supervisión técnica,Sin Frente,Estado de cumplimiento compromisos comités de obra Consorcio CYS – Septiembre de 2025.,No,,No,2/octubre/2025,INT-OC-CYS-2104/25
64a3c78a,02/10/2025,CYS,Contrato CW 276532,Supervisión socioambiental,Sin Frente,Seguimiento al cumplimiento de las obligaciones laborales por parte del proveedor LINEA VITAL.,No,,No,2/octubre/2025,INT-OC-CYS-2113/25
840e5b73,02/10/2025,CYS,Contrato CW 276532,Supervisión de gestión documental y calidad,Temas administrativos del contrato,Radicación acta de pago de agosto de 2025.,No,,No,2/octubre/2025,INT-OC-CYS-2103/25
8665b69c,02/10/2025,CYS,Contrato CW 276532,Supervisión de seguridad y salud en el trabajo,Casa de máquinas y obras anexas,Solicitud documentos plataformas de acceso al puente grúa de 25 toneladas y sistema de protección contra caídas,No,,No,2/octubre/2025,INT-OC-CYS-2109/25
c2b0ad4d,02/10/2025,CYS,Contrato CW 276532,Supervisión de seguridad y salud en el trabajo,Sin Frente,Hallazgos sin atención inspección conjunta No.71,No,,Si,2/octubre/2025,INT-OC-CYS-2110/25
67bb9df2,02/10/2025,CYS,Contrato CW 276532,Supervisión de seguridad y salud en el trabajo,Sin Frente,Orden reiterada disponibilidad y operación permanente de equipos medidores de gases,No,,No,3/octubre/2025,INT-OC-CYS-2120/25
46f49ae0,02/10/2025,CYS,Contrato CW 276532,Supervisión socioambiental,Presa y obras anexas,Suministro de agua en lavamanos frentes de obra.,No,,No,2/octubre/2025,INT-OC-CYS-2112/25
c49a6157,02/10/2025,CYS,Contrato CW 276532,Supervisión socioambiental,Instalaciones provisionales obras finales,ñññ,No,,No,,
87f5ada5,02/10/2025,CYS,Contrato CW 276532,Supervisión de seguridad y salud en el trabajo,Sin Frente,Orden reiterada solicitud informes de mediciones higiénicas realizadas durante el año 2025,No,,No,7/octubre/2025,INT-OC-CYS-2150/25
0497b883,02/10/2025,CYS,Contrato CW 276532,Supervisión técnica,Casa de máquinas y obras anexas,Falencia acero de refuerzo - Muro en L,No,,No,8/octubre/2025,INT-OC-CYS-2151/25
738f0301,02/10/2025,CYS,Contrato CW 276532,Supervisión técnica,Obras en las descargas,Losa de piso - Superficie de acabado deficiente.,No,,No,7/octubre/2025,INT-OC-CYS-2147/25
9a36d5df,02/10/2025,CYS,Contrato CW 276532,Supervisión técnica,Obras en las descargas,Instrumentación geotécnica. Solicitud de Extensómetro de Posición múltiple.,Si,NC-284-25,Si,3/octubre/2025,INT-OC-CYS-2121/25
c105dcb4,02/10/2025,CYS,Contrato CW 276532,Supervisión contractual,Sin Frente,"Solicitud de certificación de liberación del amparo de anticipo por amortización 100% a fin de gestionar ante la Aseguradora CONFIANZA, la expedición de endoso de la Póliza de Cumplimiento N°801023710.",Si,CYS-CW276532-PHI-02247,No,,
15d0901d,02/10/2025,CYS,Contrato CW 276532,Supervisión técnica,Conducciones zona sur,"Notificación de Recepción IC-184 y Estimación de Tiempo Adicional en Inyección de Lechada (Hastial Derecho, Ramal Superior 6).",Si,CYS-CW276532-PHI-02237,No,19/noviembre/2025,INT-OC-CYS-2544/25
8c6e9687,02/10/2025,CYS,Contrato CW 276532,Supervisión de control de laboratorio ensayos de calidad,Sin Frente,Registro de cargue planta Domat 30 m3/h.,Si,CYS-CW276532-PHI-02241,No,10/octubre/2025,INT-OC-CYS-2167/25
252e0e76,02/10/2025,CYS,Contrato CW 276532,Supervisión técnica,Sin Frente,Reprogramación Cronograma General del Proyecto,Si,CYS-CW276532-PHI-02243,No,23/octubre/2025,INT-OC-CYS-2307/25
d946ae49,02/10/2025,CYS,Contrato CW 276532,Supervisión técnica,Obras en las descargas,Galería de aireación del tanque del túnel de descarga No.4. Aclaración a la nota de campo NC-277-25,Si,NC-285-25,Si,4/octubre/2025,INT-OC-CYS-2125/25
015f3d06,03/10/2025,CYS,Contrato CW 276532,Supervisión de seguridad y salud en el trabajo,Sin Frente,Solicitud investigación accidente laboral Breiner Mauricio Tapia Peña CC.1.049.348.836,No,,No,4/octubre/2025,INT-OC-CYS-2124/25
46bd3d3c,03/10/2025,CYS,Contrato CW 276532,Supervisión de seguridad y salud en el trabajo,Sin Frente,Solicitud investigación accidente laboral Cristian Camilo Velázquez Posada CC.1.001.503.144,No,,No,4/octubre/2025,INT-OC-CYS-2123/25
4bad391d,03/10/2025,CYS,Contrato CW 276532,Supervisión de seguridad y salud en el trabajo,Sin Frente,Notificación de desviaciones subestándar en actividades de excavación y solicitud de acciones correctivas.,No,,No,5/octubre/2025,INT-OC-CYS-2127/25
a5655feb,03/10/2025,CYS,Contrato CW 276532,Supervisión técnica,Presa y obras anexas,Pantalla cortaflujo - Excavación panel P3-A - Inactividad por perdida de encía y diente de almeja,No,,No,7/octubre/2025,INT-OC-CYS-2145/25
9c6454dd,03/10/2025,CYS,Contrato CW 276532,Supervisión técnica,Casa de máquinas y obras anexas,Oficialización instructivos de campo 182 a 185.,Si,D-PHI-COP-0601-2025,Si,9/octubre/2025,INT-OC-CYS-2162/25
8641a85d,03/10/2025,CYS,Contrato CW 276532,Supervisión técnica,Casa de máquinas y obras anexas,"Refuerzo complementario en las caras verticales de los costados norte y sur de los muros en L para las unidades 5, 6, 7 y 8.",Si,NC-288-25,No,11/noviembre/2025,INT-OC-CYS-2474/25
2aa9b129,04/10/2025,CYS,Contrato CW 276532,Supervisión técnica,Sistema de caudal remanente (SQR),Fecha inicio obras del Sistema de Derivación del Caudal Remanente (SQ,Si,CYS-CW276532-PHI-02242,No,8/octubre/2025,INT-OC-CYS-2153/25
1a30d597,04/10/2025,CYS,Contrato CW 276532,Supervisión de control de laboratorio ensayos de calidad,Sin Frente,Diseños de mezclas FL- 379 f’c 28 MPa a 90 días.,Si,CYS-CW276532-PHI-02244,No,7/octubre/2025,INT-OC-CYS-2144/25
1292b56f,04/10/2025,CYS,Contrato CW 276532,Supervisión de seguridad física,Sin Frente,Informe de actividades de seguridad física septiembre de 2025.,Si,CYS-CW276532-PHI-02245,No,9/octubre/2025,INT-OC-CYS-2161/25
c85d1fac,04/10/2025,CYS,Contrato CW 276532,Supervisión de seguridad y salud en el trabajo,Sin Frente,Presentación hojas de vida del personal LINEA VITAL ambulancia medicalizada.,Si,CYS-CW276532-PHI-02246,No,,
dbb3b699,04/10/2025,CYS,Contrato CW 276532,Supervisión de seguridad y salud en el trabajo,Sin Frente,Presentación hojas de vida del personal LINEA VITAL ambulancia medicalizada.,Si,CYS-CW276532-PHI-02246,No,26/octubre/2025,INT-OC-CYS-2324/25
508ff4e3,04/10/2025,CYS,Contrato CW 276532,Supervisión de control de laboratorio ensayos de calidad,Sin Frente,Certificados de Materiales del 01 al 15 de septiembre de 2025.,Si,CYS-CW276532-PHI-02248,No,9/octubre/2025,INT-OC-CYS-2160/25
240e7b26,04/10/2025,CYS,Contrato CW 276532,Supervisión técnica,Sin Frente,Medidas de protección colectiva provisional - Entrega de diseño de barandas de seguridad,Si,CYS-CW276532-PHI-02249,No,1/noviembre/2025,INT-OC-CYS-2381/25
a47ea703,04/10/2025,CYS,Contrato CW 276532,Supervisión de costos,Conducciones zona sur,Conducciones superiores N.o 5 a N.°8 Provisión de obras adicionales y extras previstas en el AMB,Si,CYS-CW276532-PHI-02250,No,6/octubre/2025,INT-OC-CYS-2132/25
918faafe,04/10/2025,CYS,Contrato CW 276532,Supervisión de costos,Sin Frente,Provisión de obras adicionales y extras – AMB 9 – Balance,Si,CYS-CW276532-PHI-02253,No,10/octubre/2025,INT-OC-CYS-2166/25
678ef8b6,04/10/2025,CYS,Contrato CW 276532,Supervisión técnica,Sin Frente,Personal básico de dirección – Hoja de vida director técnico,Si,CYS-CW-276532-PHI-02240,No,10/octubre/2025,INT-OC-CYS-2171/25
8d9239fa,04/10/2025,CYS,Contrato CW 276532,Supervisión técnica,Sin Frente,Instrumentación – Remisión actas de instalación de instrumentación,Si,CYS-CW276532-PHI-02251,No,10/noviembre/2025,INT-OC-CYS-2459/25
cca67845,04/10/2025,CYS,Contrato CW 276532,Supervisión de seguridad y salud en el trabajo,Casa de máquinas y obras anexas,Solicitud investigación incidente alto potencial riesgo eléctrico.,No,,No,5/octubre/2025,INT-OC-CYS-2126/25
df5ce1c0,04/10/2025,CYS,Contrato CW 276532,Supervisión de seguridad y salud en el trabajo,Almenaras y obras anexas,Desviaciones subestándar identificadas durante actividades realizadas en la obra falsa.,No,,No,5/octubre/2025,INT-OC-CYS-2129/25
f6855a7c,05/10/2025,CYS,Contrato CW 276532,Supervisión técnica,Casa de máquinas y obras anexas,"Oficialización instructivos de campo 157, 165, 167 y 172 a 177.",Si,D-PHI-COP-0603-2025,Si,16/octubre/2025,INT-OC-CYS-2254/25
15fd5b5b,05/10/2025,CYS,Contrato CW 276532,Supervisión técnica,Casa de máquinas y obras anexas,Observaciones a plano D-PHI-060-GRL-EM-M-045.,Si,D-PHI-COP-0605-2025,Si,9/octubre/2025,INT-OC-CYS-2165/25
ca536507,05/10/2025,CYS,Contrato CW 276532,Supervisión técnica,Almenaras y obras anexas,"Desencofrado de vigas EL.220,00",No,,No,,
9e4159ca,06/10/2025,CYS,Contrato CW 276532,Supervisión técnica,Casa de máquinas y obras anexas,Hastial Aguas Arriba – Falla de los Tensores 74C y 131C.,Si,D-PHI-COP-0606-2025,Si,7/octubre/2025,INT-OC-CYS-2142/25
aa236d4a,06/10/2025,CYS,Contrato CW 276532,Supervisión técnica,Conducciones zona sur,Recuperación Pozo de presión de la conducción No.6,Si,D-PHI-COP-0607-2025,No,7/octubre/2025,INT-OC-CYS-2143/25
e44061fe,06/10/2025,CYS,Contrato CW 276532,Supervisión técnica,Túneles de aspiración,Instrumentación túneles de aspiración 5 y 6.,Si,NC-290-25,Si,7/octubre/2025,INT-OC-CYS-2141/25
8252a074,06/10/2025,CYS,Contrato CW 276532,Supervisión técnica,Sin Frente,Atención de comentarios a procedimientos constructivos,No,,No,,
fe6a620e,06/10/2025,CYS,Contrato CW 276532,Supervisión de seguridad y salud en el trabajo,Sin Frente,Formalización compromisos del seguimiento semanal SST/HS en obra – 3 de octubre de 2025.,No,,Si,7/octubre/2025,INT-OC-CYS-2140/25
3ea17ed4,06/10/2025,CYS,Contrato CW 276532,Supervisión de control de laboratorio ensayos de calidad,Presa y obras anexas,Pérdidas de lodo bentonítico durante excavación del panel P3 – Pantalla Cortaflujo,Si,CYS-CW276532-PHI-02252,No,,
58286048,06/10/2025,CYS,Contrato CW 276532,Supervisión técnica,Casa de máquinas y obras anexas,Masivos de cámara espiral – Solicitud de planos y modelos digitales tridimensionales.,Si,CYS-CW276532-PHI-02256,No,12/diciembre/2025,INT-OC-CYS-2723/25
b93e8b6e,06/10/2025,CYS,Contrato CW 276532,Supervisión de seguridad física,Sin Frente,Observaciones informe de actividades de seguridad física julio de 2025,Si,CYS-CW276532-PHI-02257,No,10/octubre/2025,INT-OC-CYS-2170/25
a015bdb2,06/10/2025,CYS,Contrato CW 276532,Supervisión de control de laboratorio ensayos de calidad,Sin Frente,Inconvenientes en la producción de lechada para anclaje LE-108 debido a diferencias en porcentajes de aditivo,Si,CYS-CW276532-PHI-02258,No,12/octubre/2025,INT-OC-CYS-2186/25
b8a4eee4,06/10/2025,CYS,Contrato CW 276532,Supervisión de seguridad y salud en el trabajo,Conducciones zona sur,Condiciones subestandar durante intervención a la rima de equipo Raise Boring,No,,No,9/octubre/2025,INT-OC-CYS-2159/25
83d06c56,06/10/2025,CYS,Contrato CW 276532,Supervisión técnica,Almenaras y obras anexas,Columnas etapa 1 y 2 – Cartillas de despiece de acero de refuerzo.,Si,CYS-CW276532-PHI-02259,No,23/noviembre/2025,INT-OC-CYS-2582/25
5c6aab73,06/10/2025,CYS,Contrato CW 276532,Supervisión de seguridad y salud en el trabajo,Sin Frente,Orden reiterada de disponibilidad tripulación de ambulancias,No,,No,8/octubre/2025,INT-OC-CYS-2156/25
2920e7ae,07/10/2025,CYS,Contrato CW 276532,Supervisión técnica,Presa y obras anexas,Pérdidas de lodo bentonítico durante excavación del panel P3 – Pantalla Cortaflujo,Si,CYS-CW276532-PHI-02252,No,12/octubre/2025,INT-OC-CYS-2191/25
a9a31f59,07/10/2025,CYS,Contrato CW 276532,Supervisión técnica,Presa y obras anexas,Unificación del perfil geológico del medidor de infiltraciones,Si,D-PHI-COP-0611-2025,No,10/octubre/2025,INT-OC-CYS-2172/25
feebc6bc,07/10/2025,CYS,Contrato CW 276532,Supervisión técnica,Presa y obras anexas,Pantalla cortaflujo - Unificación y actualización del perfil geológico.,Si,CYS-CW276532-PHI-02255,No,,
55d741b4,07/10/2025,CYS,Contrato CW 276532,Supervisión técnica,Túneles de aspiración,Pantalla cortaflujo - Unificación y actualización del perfil geológico.,Si,CYS-CW276532-PHI-02260,No,5/diciembre/2025,INT-OC-CYS-2672/25
f8e36fe3,07/10/2025,CYS,Contrato CW 276532,Supervisión técnica,Casa de máquinas y obras anexas,Acta de Entrega de Bienes 00-59-001.,No,,Si,9/octubre/2025,INT-OC-CYS-2158/25
135ccc41,08/10/2025,CYS,Contrato CW 276532,Supervisión contractual,Sin Frente,Envío de ayuda de memoria de la mesa de trabajo de programación No. 027,No,,Si,8/octubre/2025,INT-OC-CYS-2152/25
bcd2d246,08/10/2025,CYS,Contrato CW 276532,Supervisión de gestión documental y calidad,Sin Frente,Certificación de los equipos utilizados en las mediciones topográficas,No,,No,8/octubre/2025,INT-OC-CYS-2154/25
00b23783,08/10/2025,CYS,Contrato CW 276532,Supervisión técnica,Casa de máquinas y obras anexas,"Aclaración respecto a acero de refuerzo en la losa El. 193,00.",Si,D-PHI-COP-0602-2025,No,,
a2d67131,08/10/2025,CYS,Contrato CW 276532,Supervisión técnica,Casa de máquinas y obras anexas,Cerramiento en malla eslabonada entre la subestación y el tanque del sistema contra incendio.,Si,D-PHI-COP-0612-2025,No,20/octubre/2025,INT-OC-CYS-2280/25
9a112501,08/10/2025,CYS,Contrato CW 276532,Supervisión técnica,Sin Frente,Informe técnico mensual septiembre de 2025.,Si,CYS-CW276532-PHI-02254,No,,
05a2744a,08/10/2025,CYS,Contrato CW 276532,Supervisión técnica,Túneles de aspiración,Sostenimiento oquedad 2 – Secuencia de demolición de concreto de revestimiento e instalación de soporte.,Si,CYS-CW276532-PHI-02262,No,,
cad8b08e,08/10/2025,CYS,Contrato CW 276532,Supervisión técnica,Casa de máquinas y obras anexas,Primer vaciado de oquedad en el hastial aguas abajo.,Si,CYS-CW276532-PHI-02262,No,31/octubre/2025,INT-OC-CYS-2375/25
a8b454e8,08/10/2025,CYS,Contrato CW 276532,Supervisión técnica,Sin Frente,Informe técnico mensual septiembre de 2025.,Si,CYS-CW276532-PHI-02254,No,14/octubre/2025,INT-OC-CYS-2208/25
18b26740,08/10/2025,CYS,Contrato CW 276532,Supervisión técnica,Túneles de aspiración,Sostenimiento oquedad 2 – Secuencia de demolición de concreto de revestimiento e instalación de soporte.,Si,CYS-CW276532-PHI-02261,No,16/octubre/2025,INT-OC-CYS-2230/25
9f3afd65,08/10/2025,CYS,Contrato CW 276532,Supervisión técnica,Conducciones zona sur,Conducción Superior 6 – Galería de Infiltración y Drenaje 320 – Fallo Sistema Bombeo,Si,CYS-CW276532-PHI-02263,No,16/octubre/2025,INT-OC-CYS-2229/25
74c0817b,08/10/2025,CYS,Contrato CW 276532,Supervisión socioambiental,Instalaciones provisionales obras finales,Cierre de inspección conjunta GI-AM-10-25,Si,CYS-CW276532-PHI-02264,No,20/octubre/2025,INT-OC-CYS-2287/25
a9c63ef3,08/10/2025,CYS,Contrato CW 276532,Supervisión de seguridad física,Sin Frente,Reporte de incidente de seguridad,Si,CYS-CW276532-PHI-02265,No,16/octubre/2025,INT-OC-CYS-2231/25
d837a32b,08/10/2025,CYS,Contrato CW 276532,Supervisión de seguridad física,Sin Frente,Condiciones actuales del proyecto – Afectaciones de seguridad y orden público,Si,CYS-CW276532-PHI-02266,No,16/octubre/2025,INT-OC-CYS-2251/25
71d7241a,08/10/2025,CYS,Contrato CW 276532,Supervisión de control de laboratorio ensayos de calidad,Sin Frente,Plantas de producción de concreto - Informe estado actual,Si,CYS-CW276532-PHI-02267,No,12/octubre/2025,INT-OC-CYS-2188/25
b72a0128,08/10/2025,CYS,Contrato CW 276532,Supervisión de seguridad física,Sin Frente,Atención observaciones documentos Seguridad física Compromisos del comité No. 13 de seguridad física,Si,CYS-CW276532-PHI-02268,No,16/octubre/2025,INT-OC-CYS-2253/25
df2d1bd4,08/10/2025,CYS,Contrato CW 276532,Supervisión técnica,Sin Frente,Informe de eventos de fragmentación y curva de atenuación eventos de prueba.,Si,CYS-CW276532-PHI-02269,No,21/octubre/2025,INT-OC-CYS-2297/25
60e260d4,08/10/2025,CYS,Contrato CW 276532,Supervisión socioambiental,Sin Frente,Aclaración a solicitud de información relacionada con el cumplimiento de las obligaciones laborales por parte del proveedor LÍNEA VITAL,Si,CYS-CW276532-PHI-02270,No,15/octubre/2025,INT-OC-CYS-2224/25
f059fdb9,08/10/2025,CYS,Contrato CW 276532,Supervisión socioambiental,Sin Frente,Atención reporte de colisión de la tractomula PMV 189 con la talanquera ubicada en el puesto de control de acceso principal y de las descargas.,No,,Si,9/octubre/2025,INT-OC-CYS-2164/25
e1471066,08/10/2025,CYS,Contrato CW 276532,Supervisión de control de laboratorio ensayos de calidad,Sin Frente,Alternativa aditivo acelerante para concretos lanzados,Si,CYS-CW276532-PHI-02271,No,13/octubre/2025,INT-OC-CYS-2201/25
b3db4189,08/10/2025,CYS,Contrato CW 276532,Supervisión de control de laboratorio ensayos de calidad,Sin Frente,Mantenimientos preventivos plantas DOMAT.,Si,CYS-CW276532-PHI-02272,No,13/octubre/2025,INT-OC-CYS-2199/25
b5f519b3,08/10/2025,CYS,Contrato CW 276532,Supervisión de control de laboratorio ensayos de calidad,Sin Frente,Plan de calibración y verificación planta Janeoo,Si,CYS-CW276532-PHI-02273,No,18/octubre/2025,INT-OC-CYS-2272/25
44d0cac2,08/10/2025,CYS,Contrato CW 276532,Supervisión de control de laboratorio ensayos de calidad,Sin Frente,Certificados de materiales del 16 al 31 de agosto de 2025,Si,CYS-CW276532-PHI-02274,No,12/octubre/2025,INT-OC-CYS-2187/25
450237ae,08/10/2025,CYS,Contrato CW 276532,Supervisión de control de laboratorio ensayos de calidad,Sin Frente,Diseños de mezclas FL- 360 f’c de 28 MPa.,Si,CYS-CW276532-PHI-02275,No,15/octubre/2025,INT-OC-CYS-2218/25
2e9875fa,08/10/2025,CYS,Contrato CW 276532,Supervisión de control de laboratorio ensayos de calidad,Sin Frente,Plan metrológico y certificados de calibración de los equipos de obras,Si,CYS-CW276532-PHI-02276,No,15/octubre/2025,INT-OC-CYS-2219/25
b9af5c68,08/10/2025,CYS,Contrato CW 276532,Supervisión técnica,Caverna de transformadores y obras anexas,Excavación y rehabilitación de la intersección entre el pozo superior de evacuación de humos y la Galería de conexión entre Galería F y Galería Intermedia – Entrega de actualización de plano para construcción,Si,CYS-CW276532-PHI-02277,No,16/octubre/2025,INT-OC-CYS-2228/25
77aecc51,09/10/2025,CYS,Contrato CW 276532,Supervisión socioambiental,Sin Frente,Informe socioambiental correspondiente al mes de septiembre de 2025.,Si,CYS-CW276532-PHI-02278,No,22/octubre/2025,INT-OC-CYS-2302/25
cb5358b4,09/10/2025,CYS,Contrato CW 276532,Supervisión contractual,Sin Frente,"Envío de actas de comités de programación CYS No. 056, 057 y 058.",No,,Si,9/octubre/2025,INT-OC-CYS-2163/25
a78c5a7f,09/10/2025,CYS,Contrato CW 276532,Supervisión técnica,Almenaras y obras anexas,Viga de cimentación pórtico de compuertas entre ejes F y E – Aceros de refuerzo del concreto secundario doblados.,No,,No,23/noviembre/2025,INT-OC-CYS-2572/25
89df26c1,09/10/2025,CYS,Contrato CW 276532,Supervisión técnica,Puentes grúa,Envío Acta de Verificación de Equipos Electromecánicos y Entrega para Montajes No. 00-59-001,No,,Si,10/octubre/2025,INT-OC-CYS-2173/25
633c1200,09/10/2025,CYS,Contrato CW 276532,Supervisión técnica,Conducciones zona sur,Disposición barras BAL 10 en codos superiores para soporte vigas,Si,NC-293-25,No,10/octubre/2025,INT-OC-CYS-2175/25
9eab2e57,09/10/2025,CYS,Contrato CW 276532,Supervisión de costos,Sin Frente,Certificación de la amortización total del anticipo,Si,CYS-CW276532-PHI-02247,No,10/octubre/2025,INT-OC-CYS-2174/25
d67f636e,09/10/2025,CYS,Contrato CW 276532,Supervisión socioambiental,Sin Frente,Atención observaciones informe mensual socioambiental julio 2025,Si,CYS-CW276532-PHI-02279,No,16/octubre/2025,INT-OC-CYS-2248/25
b99dfb89,09/10/2025,CYS,Contrato CW 276532,Supervisión contractual,Sin Frente,Seguimiento al programa de trabajo.,Si,CYS-CW276532-PHI-02280,No,24/octubre/2025,INT-OC-CYS-2311/25
ff7e0196,09/10/2025,CYS,Contrato CW 276532,Supervisión técnica,Casa de máquinas y obras anexas,Actividades remanentes de colocación de soporte,Si,CYS-CW276532-PHI-02281,No,24/octubre/2025,INT-OC-CYS-2310/25
7aa3d2ac,09/10/2025,CYS,Contrato CW 276532,Supervisión técnica,Sin Frente,Afectación inicio muro aguas abajo – Unidad No 6.,Si,CYS-CW276532-PHI-02282,No,16/diciembre/2025,INT-OC-CYS-2759/25
0e101acc,09/10/2025,CYS,Contrato CW 276532,Supervisión técnica,Presa y obras anexas,Pantalla corta flujo panel de prueba procedimiento constructivo,Si,CYS-CW276532-PHI-02283,No,25/noviembre/2025,INT-OC-CYS-2601/25
3320e75d,09/10/2025,CYS,Contrato CW 276532,Supervisión técnica,Sin Frente,Solicitud de planos de construcción actualizados concreto masivo del tubo aspiración 5 y 6,Si,CYS-CW276532-PHI-02284,Si,15/octubre/2025,INT-OC-CYS-2220/25
be923743,09/10/2025,CYS,Contrato CW 276532,Supervisión técnica,Casa de máquinas y obras anexas,"Instrucción extemporánea de tratamiento geotécnico tiempos perdidos en espera de instrucción, ante las propuestas de perforación de tensores",Si,CYS-CW276532-PHI-02285,No,16/diciembre/2025,INT-OC-CYS-2770/25
487a6796,09/10/2025,CYS,Contrato CW 276532,Supervisión técnica,Presa y obras anexas,Panel de prueba consideraciones para tener en cuenta para la ejecución de la actividad,Si,CYS-CW276532-PHI-02286,No,19/noviembre/2025,INT-OC-CYS-2543/25
cc1c8a76,09/10/2025,CYS,Contrato CW 276532,Supervisión técnica,Casa de máquinas y obras anexas,Afectación de alineamiento en platinas de anclajes columna eje B,Si,CYS-CW276532-PHI-02287,No,6/febrero/2026,INT-OC-CYS-286/26
92e9aa9a,10/10/2025,CYS,Contrato CW 276532,Supervisión de costos,Presa y obras anexas,Uso de trépano y de acoples mecánicos,No,,No,11/octubre/2025,INT-OC-CYS-2183/25
e7398879,11/10/2025,CYS,Contrato CW 276532,Supervisión de seguridad y salud en el trabajo,Sin Frente,Hallazgos pendiente por cerrar inspección conjunta No. 72.,No,,Si,12/octubre/2025,INT-OC-CYS-2190/25
3783f6eb,11/10/2025,CYS,Contrato CW 276532,Supervisión de seguridad y salud en el trabajo,Almenaras y obras anexas,Hallazgos pendiente por cerrar inspección conjunta No. 73.,No,,Si,12/octubre/2025,INT-OC-CYS-2189/25
87f29d70,11/10/2025,CYS,Contrato CW 276532,Supervisión de seguridad física,Sin Frente,Respuesta numeral tres temario 20 comité de seguridad física envío actualizaciones documentos operativos,Si,CYS-CW276532-PHI-02288,No,21/octubre/2025,INT-OC-CYS-2294/25
2a5ffc10,11/10/2025,CYS,Contrato CW 276532,Supervisión técnica,Descarga intermedia,Concreto etapa 5 by-pass,Si,CYS-CW276532-PHI-02289,No,17/octubre/2025,INT-OC-CYS-2258/25
57c9d925,11/10/2025,CYS,Contrato CW 276532,Supervisión técnica,Casa de máquinas y obras anexas,Losa 199 unidades 6 y 7 planos y cartillas de refuerzo,Si,CYS-CW276532-PHI-02290,No,24/noviembre/2025,INT-OC-CYS-2583/25
c0dbb002,11/10/2025,CYS,Contrato CW 276532,Supervisión técnica,Presa y obras anexas,Pantalla cortaflujo Excavación calculo de energía de impacto del trepano de 4.0 t para fragmentación de material,Si,CYS-CW276532-PHI-02291,No,19/octubre/2025,INT-OC-CYS-2273/25
82e5779a,11/10/2025,CYS,Contrato CW 276532,Supervisión técnica,Presa y obras anexas,Pantalla cortaflujo excavación panel P3-A suspensión de actividades por perdida de encía y diente de almeja,Si,CYS-CW276532-PHI-02292,No,20/octubre/2025,INT-OC-CYS-2285/25
87ee96bf,11/10/2025,CYS,Contrato CW 276532,Supervisión técnica,Casa de máquinas y obras anexas,Pórticos de puente grúa planos y cartillas de refuerzo,Si,CYS-CW276532-PHI-02293,No,30/octubre/2025,INT-OC-CYS-2364/25
fc6895db,11/10/2025,CYS,Contrato CW 276532,Supervisión de seguridad y salud en el trabajo,Sin Frente,Orden reiterada disponibilidad y operación permanente de equipos medidores de gases,Si,CYS-CW276532-PHI-02294,No,29/octubre/2025,INT-OC-CYS-2356/25
347a395c,11/10/2025,CYS,Contrato CW 276532,Supervisión técnica,Vertedero y obras anexas,Pantalla cortaflujo Solicitud parámetros cuantitativos,Si,D-PHI-COP-0614-2025,No,15/octubre/2025,INT-OC-CYS-2226/25
e8efac49,11/10/2025,CYS,Contrato CW 276532,Supervisión técnica,Casa de máquinas y obras anexas,Concreto para restitución oquedad 2 y muro aguas abajo unidad 6,Si,D-PHI-COP-0615-2025,No,14/octubre/2025,INT-OC-CYS-2205/25
86999cb6,11/10/2025,CYS,Contrato CW 276532,Supervisión técnica,Conducciones zona sur,Mezcla empotramiento blindaje pozos de presión,Si,D-PHI-COP-0616-2025,No,28/octubre/2025,INT-OC-CYS-2338/25
fc1d4964,11/10/2025,CYS,Contrato CW 276532,Supervisión técnica,Túneles de aspiración,Estado de inspección de los tensores localizados en los túneles de aspiración 5 y 6 restitución del tensor 11A,Si,D-PHI-COP-0617-2025,Si,13/octubre/2025,INT-OC-CYS-2193/25
e1ff04e9,11/10/2025,CYS,Contrato CW 276532,Supervisión técnica,Obras en las descargas,"Tratamiento rehabilitación hastial aguas abajo unidades 7 y 8 niveles 193-183,50",Si,NC-294-25,Si,13/octubre/2025,INT-OC-CYS-2192/25
cc380fb1,11/10/2025,CYS,Contrato CW 276532,Supervisión técnica,Conducciones zona sur,Medición del nivel de agua perforaciones,Si,NC-295-25,No,29/octubre/2025,INT-OC-CYS-2348/25
df9cd640,12/10/2025,CYS,Contrato CW 276532,Supervisión de seguridad y salud en el trabajo,Almenaras y obras anexas,Desviaciones subestándar identificadas durante actividades realizadas en la obra falsa,Si,CYS-CW276532-PHI-02295,No,20/octubre/2025,INT-OC-CYS-2283/25
b882898b,12/10/2025,CYS,Contrato CW 276532,Supervisión de seguridad y salud en el trabajo,Sin Frente,Orden reiterada solicitud informes de mediciones higiénicas realizadas durante el año 2025,Si,CYS-CW276532-PHI-02296,No,7/noviembre/2025,INT-OC-CYS-2428/25
00757df4,12/10/2025,CYS,Contrato CW 276532,Supervisión de seguridad y salud en el trabajo,Casa de máquinas y obras anexas,Observaciones implementación de estándares de seguridad vial,Si,CYS-CW276532-PHI-02297,No,30/octubre/2025,INT-OC-CYS-2363/25
0a0728db,12/10/2025,CYS,Contrato CW 276532,Supervisión técnica,Casa de máquinas y obras anexas,Unidades 5 a 8 Muro en L,Si,CYS-CW276532-PHI-02298,No,16/octubre/2025,INT-OC-CYS-2242/25
5ecdf512,12/10/2025,CYS,Contrato CW 276532,Supervisión socioambiental,Sin Frente,Observaciones Informe Mensual Socioambiental Agosto de 2025,Si,CYS-CW276532-PHI-02299,No,23/octubre/2025,INT-OC-CYS-2306/25
c13ee5ed,12/10/2025,CYS,Contrato CW 276532,Supervisión de seguridad y salud en el trabajo,Sin Frente,Inspección anual e instalación de líneas de vida vertical fija en silos,Si,CYS-CW276532-PHI-02300-,No,30/octubre/2025,INT-OC-CYS-2367/25
ad2e6771,12/10/2025,CYS,Contrato CW 276532,Supervisión de seguridad y salud en el trabajo,Sin Frente,Notificación de desviaciones subestándar en actividades de excavación y solicitud de acciones correctivas,Si,CYS-CW276532-PHI-02302,No,20/octubre/2025,INT-OC-CYS-2282/25
a28b45ed,12/10/2025,CYS,Contrato CW 276532,Supervisión técnica,Galerías y pozos de compuertas,Excavación parte alta cota 540 Verificación de frente  y lineamientos de recuperación zona,Si,NC-296-25,No,,
09db6db3,12/10/2025,CYS,Contrato CW 276532,Supervisión técnica,Galerías y pozos de compuertas,Excavación parte alta cota 540 - Verificación de frente y lineamientos de recuperación zona,No,,Si,13/octubre/2025,INT-OC-CYS-2202/25
972509f0,12/10/2025,CYS,Contrato CW 276532,Supervisión de seguridad y salud en el trabajo,Sin Frente,Solicitud investigación accidente laboral Juan José Muñoz Pérez 1.001.773.895,No,,No,13/octubre/2025,INT-OC-CYS-2197/25
f841e7c2,12/10/2025,CYS,Contrato CW 276532,Supervisión socioambiental,Sin Frente,Resultados monitoreo de los vertimientos de las Aguas Residuales no Domésticas (ARnD) de julio y agosto de 2025,No,,Si,14/octubre/2025,INT-OC-CYS-2207/25
90bf4928,12/10/2025,CYS,Contrato CW 276532,Supervisión de seguridad y salud en el trabajo,Sin Frente,Solicitud investigación accidente laboral Uber Arley Castrillón George CC.1.037.776.050,No,,No,13/octubre/2025,INT-OC-CYS-2198/25
c19d8d63,12/10/2025,CYS,Contrato CW 276532,Supervisión técnica,Obras en las descargas,Tunel de descarga 4 instrumentación geotécnica tanque transición de flujo a presión a flujo lleno Plano para construcción,Si,D-PHI-COP-0620-2025,No,14/octubre/2025,INT-OC-CYS-2204/25
6e253e89,12/10/2025,CYS,Contrato CW 276532,Supervisión técnica,Obras en las descargas,Túneles de aspiración refuerzo en inmediación del tensor 11A,Si,NC-297-25,No,,
52d4a84d,13/10/2025,CYS,Contrato CW 276532,Supervisión de control de laboratorio ensayos de calidad,Sin Frente,Diseños de mezclas FL-361 f c de 35 MPa,Si,CYS-CW276532-PHI-02306,No,18/octubre/2025,INT-OC-CYS-2270/25
ecc3322a,13/10/2025,CYS,Contrato CW 276532,Supervisión técnica,Casa de máquinas y obras anexas,Entrega de plano de acero de refuerzo del tramo 1de los túneles de aspiración 5 y 6,Si,D-PHI-COP-0621-2025,No,,
760bf12d,13/10/2025,CYS,Contrato CW 276532,Supervisión técnica,Conducciones zona sur,Inyecciones de consolidación secuencias ramales superiores 5 y 6,Si,NC-300-25,Si,15/octubre/2025,INT-OC-CYS-2225/25
1c05b8a0,13/10/2025,CYS,Contrato CW 276532,Supervisión técnica,Casa de máquinas y obras anexas,Tratamiento de rehabilitación muro aguas abajo galería de drenaje y túnel de Aspiración 5 y 6.,No,,Si,,
28c57501,13/10/2025,CYS,Contrato CW 276532,Supervisión técnica,Casa de máquinas y obras anexas,Tratamiento de rehabilitación galería de drenaje y túnel de aspiración 5 y 6,No,,Si,15/octubre/2025,INT-OC-CYS-2217/25
52bb8261,13/10/2025,CYS,Contrato CW 276532,Supervisión de seguridad y salud en el trabajo,Sin Frente,Solicitud información investigación accidente laboral de Walter Yesid Holguín CC 1146441450,Si,CYS-CW276532-PHI-02303,No,7/noviembre/2025,INT-OC-CYS-2423/25
79b9e419,13/10/2025,CYS,Contrato CW 276532,Supervisión de costos,Sin Frente,Consolidación y conglomeración macizo perturbado zona sur – Avance general inyecciones de aglutinamiento.,Si,CYS-CW276532-PHI-02167,No,14/octubre/2025,INT-OC-CYS-2206/25
a651ebc5,13/10/2025,CYS,Contrato CW 276532,Supervisión de seguridad y salud en el trabajo,Sin Frente,Solicitud información investigación accidente laboral de León Julio Barbosa Agudelo CC 92518995,Si,CYS-CW276532-PHI-02304,No,,
ebce3513,13/10/2025,CYS,Contrato CW 276532,Supervisión de seguridad y salud en el trabajo,Sin Frente,Solicitud información investigación accidente laboral de León Julio Barboza Agudelo CC. 92518995,Si,CYS-CW276532-PHI-02304,No,7/noviembre/2025,INT-OC-CYS-2426/25
041fecf2,13/10/2025,CYS,Contrato CW 276532,Supervisión técnica,Presa y obras anexas,Ayuda de memoria reunión 9 de octubre de 2025- Pantalla cortaflujo.,No,,Si,15/octubre/2025,INT-OC-CYS-2215/25
c04c2fcb,13/10/2025,CYS,Contrato CW 276532,Supervisión de seguridad y salud en el trabajo,Descarga intermedia,Solicitud investigación incidente - choque de vehiculos,No,,No,14/octubre/2025,INT-OC-CYS-2213/25
27f795fb,14/10/2025,CYS,Contrato CW 276532,Supervisión de seguridad y salud en el trabajo,Casa de máquinas y obras anexas,Solicitud investigación accidente laboral Wilson Antonio Mejía Velásquez CC.1.063.278.890,No,,No,14/octubre/2025,INT-OC-CYS-2211/25
7224b69f,14/10/2025,CYS,Contrato CW 276532,Supervisión técnica,Zonas de deposito obras finales,Depósito Ticuitá 2 - Disponibilidad bulldozer utilizado para la conformación del depósito,No,,No,15/octubre/2025,INT-OC-CYS-2216/25
75262d0c,14/10/2025,CYS,Contrato CW 276532,Supervisión de control de laboratorio ensayos de calidad,Sin Frente,Alternativa diseño de mezcla lodo de bentónico para pantalla corta flujo aguas abajo de la presa.,Si,CYS-CW276532-PHI-02307,No,17/octubre/2025,INT-OC-CYS-2266/25
942f68af,14/10/2025,CYS,Contrato CW 276532,Supervisión de control de laboratorio ensayos de calidad,Sin Frente,Propuesta de homologación de la resistencia a la compresión y aprobación del diseño autonivelante FL 436,Si,CYS-CW276532-PHI-02308,No,18/octubre/2025,INT-OC-CYS-2271/25
c2cbf37e,14/10/2025,CYS,Contrato CW 276532,Supervisión socioambiental,Estabilidad helipuerto villa luz,Finalización de actividades,Si,CYS-CW276532-PHI-02309,No,22/octubre/2025,INT-OC-CYS-2300/25
a3b7164e,14/10/2025,CYS,Contrato CW 276532,Supervisión técnica,Túneles de desviación,Solicitud de verificación estado y condición de la perforación P-EX-TV-CCGAD.,Si,CYS-CW276532-PHI-02310,No,9/noviembre/2025,INT-OC-CYS-2442/25
3423349d,14/10/2025,CYS,Contrato CW 276532,Supervisión de costos,Presa y obras anexas,Uso de trepano y de acoples mecánicos,Si,CYS-CW276532-PHI-02315,No,5/noviembre/2025,INT-OC-CYS-2397/25
80342aec,14/10/2025,CYS,Contrato CW 276532,Supervisión de control de laboratorio ensayos de calidad,Presa y obras anexas,Resistencia a la compresión de concreto lanzado,Si,D-PHI-COP-0625-2025,Si,26/octubre/2025,INT-OC-CYS-2328/25
18f74690,14/10/2025,CYS,Contrato CW 276532,Supervisión técnica,Casa de máquinas y obras anexas,Oficialización del instructivo de campo IC-193-2025,Si,NC-301-25,Si,16/octubre/2025,INT-OC-CYS-2252/25
628d6554,14/10/2025,CYS,Contrato CW 276532,Supervisión técnica,Túneles de aspiración,Oficialización del instructivo de campo IC-192-2025,Si,NC-302-25,Si,16/octubre/2025,INT-OC-CYS-2241/25
9647edbf,14/10/2025,CYS,Contrato CW 276532,Supervisión técnica,Túnel de acceso y galerías de construcción de la central,Manejo de aguas de infiltración en galerías de construcción Inferior Norte y Occidental,Si,NC-303-25,Si,16/octubre/2025,INT-OC-CYS-2240/25
3fd4b5d7,14/10/2025,CYS,Contrato CW 276532,Supervisión técnica,Sin Frente,Entrega acta de comité de obra No.088,No,,Si,15/octubre/2025,INT-OC-CYS-2221/25
95f79ee1,14/10/2025,CYS,Contrato CW 276532,Supervisión de seguridad y salud en el trabajo,Almenaras y obras anexas,Orden reiterada solicitud documentación líneas de vida horizontal,No,,No,15/octubre/2025,INT-OC-CYS-2223/25
f9e1521e,14/10/2025,CYS,Contrato CW 276532,Supervisión técnica,Sin Frente,Formalización compromisos – Recorridos de obra – Mesa de constructibilidad 04 y 11 de octubre de 2025.,No,,Si,15/octubre/2025,INT-OC-CYS-2222/25
d9eee760,15/10/2025,CYS,Contrato CW 276532,Supervisión técnica,Túneles de desviación,Rehabilitación de la Perforación P-EX-TV-CCGAD.,Si,CYS-CW276532-PHI-02311,No,10/noviembre/2025,INT-OC-CYS-2458/25
17b13be4,15/10/2025,CYS,Contrato CW 276532,Supervisión de control de laboratorio ensayos de calidad,Sin Frente,Consolidado alternativas de diseño de mezcla de concreto con agregados “El Valle” estructuras con restricción,Si,CYS-CW276532-PHI-02312,No,21/diciembre/2025,INT-OC-CYS-2811/25
0e4f9cc3,15/10/2025,CYS,Contrato CW 276532,Supervisión de control de laboratorio ensayos de calidad,Presa y obras anexas,Panel de prueba pantalla plástica.,Si,CYS-CW276532-PHI-02313,No,,
ca2c6962,15/10/2025,CYS,Contrato CW 276532,Supervisión técnica,Conducciones zona sur,Rehabilitación de los pozos de presión N.°7 a N.°8 – Estabilización del macizo rocoso por medio de aglutinamiento.,Si,CYS-CW276532-PHI-02314,Si,25/octubre/2025,INT-OC-CYS-2322/25
0c32b972,15/10/2025,CYS,Contrato CW 276532,Supervisión de seguridad y salud en el trabajo,Almenaras y obras anexas,Línea de vida adosada al refuerzo de las columnas de Almenara 2.,Si,CYS-CW276532-PHI-02305,No,17/noviembre/2025,INT-OC-CYS-2521/25
f79df02a,15/10/2025,CYS,Contrato CW 276532,Supervisión de control de laboratorio ensayos de calidad,Sin Frente,Calibración y pruebas de equipos de dosificación y mezclado anexos al silo 412 de 400 Ton. de capacidad,Si,CYS-CW276532-PHI-02317,No,19/octubre/2025,INT-OC-CYS-2274/25
de83c203,15/10/2025,CYS,Contrato CW 276532,Supervisión técnica,Sin Frente,Certificación de los equipos utilizados en las mediciones topográficas,Si,CYS-CW276532-PHI-02318,No,30/octubre/2025,INT-OC-CYS-2369/25
be640f30,15/10/2025,CYS,Contrato CW 276532,Supervisión técnica,Casa de máquinas y obras anexas,Reporte inspección visual Casa de Máquinas y Almenara 2.,Si,D-PHI-COP-0626-2025,Si,16/octubre/2025,INT-OC-CYS-2239/25
9eea55a5,15/10/2025,CYS,Contrato CW 276532,Supervisión técnica,Casa de máquinas y obras anexas,Plano de acero de refuerzo del tramo 1 de los túneles de aspiración 5 y 6,Si,D-PHI-COP-0627-2025,No,,
572b0834,15/10/2025,CYS,Contrato CW 276532,Supervisión técnica,Conducciones zona sur,Estructura de protección en conducciones inferiores 5 a 8. Ajuste de diseño con elementos previamente usados y disponibles en almacenes y acopios de EPM en el Proyecto. Entrega de plano actualizado.,Si,D-PHI-COP-0628-2025,No,21/octubre/2025,INT-OC-CYS-2292/25
e9be513b,15/10/2025,CYS,Contrato CW 276532,Supervisión técnica,Conducciones zona sur,Vaciado de mortero y drenajes en la Galería C,Si,NC-305-25,Si,16/octubre/2025,INT-OC-CYS-2238/25
dc981733,15/10/2025,CYS,Contrato CW 276532,Supervisión técnica,Almenaras y obras anexas,Losa EL. 220.00 – Planos de taller – Sistema de puesta a tierra.,Si,CYS-CW276532-PHI-02319,No,16/octubre/2025,INT-OC-CYS-2257/25
f57c8cb4,15/10/2025,CYS,Contrato CW 276532,Supervisión técnica,Presa y obras anexas,Pantalla cortaflujo - Posible desviación panel P3,No,,No,16/octubre/2025,INT-OC-CYS-2237/25
4c0d0295,15/10/2025,CYS,Contrato CW 276532,Supervisión de seguridad y salud en el trabajo,Sin Frente,Informe de gestión mensual SST septiembre 2025,Si,CYS-CW276532-PHI-02301,No,14/noviembre/2025,INT-OC-CYS-2502/25
d2ae10cd,15/10/2025,CYS,Contrato CW 276532,Supervisión de control de laboratorio ensayos de calidad,Sin Frente,Procedimiento para validar la precisión y exactitud de las lecturas de caudal y presión del Sistema SIRI.,Si,CYS-CW276532-PHI-02316,No,24/octubre/2025,INT-OC-CYS-2313/25
4d388991,15/10/2025,CYS,Contrato CW 276532,Supervisión técnica,Conducciones zona sur,Ramales Inferiores No.7 y No.8- Falta de Insumos en Obra,No,,No,16/octubre/2025,INT-OC-CYS-2247/25
cdf3673d,15/10/2025,CYS,Contrato CW 276532,Supervisión técnica,Presa y obras anexas,Pantalla cortaflujo - Excavación panel P3 - Perdida de lodo,No,,Si,,
13856960,15/10/2025,CYS,Contrato CW 276532,Supervisión técnica,Presa y obras anexas,Cuneta,No,,Si,16/octubre/2025,INT-OC-CYS-2236/25
9a519cf1,16/10/2025,CYS,Contrato CW 276532,Supervisión técnica,Presa y obras anexas,Afectación de piezómetro de tubo abierto PTA-PRE-04 -Pantalla cortaflujo,No,,No,17/octubre/2025,INT-OC-CYS-2265/25
54c371d2,16/10/2025,CYS,Contrato CW 276532,Supervisión socioambiental,Sin Frente,Entrega del acta de comité socioambiental No. 41.,No,,Si,16/octubre/2025,INT-OC-CYS-2235/25
4466317e,17/10/2025,CYS,Contrato CW 276532,Supervisión técnica,Casa de máquinas y obras anexas,Muros en hastiales aguas arriba y aguas abajo. Solución a interferencias entre cabezas de tensores y refuerzos de muros.,Si,D-PHI-COP-0629-2025,No,25/octubre/2025,INT-OC-CYS-2320/25
582f95cd,17/10/2025,CYS,Contrato CW 276532,Supervisión de control de laboratorio ensayos de calidad,Sin Frente,Resistencia a la compresión de concreto lanzado,Si,20250130186256,No,,
c3bb5151,17/10/2025,CYS,Contrato CW 276532,Supervisión de control de laboratorio ensayos de calidad,Sin Frente,Alternativa diseño de mezcla lodo de bentonitico para pantalla corta flujo aguas abajo de la presa,Si,CYS-CW276532-PHI-02320,No,19/octubre/2025,INT-OC-CYS-2275/25
e119ec8c,17/10/2025,CYS,Contrato CW 276532,Supervisión técnica,Sin Frente,Aseguramiento de acoples bars plice.,Si,CYS-CW276532-PHI-02321,No,22/diciembre/2025,INT-OC-CYS-2829/25
0e75d6cf,17/10/2025,CYS,Contrato CW 276532,Supervisión técnica,Conducciones zona sur,"Planos en revisión 1, de apoyos para elementos que soportan los rieles del pórtico grúa y las plataformas para montaje del blindaje de las conducciones",Si,D-PHI-COP-0631-2025,No,18/octubre/2025,INT-OC-CYS-2269/25
7373d38f,18/10/2025,CYS,Contrato CW 276532,Supervisión técnica,Conducciones zona sur,Suspensión de actividades de inyección en los ramales inferiores,No,,No,26/octubre/2025,INT-OC-CYS-2327/25
7914d077,18/10/2025,CYS,Contrato CW 276532,Supervisión de control de laboratorio ensayos de calidad,Sin Frente,Certificados de Materiales del 16 de septiembre al 15 de octubre de 2025.,Si,D-PHI-COP-0632-2025,No,,
f8a14cee,18/10/2025,CYS,Contrato CW 276532,Supervisión de seguridad y salud en el trabajo,Sin Frente,Hallazgos pendiente por cerrar inspección conjunta No. 74,No,,Si,20/octubre/2025,INT-OC-CYS-2279/25
d0f0eb9d,18/10/2025,CYS,Contrato CW 276532,Supervisión de control de laboratorio ensayos de calidad,Sin Frente,Gestión de Aseguramiento de Calidad – Certificados de Materiales del 16 de septiembre al 15 de octubre de 2025.,Si,CYS-CW276532-PHI-02322,No,22/octubre/2025,INT-OC-CYS-2303/25
814f7fdf,18/10/2025,CYS,Contrato CW 276532,Supervisión socioambiental,Instalaciones provisionales obras finales,Cierre de inspección conjunta GI-AM-12-25,No,,Si,20/octubre/2025,INT-OC-CYS-2288/25
e287f3d9,18/10/2025,CYS,Contrato CW 276532,Supervisión de control de laboratorio ensayos de calidad,Sin Frente,Resultados de ensayos de laboratorio al agua para concreto,Si,CYS-CW276532-PHI-02323,No,24/octubre/2025,INT-OC-CYS-2312/25
53a11629,18/10/2025,CYS,Contrato CW 276532,Supervisión socioambiental,Sin Frente,Informe trimestral de indicadores del medio social correspondiente al periodo julio a septiembre del 2025.,Si,CYS-CW276532-PHI-02324,No,21/octubre/2025,INT-OC-CYS-2293/25
04a35a2e,18/10/2025,CYS,Contrato CW 276532,Supervisión de seguridad y salud en el trabajo,Conducciones zona sur,Solicitud investigación accidente laboral Hermes Pérez González,Si,CYS-CW276532-PHI-02325,No,7/noviembre/2025,INT-OC-CYS-2427/25
dc49b379,18/10/2025,CYS,Contrato CW 276532,Supervisión de seguridad y salud en el trabajo,Instalaciones provisionales obras finales,Solicitud investigación accidente laboral Diocer Arbey Henao Cardona,Si,CYS-CW276532-PHI-02326,No,9/noviembre/2025,INT-OC-CYS-2451/25
673d422e,18/10/2025,CYS,Contrato CW 276532,Supervisión de seguridad y salud en el trabajo,Casa de máquinas y obras anexas,Solicitud investigación accidente laboral Duván Danilo Cuenca Sánchez,Si,CYS-CW276532-PHI-02327,No,9/noviembre/2025,INT-OC-CYS-2453/25
a6b88212,18/10/2025,CYS,Contrato CW 276532,Supervisión técnica,Casa de máquinas y obras anexas,Procedimientos para limpieza y protección de platinas de los cabezales de tensores,No,,No,22/octubre/2025,INT-OC-CYS-2299/25
3fba44e7,19/10/2025,CYS,Contrato CW 276532,Supervisión técnica,Casa de máquinas y obras anexas,"Actualización bases y pases para tableros niveles 193,00, 199,00 y 205,45.",Si,D-PHI-COP-0633-2025,Si,19/octubre/2025,INT-OC-CYS-2276/25
845b0f2c,19/10/2025,CYS,Contrato CW 276532,Supervisión de seguridad y salud en el trabajo,Sin Frente,Falta de designación de Gestor SST,No,,No,19/octubre/2025,INT-OC-CYS-2277/25
18c18666,19/10/2025,CYS,Contrato CW 276532,Supervisión de seguridad y salud en el trabajo,Sin Frente,Formalización compromisos del seguimiento semanal SST/HS en obra – 17 de octubre de 2025.,No,,Si,19/octubre/2025,INT-OC-CYS-2278/25
31211177,19/10/2025,CYS,Contrato CW 276532,Supervisión técnica,Conducciones zona sur,Codos superiores Unidades 5 a 8 – Solicitud de plano consolidado de geometría del codo superior para replanteo en obra.,Si,CYS-CW276532-PHI-02328,Si,10/noviembre/2025,INT-OC-CYS-2457/25
6e7101f1,19/10/2025,CYS,Contrato CW 276532,Supervisión de seguridad y salud en el trabajo,Sin Frente,Solicitud información investigación accidente laboral de Juan Sebastián Tapias Balvin CC. 1007110325,Si,CYS-CW276532-PHI-02329,No,10/noviembre/2025,INT-OC-CYS-2460/25
c0d49fb9,19/10/2025,CYS,Contrato CW 276532,Supervisión de seguridad y salud en el trabajo,Sin Frente,Hallazgos sin atención inspección conjunta No.68.,Si,CYS-CW276532-PHI-02330,No,10/noviembre/2025,INT-OC-CYS-2470/25
861043f2,19/10/2025,CYS,Contrato CW 276532,Supervisión técnica,Casa de máquinas y obras anexas,"Entrega de plano de proceso constructivo de la reposición en concreto de la oquedad 2, zona sur.",Si,D-PHI-COP-0635-2025,No,22/octubre/2025,INT-OC-CYS-2301/25
6f279e4f,20/10/2025,CYS,Contrato CW 276532,Supervisión técnica,Obras en las descargas,Manejo de aguas de infiltración en zona de aprovechamiento RCD – Diseño de captación para manejo de aguas,Si,D-PHI-COP-0637-2025,No,24/octubre/2025,INT-OC-CYS-2316/25
7ef00afd,20/10/2025,CYS,Contrato CW 276532,Supervisión técnica,Conducciones zona sur,Reperforación del barreno P-EX-GC-01,Si,NC-307-25,Si,21/octubre/2025,INT-OC-CYS-2298/25
c8c2c7d1,20/10/2025,CYS,Contrato CW 276532,Supervisión técnica,Túneles de aspiración,Lleno de concreto espacio anular entre marcos metálicos y roca. Tramo 1 del túnel de aspiración No.6,Si,NC-308-25,No,21/octubre/2025,INT-OC-CYS-2296/25
430acfbd,20/10/2025,CYS,Contrato CW 276532,Supervisión técnica,Sin Frente,Entrega ayuda de memoria -Reunión seguimiento Pantalla Cortaflujo-02 de octubre de 2025.,No,,Si,20/octubre/2025,INT-OC-CYS-2286/25
7f189035,20/10/2025,CYS,Contrato CW 276532,Supervisión técnica,Casa de máquinas y obras anexas,General – Diseño Gabaritos – Oquedad 2 - Entrega planos y memoria de cálculo.,Si,CYS-CW276532-PHI-02331,No,16/diciembre/2025,INT-OC-CYS-2772/25
e64d9825,20/10/2025,CYS,Contrato CW 276532,Supervisión de control de laboratorio ensayos de calidad,Presa y obras anexas,Pantalla cortaflujo procedimiento de construcción,Si,CYS-CW276532-PHI-02332,No,3/noviembre/2025,INT-OC-CYS-2391/25
4d8d2849,20/10/2025,CYS,Contrato CW 276532,Supervisión técnica,Sin Frente,Supervisión Técnica – Procedimiento de inyección de aglutinamiento.,Si,CYS-CW276532-PHI-02334,No,23/diciembre/2025,INT-OC-CYS-2834/25
a393df59,20/10/2025,CYS,Contrato CW 276532,Supervisión técnica,Consolidación y conglomeración macizo perturbado zona sur,Programa de perforaciones e inyecciones y consulta sobre requerimiento de barrenos,Si,CYS-CW276532-PHI-02335,No,10/noviembre/2025,INT-OC-CYS-2464/25
dcb01bfd,20/10/2025,CYS,Contrato CW 276532,Supervisión técnica,Sin Frente,Entrega ayuda de memoria-Reunión seguimiento-Pantalla Cortafljo 16-oct-25,No,,Si,21/octubre/2025,INT-OC-CYS-2290/25
3fe98ab1,20/10/2025,CYS,Contrato CW 276532,Supervisión técnica,Sin Frente,Formalización compromisos – Recorrido de obra – Mesa de constructibilidad 18 de octubre de 2025.,No,,Si,21/octubre/2025,INT-OC-CYS-2291/25
f45e7d2a,21/10/2025,CYS,Contrato CW 276532,Supervisión técnica,Conducciones zona sur,Pozos de presión – Procedimiento de rehabilitación,Si,CYS-CW276532-PHI-02336,No,27/noviembre/2025,INT-OC-CYS-2620/25
cfd6c793,21/10/2025,CYS,Contrato CW 276532,Supervisión técnica,Conducciones zona sur,Inyecciones de consolidación secuencias ramales superiores 5 y 6,Si,CYS-CW276532-PHI-02337,No,16/diciembre/2025,INT-OC-CYS-2771/25
3b116677,21/10/2025,CYS,Contrato CW 276532,Supervisión técnica,Talud Km 0+900,Sector escurrimiento superficial elevación EL. 665 – Observaciones y recomendaciones.,Si,TI-1315-123203,No,,
ceef6be4,21/10/2025,CYS,Contrato CW 276532,Supervisión técnica,Casa de máquinas y obras anexas,Oficialización instructivos de campo Obras Subterráneas,Si,D-PHI-COP-0642-2025,Si,29/octubre/2025,INT-OC-CYS-2349/25
49362ca5,21/10/2025,CYS,Contrato CW 276532,Supervisión técnica,Conducciones zona sur,Inyecciones complementarias ramal superior de la conducción No.5,Si,NC-309-25,Si,28/octubre/2025,INT-OC-CYS-2347/25
9cf8b6a5,21/10/2025,CYS,Contrato CW 276532,Supervisión técnica,Caverna de transformadores y obras anexas,Aglutinamiento macizo perturbado al sur de las cavernas,Si,NC-310-25,Si,28/octubre/2025,INT-OC-CYS-2343/25
3bd15a85,21/10/2025,CYS,Contrato CW 276532,Supervisión de control de laboratorio ensayos de calidad,Sin Frente,Plantas de producción de concreto – Informe estado actual,Si,CYS-CW276532-PHI-02338,No,27/octubre/2025,INT-OC-CYS-2334/25
729cebbb,21/10/2025,CYS,Contrato CW 276532,Supervisión de control de laboratorio ensayos de calidad,Sin Frente,Respuesta a sus comunicaciones de certificados de calidad,Si,CYS-CW276532-PHI-02340,No,11/noviembre/2025,INT-OC-CYS-2484/25
b474b8cc,21/10/2025,CYS,Contrato CW 276532,Supervisión técnica,Sin Frente,Procedimiento para instalación del sistema de puesta a tierra,Si,CYS-CW276532-PHI-02341,No,7/noviembre/2025,INT-OC-CYS-2425/25
e022fc86,21/10/2025,CYS,Contrato CW 276532,Supervisión técnica,Casa de máquinas y obras anexas,"Entrega de actualización de planos estructurales de la losa El. 199,00 por eliminación de cárcamo adyacente al muro lateral aguas abajo.",Si,D-PHI-COP-0643-2025,No,,
b56edf6e,21/10/2025,CYS,Contrato CW 276532,Supervisión técnica,Conducciones zona sur,Medición de humedad relativa,No,,No,,
835e4e52,21/10/2025,CYS,Contrato CW 276532,Supervisión de seguridad física,Sin Frente,Informe de actividades de seguridad física agosto de 2025,Si,CYS-CW276532-PHI-02339,No,23/octubre/2025,INT-OC-CYS-2308/25
4a74a865,21/10/2025,CYS,Contrato CW 276532,Supervisión técnica,Conducciones zona sur,Entrega de planos para la rehabilitación de los codos inferiores N° 5 a N° 8,Si,CYS-CW276532-PHI-02343,No,25/noviembre/2025,INT-OC-CYS-2602/25
9cd8a9de,22/10/2025,CYS,Contrato CW 276532,Supervisión técnica,Sin Frente,Histograma de Personal – Programa AMB-X.,Si,CYS-CW276532-PHI-02238,No,8/enero/2026,INT-OC-CYS-047/26
e369cb7f,22/10/2025,CYS,Contrato CW 276532,Supervisión contractual,Sin Frente,Envío de actas de comités de programación CYS No. 060 y 061,No,,Si,23/octubre/2025,INT-OC-CYS-2305/25
4c32ab31,22/10/2025,CYS,Contrato CW 276532,Supervisión técnica,Conducciones zona sur,Galería 320 – Sistema de drenaje,Si,CYS-CW276532-PHI-02342,No,9/noviembre/2025,INT-OC-CYS-2443/25
351c2f6a,22/10/2025,CYS,Contrato CW 276532,Supervisión socioambiental,Instalaciones provisionales obras finales,Cierre de inspección conjunta GI-AM-11-25,Si,CYS-CW276532-PHI-02344,No,29/octubre/2025,INT-OC-CYS-2350/25
8d43fc71,22/10/2025,CYS,Contrato CW 276532,Supervisión socioambiental,Presa y obras anexas,Desviaciones manejo de Aguas Residuales no Domésticas (ARnD).,Si,CYS-CW276532-PHI-02345,No,4/noviembre/2025,INT-OC-CYS-2396/25
7ae2e56e,22/10/2025,CYS,Contrato CW 276532,Supervisión socioambiental,Sin Frente,Diseño y memoria de cálculo unidad de sedimentación planta de fabricación de lechada plazoleta 435.,Si,CYS-CW276532-PHI-02346,No,8/noviembre/2025,INT-OC-CYS-2433/25
0a3227b3,22/10/2025,CYS,Contrato CW 276532,Supervisión de seguridad y salud en el trabajo,Casa de máquinas y obras anexas,Condiciones y actos subestándar en actividades,Si,CYS-CW276532-PHI-02347,No,31/octubre/2025,INT-OC-CYS-2374/25
222f7804,22/10/2025,CYS,Contrato CW 276532,Supervisión de control de laboratorio ensayos de calidad,Sin Frente,Certificados de calibración y verificación de equipos para tensionamiento de tensores,Si,CYS-CW276532-PHI-02348,No,5/noviembre/2025,INT-OC-CYS-2399/25
d7207c3c,22/10/2025,CYS,Contrato CW 276532,Supervisión de seguridad y salud en el trabajo,Túnel de acceso y galerías de construcción de la central,Condiciones de estrés térmico elevadas,Si,CYS-CW276532-PHI-02349,No,11/noviembre/2025,INT-OC-CYS-2482/25
e92e2347,22/10/2025,CYS,Contrato CW 276532,Supervisión socioambiental,Instalaciones provisionales obras finales,Suministro de agua en lavamanos frentes de obra,Si,CYS-CW276532-PHI-02350,No,5/noviembre/2025,INT-OC-CYS-2402/25
f26c0408,22/10/2025,CYS,Contrato CW 276532,Supervisión técnica,Casa de máquinas y obras anexas,Reporte de inspeccion visual,Si,CYS-CW276532-PHI-02351,Si,16/diciembre/2025,INT-OC-CYS-2761/25
e2893ffe,22/10/2025,CYS,Contrato CW 276532,Supervisión técnica,Almenaras y obras anexas,Procedimiento de prueba de estanqueidad de barrenos para tensores Tipo C,Si,CYS-CW276532-PHI-02352,No,29/octubre/2025,INT-OC-CYS-2357/25
6d2d6373,22/10/2025,CYS,Contrato CW 276532,Supervisión contractual,Sin Frente,Informe técnico mensual de diciembre de 2024.,Si,CYS-CW276532-PHI-02353,No,24/octubre/2025,INT-OC-CYS-2314/25
46b0ae0c,22/10/2025,CYS,Contrato CW 276532,Supervisión técnica,Casa de máquinas y obras anexas,Tensores tipo C – Hastial aguas arriba.,Si,CYS-CW276532-PHI-02354,No,13/noviembre/2025,INT-OC-CYS-2495/25
b91ddd01,22/10/2025,CYS,Contrato CW 276532,Supervisión técnica,Obras en las descargas,Túnel Descarga 4 - Bancos - Secuencia de excavación y soporte – Tanques de compensación.,Si,CYS-CW276532-PHI-02355,No,11/noviembre/2025,INT-OC-CYS-2472/25
20ad580d,22/10/2025,CYS,Contrato CW 276532,Supervisión de seguridad y salud en el trabajo,Sin Frente,Falta de designación de Gestor SST,Si,CYS-CW276532-PHI-02356,No,28/octubre/2025,INT-OC-CYS-2344/25
9a1d671f,22/10/2025,CYS,Contrato CW 276532,Supervisión técnica,Presa y obras anexas,Pantalla cortaflujo –Unificación del perfil geológico del medidor de infiltraciones.,Si,CYS-CW276532-PHI-02359,No,28/octubre/2025,INT-OC-CYS-2346/25
3ae42ec1,22/10/2025,CYS,Contrato CW 276532,Supervisión técnica,Presa y obras anexas,Mantenimiento de limpieza obras de drenaje,Si,NC-311-25,Si,28/octubre/2025,INT-OC-CYS-2341/25
88fa7424,22/10/2025,CYS,Contrato CW 276532,Supervisión técnica,Sin Frente,Entrega actas de comité de obra Nos. 089-090,No,,Si,23/octubre/2025,INT-OC-CYS-2304/25
b6f78872,23/10/2025,CYS,Contrato CW 276532,Supervisión técnica,Casa de máquinas y obras anexas,Envío de modelo integrado en Navisworks.,Si,D-PHI-CCE-ADM-1-C6906,No,26/octubre/2025,INT-OC-CYS-2325/25
6c41d2bc,23/10/2025,CYS,Contrato CW 276532,Supervisión técnica,Casa de máquinas y obras anexas,Estado de inspección de los tensores localizados en los túneles de aspiración 5 y 6. Restitución del Tensor 11A.,Si,D-PHI-COP-0644-2025,No,,
62389fec,23/10/2025,CYS,Contrato CW 276532,Supervisión de riesgos,Sin Frente,Entrega de acta de comité de riesgos No. 023,No,,Si,24/octubre/2025,INT-OC-CYS-2309/25
a620195b,23/10/2025,CYS,Contrato CW 276532,Supervisión técnica,Presa y obras anexas,Pantalla cortaflujo – Seguimiento Panel P3 y P5,No,,No,27/octubre/2025,INT-OC-CYS-2336/25
4eeb0a53,23/10/2025,CYS,Contrato CW 276532,Supervisión de seguridad y salud en el trabajo,Almenaras y obras anexas,Restricción uso de autobomba AB-01-CYS por condiciones subestándar,No,,No,24/octubre/2025,INT-OC-CYS-2315/25
ca3bbf77,23/10/2025,CYS,Contrato CW 276532,Supervisión técnica,Casa de máquinas y obras anexas,Concreto para restitución oquedad 2 y muro aguas abajo unidad 6,Si,CYS-CW276532-PHI-02358,No,28/octubre/2025,INT-OC-CYS-2340/25
08b96630,23/10/2025,CYS,Contrato CW 276532,Supervisión de seguridad y salud en el trabajo,Casa de máquinas y obras anexas,Falencias en los protocolos de atención de urgencias en la accidentalidad,Si,CYS-CW276532-PHI-02360,No,11/noviembre/2025,INT-OC-CYS-2478/25
00ace7cb,23/10/2025,CYS,Contrato CW 276532,Supervisión de seguridad y salud en el trabajo,Tapones de túneles y galerías de acceso y construcción,Condiciones en actividades de instalación de perfiles metálicos,Si,CYS-CW276532-PHI-02361,No,11/noviembre/2025,INT-OC-CYS-2479/25
8815a679,24/10/2025,CYS,Contrato CW 276532,Supervisión técnica,Sin Frente,Estado de cumplimiento compromisos comités de obra Consorcio CYS – Octubre de 2025.,No,,No,30/octubre/2025,INT-OC-CYS-2368/25
ac8b9119,24/10/2025,CYS,Contrato CW 276532,Supervisión de seguridad y salud en el trabajo,Sin Frente,Socialización resumen ejecutivo del monitoreo al desempeño SST - Contratista CYS,No,,Si,24/octubre/2025,INT-OC-CYS-2317/25
2dc8c9a0,24/10/2025,CYS,Contrato CW 276532,Supervisión técnica,Presa y obras anexas,Pantalla cortaflujo - Socialización contratista medidas para desviación paneles,No,,No,27/octubre/2025,INT-OC-CYS-2332/25
6a11372f,24/10/2025,CYS,Contrato CW 276532,Supervisión técnica,Presa y obras anexas,Pantalla cortaflujo posible desviación panel P3,Si,CYS-CW276532-PHI-02363,No,28/octubre/2025,INT-OC-CYS-2345/25
7c8e6044,24/10/2025,CYS,Contrato CW 276532,Supervisión técnica,Sin Frente,Informe de seguimiento de la instrumentación entre el 16 de septiembre y el 15de octubre de 2025,Si,D-PHI-COP-0645-2025,No,4/noviembre/2025,INT-OC-CYS-2395/25
3c8950d5,25/10/2025,CYS,Contrato CW 276532,Supervisión de seguridad física,Sin Frente,CYS-CW276532-PHI-02357,Si,CYS-CW276532-PHI-02357,No,1/noviembre/2025,INT-OC-CYS-2383/25
7cdd8a09,25/10/2025,CYS,Contrato CW 276532,Supervisión socioambiental,Sin Frente,Atención reporte de colisión de la tractomula   PMV 189 con la talanquera ubicada en el puesto de control de acceso principal y de las descargas,Si,CYS-CW276532-PHI-02366,No,30/octubre/2025,INT-OC-CYS-2366/25
dacb2438,25/10/2025,CYS,Contrato CW 276532,Supervisión técnica,Casa de máquinas y obras anexas,"Manejo infiltraciones y drenaje culata sur nivel 227,80",Si,D-PHI-COP-0646-2025,No,27/octubre/2025,INT-OC-CYS-2329/25
c20d7dcb,25/10/2025,CYS,Contrato CW 276532,Supervisión técnica,Casa de máquinas y obras anexas,Entrega de actualización de planos  estructurales de los tubos de aspiración por eliminación de cárcamo adyacente al muro lateral aguas abajo,Si,D-PHI-COP-0647-2025,Si,27/octubre/2025,INT-OC-CYS-2331/25
6d6bd0df,25/10/2025,CYS,Contrato CW 276532,Supervisión socioambiental,Turbinas,Observaciones informe mensual socioambiental agosto 2025,Si,JEJ-INGETEC-ITUANGO-414-058-2025,No,,
00d5027d,25/10/2025,CYS,Contrato CW 276532,Supervisión de seguridad y salud en el trabajo,Sin Frente,Desviaciones identificadas en maquinaria y equipos.,No,,No,28/octubre/2025,INT-OC-CYS-2342/25
219724f6,25/10/2025,CYS,Contrato CW 276532,Supervisión técnica,Conducciones zona sur,Rehabilitación de los ramales superiores 5 a 8 solicitud de reconocimiento económico por cambio de condiciones de ejecución,Si,CYS-CW276532-PHI-02364,No,,
6e00ff93,25/10/2025,CYS,Contrato CW 276532,Supervisión de seguridad y salud en el trabajo,Sin Frente,Solicitud investigación accidente laboral David Alejandro Restrepo Gonzalez C.C. 1.042.774.207,No,,Si,27/octubre/2025,INT-OC-CYS-2335/25
4e98e4ba,25/10/2025,CYS,Contrato CW 276532,Supervisión de seguridad y salud en el trabajo,Sin Frente,Formalización compromisos del seguimiento semanal SST/HS en obra – 24 de octubre de 2025.,No,,Si,26/octubre/2025,INT-OC-CYS-2323/25
c47e038b,25/10/2025,CYS,Contrato CW 276532,Supervisión de seguridad y salud en el trabajo,Sin Frente,Solicitud investigación accidente laboral Juan David George C.C. 1.034.990.597.,No,,Si,28/octubre/2025,INT-OC-CYS-2337/25
307ee6cf,25/10/2025,CYS,Contrato CW 276532,Supervisión de seguridad y salud en el trabajo,Sin Frente,Solicitud investigación accidente laboral Andrés Felipe Quintero Torres  CC. 1.042.771.196,No,,No,25/octubre/2025,INT-OC-CYS-2319/25
ba56006a,25/10/2025,CYS,Contrato CW 276532,Supervisión de seguridad y salud en el trabajo,Sin Frente,Remisión acta de comité obligaciones laborales SST No. 21,No,,Si,26/octubre/2025,INT-OC-CYS-2326/25
41da6586,26/10/2025,CYS,Contrato CW 276532,Supervisión técnica,Túnel de acceso y galerías de construcción de la central,Galería de construcción superior sur ramal de acceso Almenara 2,Si,D-PHI-COP-0650-2025,No,3/noviembre/2025,INT-OC-CYS-2392/25
91890fac,26/10/2025,CYS,Contrato CW 276532,Supervisión técnica,Almenaras y obras anexas,Estabilización - Procedimiento Constructivo,Si,CYS-CW276532-PHI-01095,No,27/octubre/2025,INT-OC-CYS-2330/25
d354d268,26/10/2025,CYS,Contrato CW 276532,Supervisión técnica,Casa de máquinas y obras anexas,Excavación y estabilización - Procedimiento constructivo.,Si,CYS-CW276532-PHI-01096,No,27/octubre/2025,INT-OC-CYS-2333/25
914ac115,26/10/2025,CYS,Contrato CW 276532,Supervisión técnica,Conducciones zona sur,Excavaciones- Uso Explosivos- Documentación,No,,No,28/octubre/2025,INT-OC-CYS-2339/25
0f107b2c,26/10/2025,CYS,Contrato CW 276532,Supervisión técnica,Casa de máquinas y obras anexas,Pernos anclaje planos de taller,Si,CYS-CW276532-PHI-02368,No,19/noviembre/2025,INT-OC-CYS-2542/25
238a2d23,26/10/2025,CYS,Contrato CW 276532,Supervisión socioambiental,Sin Frente,Seguimiento personal extranjero,Si,CYS-CW276532-PHI-02369,No,30/octubre/2025,INT-OC-CYS-2365/25
d0e76d0d,26/10/2025,CYS,Contrato CW 276532,Supervisión técnica,Casa de máquinas y obras anexas,Anclajes Bal  8 muro aguas arriba planos de taller,Si,CYS-CW276532-PHI-02372,No,5/diciembre/2025,INT-OC-CYS-2671/25
e9cf918c,27/10/2025,CYS,Contrato CW 276532,Supervisión técnica,Casa de máquinas y obras anexas,Muro aguas abajo Planos de taller acero de refuerzo,Si,CYS-CW276532-PHI-02367,No,28/noviembre/2025,INT-OC-CYS-2626/25
c8faf27a,27/10/2025,CYS,Contrato CW 276532,Supervisión de riesgos,Sin Frente,Informe mensual de la gestión de riesgos septiembre 2025,Si,CYS-CW276532-PHI-02371,No,3/noviembre/2025,INT-OC-CYS-2386/25
e15e15f7,27/10/2025,CYS,Contrato CW 276532,Supervisión de seguridad y salud en el trabajo,Vías Industriales del proyecto,Restricción de actividades de excavación y solicitud de acciones correctivas.,No,,Si,29/octubre/2025,INT-OC-CYS-2360/25
e0146940,28/10/2025,CYS,Contrato CW 276532,Supervisión técnica,Presa y obras anexas,Secuencia constructiva tratamiento talud en margen derecha,Si,CYS-CW276532-PHI-02370,No,19/noviembre/2025,INT-OC-CYS-2547/25
652a2709,28/10/2025,CYS,Contrato CW 276532,Supervisión de seguridad física,Sin Frente,Atención observaciones informe de actividades de seguridad enero de 2025,Si,CYS-CW276532-PHI-02373,No,6/noviembre/2025,INT-OC-CYS-2407/25
6f57f03f,28/10/2025,CYS,Contrato CW 276532,Supervisión de seguridad física,Sin Frente,Informe de actividades de seguridad física agosto de 2025,Si,CYS-CW276532-PHI-02374,No,6/noviembre/2025,INT-OC-CYS-2422/25
63921524,28/10/2025,CYS,Contrato CW 276532,Supervisión de seguridad física,Sin Frente,Observaciones informe de actividades de seguridad física julio de 2025,Si,CYS-CW276532-PHI-02375,No,6/noviembre/2025,INT-OC-CYS-2408/25
a6e889bb,28/10/2025,CYS,Contrato CW 276532,Supervisión técnica,Casa de máquinas y obras anexas,Galería 290 – Instalación de piezómetro PTA-G290-07A,Si,CYS-CW276532-PHI-02376,No,19/noviembre/2025,INT-OC-CYS-2546/25
3159477c,28/10/2025,CYS,Contrato CW 276532,Supervisión de seguridad y salud en el trabajo,Sin Frente,Hallazgos sin atención inspección conjunta No 77 y 78,No,,Si,1/noviembre/2025,INT-OC-CYS-2378/25
21aaec19,28/10/2025,CYS,Contrato CW 276532,Supervisión de seguridad y salud en el trabajo,Sin Frente,Solicitud investigación accidente laboral Albeiro Antonio Padilla CC.78.301.393,No,,No,29/octubre/2025,INT-OC-CYS-2351/25
b8232ae8,29/10/2025,CYS,Contrato CW 276532,Supervisión de seguridad y salud en el trabajo,Almenaras y obras anexas,Solicitud de implementación de medidas de seguridad y aspectos de higiene industrial en Almenara 2,Si,CYS-CW276532-PHI-02377,No,16/noviembre/2025,INT-OC-CYS-2516/25
b1ae77f9,29/10/2025,CYS,Contrato CW 276532,Supervisión socioambiental,Sin Frente,Observaciones informe socioambiental correspondiente al mes de septiembre de 2025,Si,CYS-CW276532-PHI-02378,No,5/noviembre/2025,INT-OC-CYS-2400/25
b7d181a8,29/10/2025,CYS,Contrato CW 276532,Supervisión socioambiental,Instalaciones provisionales obras finales,Cierre de inspección conjunta GI-AM-12-25,Si,CYS-CW276532-PHI-02379,No,5/noviembre/2025,INT-OC-CYS-2401/25
1b849d90,29/10/2025,CYS,Contrato CW 276532,Supervisión de seguridad y salud en el trabajo,Almenaras y obras anexas,Solicitud investigación accidente laboral Homero Elías Valbuena Guisa,Si,CYS-CW276532-PHI-02380,No,11/noviembre/2025,INT-OC-CYS-2477/25
3d6fc00e,29/10/2025,CYS,Contrato CW 276532,Supervisión de costos,Consolidación y conglomeración macizo perturbado zona sur,Avance general inyecciones de aglutinamiento – Afectación económica y generación de obra extra,Si,CYS-CW276532-PHI-02381,No,6/noviembre/2025,INT-OC-CYS-2406/25
d5cd17f4,29/10/2025,CYS,Contrato CW 276532,Supervisión de seguridad y salud en el trabajo,Sin Frente,Medidas de protección colectiva provisional - Entrega diseño de barandas de seguridad.,Si,CYS-CW276532-PHI-02382,No,17/noviembre/2025,INT-OC-CYS-2525/25
6a627997,29/10/2025,CYS,Contrato CW 276532,Supervisión de seguridad y salud en el trabajo,Sin Frente,Hallazgos sin atención inspección conjunta No. 75,No,,Si,29/octubre/2025,INT-OC-CYS-2358/25
f8ecb8f0,29/10/2025,CYS,Contrato CW 276532,Supervisión de seguridad y salud en el trabajo,Sin Frente,Hallazgos sin atención inspección conjunta No 79,No,,Si,11/noviembre/2025,INT-OC-CYS-2473/25
99bfbe64,29/10/2025,CYS,Contrato CW 276532,Supervisión de seguridad y salud en el trabajo,Sin Frente,Hallazgos sin atención inspección conjunta No.76,No,,Si,29/octubre/2025,INT-OC-CYS-2359/25
5d1e59f9,29/10/2025,CYS,Contrato CW 276532,Supervisión de seguridad y salud en el trabajo,Sin Frente,Solicitud investigación accidente laboral Lider Manuel Castellar Reyes CC. 73.560.299,No,,No,30/octubre/2025,INT-OC-CYS-2362/25
a031a18f,29/10/2025,CYS,Contrato CW 276532,Supervisión de seguridad y salud en el trabajo,Sin Frente,Solicitud información investigación accidente laboral de Einer José Gutiérrez Carrillo CC. 5.166.179,Si,Solicitud información investigación accidente laboral de Einer José Gutiérrez Carrillo CC. 5.166.179,No,,
d78d03b3,29/10/2025,CYS,Contrato CW 276532,Supervisión técnica,Casa de máquinas y obras anexas,"Concretos de los muros de confinamiento, masivo del tubo de aspiración y losa elevación 199 – Metodología constructiva.",Si,CYS-CW276532-PHI-02384,No,,
c7221a36,29/10/2025,CYS,Contrato CW 276532,Supervisión contractual,Temas administrativos del contrato,Obligación ante entes de control de orden Municipal y Nacional,No,,No,30/octubre/2025,INT-OC-CYS-2361/25
71373298,29/10/2025,CYS,Contrato CW 276532,Supervisión de seguridad y salud en el trabajo,Sin Frente,Solicitud información investigación accidente laboral de Einer José Gutiérrez Carrillo CC. 5.166.179.,Si,CYS-CW276532-PHI-02383,No,16/noviembre/2025,INT-OC-CYS-2518/25
dd39938e,29/10/2025,CYS,Contrato CW 276532,Supervisión técnica,Casa de máquinas y obras anexas,"Concretos de los muros de confinamiento, masivo del tubo de aspiración y losa elevación 199 – Metodología constructiva.",Si,CYS-CW276532-PHI-02384,Si,20/noviembre/2025,INT-OC-CYS-2550/25
bf0f5b53,30/10/2025,CYS,Contrato CW 276532,Supervisión técnica,Presa y obras anexas,Entrega ayuda de memoria - Reunión de seguimiento - Pantalla cortaflujo 23-oct-2025,No,,Si,30/octubre/2025,INT-OC-CYS-2370/25
8b7eedc9,30/10/2025,CYS,Contrato CW 276532,Supervisión técnica,Obras en las descargas,Descarga 4- Manejo de aguas de infiltración en zona de aprovechamiento RCD- Diseño captaciones,No,,No,31/octubre/2025,INT-OC-CYS-2373/25
9b2d0672,30/10/2025,CYS,Contrato CW 276532,Supervisión técnica,Túneles de aspiración,Cambio de tensores tipo A a tipo B y aclaración sobre identificación de tensores. Aspiraciones 5 - 7.,Si,D-PHI-COP-0654-2025,No,6/noviembre/2025,INT-OC-CYS-2410/25
9dd42a4e,30/10/2025,CYS,Contrato CW 276532,Supervisión técnica,Caverna de transformadores y obras anexas,Seguimiento al aglutinamiento macizo perturbado al sur de las cavernas.,Si,D-PHI-COP-0656-2025,No,21/diciembre/2025,INT-OC-CYS-2812/25
672b849f,30/10/2025,CYS,Contrato CW 276532,Supervisión técnica,Casa de máquinas y obras anexas,Construcción de cubo de prueba para la evaluación del desarrollo de temperaturas en el concreto masivo. Complemento a la comunicación D-PHI-COP-0615-2025.,Si,D-PHI-COP-0657-2025,No,,
eff3d346,30/10/2025,CYS,Contrato CW 276532,Supervisión técnica,Sin Frente,Acta de comité de obra No 091,No,,Si,31/octubre/2025,INT-OC-CYS-2372/25
30b4733e,30/10/2025,CYS,Contrato CW 276532,Supervisión de seguridad y salud en el trabajo,Casa de máquinas y obras anexas,Solicitud certificados sistema de acceso equipos telehandler,Si,CYS-CW276532-PHI-02385,No,16/noviembre/2025,INT-OC-CYS-2515/25
1a865d67,30/10/2025,CYS,Contrato CW 276532,Supervisión de seguridad y salud en el trabajo,Sin Frente,Cemento y aditivos en lechadas de consolidación y aglutinamiento.,Si,CYS-CW276532-PHI-02386,No,16/noviembre/2025,INT-OC-CYS-2514/25
36c5656a,30/10/2025,CYS,Contrato CW 276532,Supervisión de control de laboratorio ensayos de calidad,Sin Frente,Solicitud de reconocimiento de valores retenidos — Cemento y aditivos en lechadas de consolidación y aglutinamiento.,Si,CYS-CW276532-PHI-02391,No,12/noviembre/2025,INT-OC-CYS-2487/25
0d17ae9d,30/10/2025,CYS,Contrato CW 276532,Supervisión técnica,Sin Frente,Formalización compromisos – Recorrido de obra – Mesa de constructibilidad 26 de octubre de 2025.,No,,Si,31/octubre/2025,INT-OC-CYS-2371/25
7bdc740a,30/10/2025,CYS,Contrato CW 276532,Supervisión técnica,Sin Frente,Formalización compromisos – Recorridos de obra – Mesa de constructibilidad 26 de octubre de 2025,No,,Si,,
6e3ce9c5,30/10/2025,CYS,Contrato CW 276532,Supervisión de seguridad y salud en el trabajo,Sin Frente,Solicitud investigación accidente laboral de Luis Fernando Revelo Arevalo  C.C. 80.296.469.,No,,Si,1/noviembre/2025,INT-OC-CYS-2382/25
d702fcaf,30/10/2025,CYS,Contrato CW 276532,Supervisión de seguridad y salud en el trabajo,Sin Frente,Remisión ayuda de memoria reunión de alineación SST interferencias,No,,Si,1/noviembre/2025,INT-OC-CYS-2377/25
e8588ee2,31/10/2025,CYS,Contrato CW 276532,Supervisión socioambiental,Sin Frente,Remisión del acta comité social especifico No 22,No,,Si,3/noviembre/2025,INT-OC-CYS-2387/25
8c9dcea3,31/10/2025,CYS,Contrato CW 276532,Supervisión de seguridad y salud en el trabajo,Sin Frente,Presentación hojas de vida personal SST,Si,CYS-CW276532-PHI-02387,No,16/noviembre/2025,INT-OC-CYS-2517/25
95498c52,31/10/2025,CYS,Contrato CW 276532,Supervisión técnica,Casa de máquinas y obras anexas,Soportes y encofrados – Planos de Taller – Segunda Entrega.,Si,CYS-CW276532-PHI-02388,No,6/enero/2026,INT-OC-CYS-028/26
6fbd6880,31/10/2025,CYS,Contrato CW 276532,Supervisión técnica,Casa de máquinas y obras anexas,Túnel Aspirador Tramo 1 Unidades 5-6 – Planos y cartillas de refuerzo.,Si,CYS-CW276532-PHI-02389,No,5/diciembre/2025,INT-OC-CYS-2673/25
757000f7,31/10/2025,CYS,Contrato CW 276532,Supervisión técnica,Casa de máquinas y obras anexas,Pedestales tubo de aspiración Planos de taller.,Si,CYS-CW276532-PHI-02390,No,2/diciembre/2025,INT-OC-CYS-2665/25
b1792c00,31/10/2025,CYS,Contrato CW 276532,Supervisión de control de laboratorio ensayos de calidad,Consolidación y conglomeración macizo perturbado zona sur,Alternativas para el control de resurgencias de inyecciones de aglutinamiento,Si,CYS-CW276532-PHI-02392,No,18/noviembre/2025,INT-OC-CYS-2532/25
3b8694ef,31/10/2025,CYS,Contrato CW 276532,Supervisión de seguridad y salud en el trabajo,Sin Frente,Presentación hojas de vida personal SST.,Si,CYS-CW276532-PHI-02393,No,16/noviembre/2025,INT-OC-CYS-2520/25
a1e59f23,31/10/2025,CYS,Contrato CW 276532,Supervisión técnica,Casa de máquinas y obras anexas,Apoyos para elementos de soporte de los rieles del pórtico grúa y plataformas para montaje del blindaje de las conducciones - viga en Concreto Reforzado EL. 338.05 – Planos y cartillas de refuerzo R1.,Si,CYS-CW276532-PHI-02395,No,28/noviembre/2025,INT-OC-CYS-2625/25
20618924,31/10/2025,CYS,Contrato CW 276532,Supervisión técnica,Almenaras y obras anexas,Esquema de protección contra la corrosión de elementos metálicos expuestos en cabezales de tensores existentes. Tipo de limpieza SSPC.,Si,D-PHI-COP-0655-2025,No,3/noviembre/2025,INT-OC-CYS-2388/25
63470201,31/10/2025,CYS,Contrato CW 276532,Supervisión técnica,Presa y obras anexas,Pantalla Cortaflujo – Propuesta relleno con material granular en zonas de desviaciones panel P3.,Si,D-PHI-COP-0659-2025,No,10/noviembre/2025,INT-OC-CYS-2456/25
41118678,31/10/2025,CYS,Contrato CW 276532,Supervisión técnica,Conducciones zona sur,Oficialización instructivos de campo IC-199-2025 al CI-203-2025.,Si,D-PHI-COP-0660-2025,Si,6/noviembre/2025,INT-OC-CYS-2415/25
10f8f157,01/11/2025,CYS,Contrato CW 276532,Supervisión de seguridad y salud en el trabajo,Sin Frente,Solicitud investigación accidente laboral de Emerson Buriticá Arboleda CC 1007317654,No,,No,3/noviembre/2025,INT-OC-CYS-2385/25
9bbd93cb,01/11/2025,CYS,Contrato CW 276532,Supervisión de seguridad y salud en el trabajo,Sin Frente,Formalización compromisos del seguimiento semanal SST/HS en obra – 31 de octubre de 2025.,No,,Si,3/noviembre/2025,INT-OC-CYS-2384/25
e0bc9c9c,01/11/2025,CYS,Contrato CW 276532,Supervisión de control de laboratorio ensayos de calidad,Conducciones zona sur,Modificación de mezcla de concreto en frente de obra,No,,No,3/noviembre/2025,INT-OC-CYS-2389/25
c2451178,01/11/2025,CYS,Contrato CW 276532,Supervisión de control de laboratorio ensayos de calidad,Conducciones zona sur,Modificación de mezcla de concreto en frente de obra,No,,No,,
b9d994b3,01/11/2025,CYS,Contrato CW 276532,Supervisión de control de laboratorio ensayos de calidad,Sin Frente,Resultados de Ensayos Permeabilidad Cámara Triaxial y Triaxiales CU Panel de prueba.,Si,CYS-CW276532-PHI-02394,No,4/noviembre/2025,INT-OC-CYS-2394/25
a1e1262c,01/11/2025,CYS,Contrato CW 276532,Supervisión técnica,Presa y obras anexas,Mantenimiento y limpieza de obras de drenaje,Si,CYS-CW276532-PHI-02396,No,6/noviembre/2025,INT-OC-CYS-2409/25
a57f3994,01/11/2025,CYS,Contrato CW 276532,Supervisión técnica,Casa de máquinas y obras anexas,Muros Aguas Abajo Unidades 5 a 8 – Planos y cartillas de refuerzo – Actualización geométrica conforme,Si,CYS-CW276532-PHI-02397,No,21/diciembre/2025,INT-OC-CYS-2813/25
6a7e21b8,01/11/2025,CYS,Contrato CW 276532,Supervisión de seguridad y salud en el trabajo,Sin Frente,Falta de designación de Gestor SST,Si,CYS-CW276532-PHI-02398,No,12/noviembre/2025,INT-OC-CYS-2488/25
ea88cbb1,01/11/2025,CYS,Contrato CW 276532,Supervisión técnica,Galerías de acceso y construcción sistema de conducción,Galería D Conducción superior No 4,Si,CYS-CW276532-PHI-02399,No,12/noviembre/2025,INT-OC-CYS-2486/25
25459999,01/11/2025,CYS,Contrato CW 276532,Supervisión técnica,Casa de máquinas y obras anexas,Muro Aguas Arriba Unidad 5 a 8 – Planos y cartillas de refuerzo R2.,Si,CYS-CW276532-PHI-02400,No,16/diciembre/2025,INT-OC-CYS-2762/25
89e26a0d,01/11/2025,CYS,Contrato CW 276532,Supervisión técnica,Conducciones zona sur,Ramal de acceso conducción superior 5 – Novedades lleno oquedad zona de bóveda,Si,CYS-CW276532-PHI-02401,No,6/noviembre/2025,INT-OC-CYS-2411/25
c8b74119,01/11/2025,CYS,Contrato CW 276532,Supervisión técnica,Presa y obras anexas,Pantalla cortaflujo – Plano de implementación de estructuras provisionales.,Si,CYS-CW276532-PHI-02402,No,10/noviembre/2025,INT-OC-CYS-2455/25
0b08d307,01/11/2025,CYS,Contrato CW 276532,Supervisión técnica,Conducciones zona sur,Adecuación tubería de aforos Ramal Conducción superior 4,Si,CYS-CW276532-PHI-02403,No,6/noviembre/2025,INT-OC-CYS-2412/25
08dae517,01/11/2025,CYS,Contrato CW 276532,Supervisión técnica,Presa y obras anexas,Pantalla cortaflujo – Informe panel de prueba,Si,CYS-CW276532-PHI-02404,No,,
ea9e9746,01/11/2025,CYS,Contrato CW 276532,Supervisión de seguridad física,Sin Frente,Informe de actividades de seguridad física octubre de 2025.,Si,CYS-CW276532-PHI-02405,Si,12/noviembre/2025,INT-OC-CYS-2490/25
62340acd,02/11/2025,CYS,Contrato CW 276532,Supervisión técnica,Casa de máquinas y obras anexas,"Entrega de actualizción de planos estructurales de la losa EL.188,50 - Galería de drenaje.",Si,D-PHI-COP-0661-2025,No,5/noviembre/2025,INT-OC-CYS-2405/25
4d056300,03/11/2025,CYS,Contrato CW 276532,Supervisión técnica,Conducciones zona sur,Localización primera estación de convergencia - Pozos de presión N°5 a N°8.,Si,NC-321-25,Si,6/noviembre/2025,INT-OC-CYS-2413/25
186517d7,03/11/2025,CYS,Contrato CW 276532,Supervisión técnica,Presa y obras anexas,Pantalla cortaflujo - Panel P5 - Ejecución de actividades no contempladas en el procedimiento,No,,No,20/noviembre/2025,INT-OC-CYS-2552/25
807edffe,03/11/2025,CYS,Contrato CW 276532,Supervisión técnica,Presa y obras anexas,Pantalla cortaflujo - Unificación del perfil geológico. Complemento nuestra comunicación INT-OC-CYS-2346/25,No,,No,5/noviembre/2025,INT-OC-CYS-2398/25
ae3a35d9,04/11/2025,CYS,Contrato CW 276532,Supervisión técnica,Conducciones zona sur,Recomendaciones para mitigar infiltraciones de agua en la galería C y el ramal de acceso superior a la conducción No. 4.,Si,D-PHI-COP-0665-2025,Si,6/noviembre/2025,INT-OC-CYS-2420/25
f75e0e41,04/11/2025,CYS,Contrato CW 276532,Supervisión técnica,Vías Industriales del proyecto,"Sitio 9 — Limpieza de escarpe, malla+pernos, drenajes y protección temporal CT2.",Si,NC-320-25,Si,6/noviembre/2025,INT-OC-CYS-2417/25
f2446e65,04/11/2025,CYS,Contrato CW 276532,Supervisión técnica,Presa y obras anexas,Pantalla cortaflujo - Módulación paneles,No,,No,12/noviembre/2025,INT-OC-CYS-2485/25
320541a5,04/11/2025,CYS,Contrato CW 276532,Supervisión técnica,Casa de máquinas y obras anexas,Control de calidad - Solicitud de información termocuplas,No,,No,18/noviembre/2025,INT-OC-CYS-2538/25
c5f19a04,04/11/2025,CYS,Contrato CW 276532,Supervisión técnica,Casa de máquinas y obras anexas,Cambio de transformadores en casa de máquinas,Si,CYS-CW276532-PHI-02406,No,26/noviembre/2025,INT-OC-CYS-2605/25
2220fd0a,04/11/2025,CYS,Contrato CW 276532,Supervisión de control de laboratorio ensayos de calidad,Sin Frente,Plan metrológico y certificados de calibración de los equipos de obras,Si,CYS-CW276532-PHI-02407,No,10/noviembre/2025,INT-OC-CYS-2468/25
15b3d094,04/11/2025,CYS,Contrato CW 276532,Supervisión técnica,Conducciones zona sur,Ramales Inferiores No.7 y No.8 – Falta de Insumos en Obra – Inactividad,Si,CYS-CW276532-PHI-02408,No,9/noviembre/2025,INT-OC-CYS-2454/25
9c43ec0a,04/11/2025,CYS,Contrato CW 276532,Supervisión de control de laboratorio ensayos de calidad,Sin Frente,Resultados de Ensayos Permeabilidad Cámara Triaxial y Triaxiales CU Panel de prueba,Si,CYS-CW276532-PHI-02409,No,,
bef7f88f,04/11/2025,CYS,Contrato CW 276532,Supervisión de control de laboratorio ensayos de calidad,Sin Frente,Plan de calibración y verificación de plantas de concreto,Si,CYS-CW276532-PHI-02410,No,,
7fdeedb1,04/11/2025,CYS,Contrato CW 276532,Supervisión de control de laboratorio ensayos de calidad,Sin Frente,Registro de cargue planta Domat 30 m3/h,Si,CYS-CW276532-PHI-02411,No,10/noviembre/2025,INT-OC-CYS-2469/25
d7bd51a1,04/11/2025,CYS,Contrato CW 276532,Supervisión técnica,Sin Frente,Entrega ayuda de memoria reunión- Excavación Pozos con equipo Raise boring,No,,Si,5/noviembre/2025,INT-OC-CYS-2404/25
e71e23b0,05/11/2025,CYS,Contrato CW 276532,Supervisión socioambiental,Sin Frente,Entrega del acta de comité socioambiental No. 42.,No,,Si,6/noviembre/2025,INT-OC-CYS-2416/25
de008905,05/11/2025,CYS,Contrato CW 276532,Supervisión de seguridad y salud en el trabajo,Sin Frente,Solicitud investigación accidente laboral Alejandro Antonio Londoño Rodriguez CC.1.007.625.928,No,,No,6/noviembre/2025,INT-OC-CYS-2421/25
b19e223a,05/11/2025,CYS,Contrato CW 276532,Supervisión técnica,Casa de máquinas y obras anexas,"Entrega de actualización de planos estructurales de las losas EL. 193,00 m.s.n.m. y EL. 199,00 m.s.n.m. por modificación de las bases de tableros eléctricos.",Si,D-PHI-COP-0670-2025,Si,9/noviembre/2025,INT-OC-CYS-2434/25
85f73ea7,05/11/2025,CYS,Contrato CW 276532,Supervisión técnica,Consolidación y conglomeración macizo perturbado zona sur,Altos consumos inyecciones desde la Galería D Sur.,Si,D-PHI-COP-0671-2025,No,,
77a25b2b,05/11/2025,CYS,Contrato CW 276532,Supervisión técnica,Casa de máquinas y obras anexas,Acero de refuerzo en muro aguas abajo por interferencia con tubería ANT.,Si,NC-324-25,Si,9/noviembre/2025,INT-OC-CYS-2448/25
e0fbbcb1,05/11/2025,CYS,Contrato CW 276532,Supervisión técnica,Presa y obras anexas,Pantalla cortaflujo – Seguimiento Panel P2,Si,CYS-CW276532-PHI-02412,No,15/noviembre/2025,INT-OC-CYS-2505/25
3b8f5539,05/11/2025,CYS,Contrato CW 276532,Supervisión técnica,Túneles de aspiración,Perfiles metálicos en tramo 1 del túnel de aspiración N°6 – Planos de taller.,Si,CYS-CW276532-PHI-02413,No,2/diciembre/2025,INT-OC-CYS-2663/25
5e97d07d,05/11/2025,CYS,Contrato CW 276532,Supervisión de control de laboratorio ensayos de calidad,Sin Frente,Plan de calibración y verificación de las plantas de concreto Janeoo-60 y Domat 100.,Si,CYS-CW276532-PHI-02414,No,11/noviembre/2025,INT-OC-CYS-2476/25
f44955f4,05/11/2025,CYS,Contrato CW 276532,Supervisión de control de laboratorio ensayos de calidad,Sin Frente,Certificados de Materiales del 16 de octubre al 31 de octubre de 2025.,Si,CYS-CW276532-PHI-02415,No,12/noviembre/2025,INT-OC-CYS-2491/25
fd207b2e,05/11/2025,CYS,Contrato CW 276532,Supervisión de seguridad y salud en el trabajo,Sin Frente,Recuperación ramales superiores – Evento fragmentación de roca.,Si,CYS-CW276532-PHI-02416,No,16/noviembre/2025,INT-OC-CYS-2519/25
28c174fe,05/11/2025,CYS,Contrato CW 276532,Supervisión técnica,Sin Frente,Informe de eventos de fragmentación y curva de atenuación eventos de prueba,Si,CYS-CW276532-PHI-02417,No,30/marzo/2026,INT-OC-CYS-732/26
9dc1ad11,05/11/2025,CYS,Contrato CW 276532,Supervisión técnica,Casa de máquinas y obras anexas,Tratamiento de tensores existentes.,Si,CYS-CW276532-PHI-02418,No,,
0ed791ab,05/11/2025,CYS,Contrato CW 276532,Supervisión de seguridad y salud en el trabajo,Sin Frente,Solicitud investigación accidente laboral Miguel Ángel Morales Ellis CC.1.096.224.956,No,,No,6/noviembre/2025,INT-OC-CYS-2418/25
53bd7107,05/11/2025,CYS,Contrato CW 276532,Supervisión de seguridad y salud en el trabajo,Sin Frente,Solicitud investigación accidente laboral Daniel Alberto Meneses  CC.70.631.894,No,,No,6/noviembre/2025,INT-OC-CYS-2419/25
dbe03d37,05/11/2025,CYS,Contrato CW 276532,Supervisión técnica,Casa de máquinas y obras anexas,Asunto: Adecuación de Áreas de Trabajo en Casa de Máquinas Su,No,,No,,
5844360e,05/11/2025,CYS,Contrato CW 276532,Supervisión técnica,Casa de máquinas y obras anexas,Asunto: Adecuación de Áreas de Trabajo en Casa de Máquinas Sur,No,,No,,
d63a4375,05/11/2025,CYS,Contrato CW 276532,Supervisión técnica,Casa de máquinas y obras anexas,Acta de transferencia de zonas de trabajo - Tramos 0 y 1 del túnel de aspiración UG05,No,,Si,6/noviembre/2025,INT-OC-CYS-2414/25
e27b4e8e,06/11/2025,CYS,Contrato CW 276532,Supervisión técnica,Conducciones zona sur,Perforaciones aglutinamiento zona perturbada en conducciones de la 5 a la 8.,Si,D-PHI-COP-0672-2025,Si,9/noviembre/2025,INT-OC-CYS-2447/25
32208b28,06/11/2025,CYS,Contrato CW 276532,Supervisión de control de laboratorio ensayos de calidad,Presa y obras anexas,Panel de Prueba Pantalla Cortaflujo,Si,D-PHI-COP-0673-2025,No,,
1314744e,06/11/2025,CYS,Contrato CW 276532,Supervisión técnica,Obras en las descargas,Instrumentación geotécnica. Reubicación estación de convergencia.,Si,NC-325-25,Si,9/noviembre/2025,INT-OC-CYS-2444/25
cface53e,06/11/2025,CYS,Contrato CW 276532,Supervisión de seguridad y salud en el trabajo,Casa de máquinas y obras anexas,Solicitud entrega de documentación y atención de observaciones para andamios de acceso,No,,No,8/noviembre/2025,INT-OC-CYS-2432/25
c7701642,06/11/2025,CYS,Contrato CW 276532,Supervisión socioambiental,Sin Frente,– Diseño y memoria de cálculo unidad de sedimentación planta de fabricación de lechada plazoleta 435.,Si,CYS-CW276532-PHI-02346,No,,
82be7938,06/11/2025,CYS,Contrato CW 276532,Supervisión técnica,Presa y obras anexas,Pantalla Cortaflujo - Control de las excavaciones,No,,No,9/noviembre/2025,INT-OC-CYS-2446/25
10823395,06/11/2025,CYS,Contrato CW 276532,Supervisión técnica,Sin Frente,Entrega ayuda de memoria – Reunión seguimiento Pantalla Cortaflujo-30 de octubre de 2025.,No,,Si,7/noviembre/2025,INT-OC-CYS-2424/25
5beea003,06/11/2025,CYS,Contrato CW 276532,Supervisión de seguridad y salud en el trabajo,Sin Frente,Remisión acta de comité SST No. 21.,No,,Si,7/noviembre/2025,INT-OC-CYS-2429/25
f7be0dc6,06/11/2025,CYS,Contrato CW 276532,Supervisión de seguridad y salud en el trabajo,Casa de máquinas y obras anexas,Restricción de operación del equipo Retroexcavadora por condiciones subestándar,No,,No,9/noviembre/2025,INT-OC-CYS-2435/25
3aae234f,06/11/2025,CYS,Contrato CW 276532,Supervisión técnica,Casa de máquinas y obras anexas,"Oficialización instructivos de campo Galería F, ramales 6 y 8 de las conducciones superiores, casa de maquinas, Galería C, ramal 7 de las conducciones inferiores, Galería acceso a los pozos de compuertas Elev. 435, GCIW Y talud derecho de la pantalla plástica",Si,D-PHI-COP-0675-2025,Si,9/noviembre/2025,INT-OC-CYS-2445/25
a3b2f15b,06/11/2025,CYS,Contrato CW 276532,Supervisión técnica,Presa y obras anexas,Aclaración sobre el proceso de tensionamiento de las barras para sujeción de la malla electrosoldada para los taludes con tratamiento Tipo 1,Si,NC-327-25,Si,9/noviembre/2025,INT-OC-CYS-2449/25
9017e7d2,07/11/2025,CYS,Contrato CW 276532,Supervisión de seguridad física,Sin Frente,Aclaración comunicado INT-OC-CYS-2408/25,No,,No,9/noviembre/2025,INT-OC-CYS-2452/25
ae3a62b6,07/11/2025,CYS,Contrato CW 276532,Supervisión contractual,Sin Frente,Informe técnico mensual octubre de 2025,Si,CYS-CW276532-PHI-02419,No,11/noviembre/2025,INT-OC-CYS-2481/25
f79e2c33,07/11/2025,CYS,Contrato CW 276532,Supervisión técnica,Consolidación y conglomeración macizo perturbado zona sur,Reparación y sostenimiento en ramal de conducción5 y 6 por la galería de construcción inferior Sur,Si,CYS-CW276532-PHI-02420,No,16/diciembre/2025,INT-OC-CYS-2768/25
b3556d6f,07/11/2025,CYS,Contrato CW 276532,Supervisión técnica,Consolidación y conglomeración macizo perturbado zona sur,Obturados atascados en perforaciones para inyecciones de aglutinamiento,Si,CYS-CW276532-PHI-02421,No,2/diciembre/2025,INT-OC-CYS-2664/25
bb8e6ac5,07/11/2025,CYS,Contrato CW 276532,Supervisión de seguridad y salud en el trabajo,Casa de máquinas y obras anexas,Restricción transito por andamios de acceso,No,,No,9/noviembre/2025,INT-OC-CYS-2439/25
9eb4c6b9,08/11/2025,CYS,Contrato CW 276532,Supervisión técnica,Almenaras y obras anexas,Remisión de control de cambios FE 2 2194 1 - Recuperación zona sur - ALM R0 - pórtico de Almenara 2,Si,D-PHI-CCE-ADM-1-C6907,No,,
b7dc1e5c,08/11/2025,CYS,Contrato CW 276532,Supervisión técnica,Conducciones zona sur,Codos superiores Aclaración de puntos geométricos de referencia en los planos,Si,D-PHI-COP-0678-2025,No,,
c6e4a73c,08/11/2025,CYS,Contrato CW 276532,Supervisión técnica,Conducciones zona sur,Perforaciones aglutinamiento desde ramales inferiores hacia pozos presión 5 al 8,Si,D-PHI-COP-0681-2025,No,,
c902d79f,08/11/2025,CYS,Contrato CW 276532,Supervisión técnica,Conducciones zona sur,Perforación de drenaje Galería C secuencia de perforación e inyecciones,Si,D-PHI-COP-0682-2025,No,,
5f041eb1,08/11/2025,CYS,Contrato CW 276532,Supervisión técnica,Conducciones zona sur,Perforaciones de aglutinamiento desde ramales inferiores hacia pozos de presión 5 a 8,No,,Si,9/noviembre/2025,INT-OC-CYS-2437/25
d5ade1a4,08/11/2025,CYS,Contrato CW 276532,Supervisión de costos,Sin Frente,Conducciones zona sur – Rehabilitación de los ramales superiores No. 5 a No. 8 – Solicitud de reconocimiento económico por cambio de condiciones de ejecución.,Si,CYS-CW276532-PHI-02364,No,9/noviembre/2025,INT-OC-CYS-2436/25
3c5b2242,08/11/2025,CYS,Contrato CW 276532,Supervisión socioambiental,Sin Frente,Entrega del acta de comité socioambiental No. 43.,No,,Si,9/noviembre/2025,INT-OC-CYS-2438/25
93bd0686,08/11/2025,CYS,Contrato CW 276532,Supervisión técnica,Conducciones zona sur,Galería C- Secuencia de Perforación e Inyección,No,,Si,9/noviembre/2025,INT-OC-CYS-2441/25
c99f065f,08/11/2025,CYS,Contrato CW 276532,Supervisión de seguridad y salud en el trabajo,Casa de máquinas y obras anexas,Solicitud investigación Incidente,No,,No,11/noviembre/2025,INT-OC-CYS-2475/25
97f63eff,08/11/2025,CYS,Contrato CW 276532,Supervisión de costos,Casa de máquinas y obras anexas,Tratamiento de tensores existentes,Si,CYS-CW276532-PHI-02418,No,9/noviembre/2025,INT-OC-CYS-2440/25
fb521557,08/11/2025,CYS,Contrato CW 276532,Supervisión técnica,Consolidación y conglomeración macizo perturbado zona sur,Alternativas para el control de resurgencias de inyecciones de aglutinamiento,Si,CYS-CW276532-PHI-02426,No,3/diciembre/2025,INT-OC-CYS-2667/25
1da17789,08/11/2025,CYS,Contrato CW 276532,Supervisión de control de laboratorio ensayos de calidad,Sin Frente,Contenido de fibra de concreto lanzado,Si,CYS-CW276532-PHI-02428,No,10/noviembre/2025,INT-OC-CYS-2467/25
b1f40cbf,08/11/2025,CYS,Contrato CW 276532,Supervisión técnica,Zonas de deposito obras finales,Disponibilidad bulldozer utilizado para la conformación del deposito,Si,CYS-CW276532-PHI-02429,No,10/noviembre/2025,INT-OC-CYS-2466/25
bc1cd8e7,08/11/2025,CYS,Contrato CW 276532,Supervisión técnica,Túneles de aspiración,Instalación del tensor 11B Interferencia con soporte metálico y exclusión de celda de carga,Si,NC-328-25,Si,10/noviembre/2025,INT-OC-CYS-2465/25
8a217042,08/11/2025,CYS,Contrato CW 276532,Supervisión de seguridad y salud en el trabajo,Casa de máquinas y obras anexas,Desviaciones subestándar actividades izaje de cargas,No,,No,10/noviembre/2025,INT-OC-CYS-2471/25
1dec858f,09/11/2025,CYS,Contrato CW 276532,Supervisión contractual,Sin Frente,Envío de acta del comité de programación No. 062.,No,,Si,9/noviembre/2025,INT-OC-CYS-2450/25
7ed7b108,09/11/2025,CYS,Contrato CW 276532,Supervisión técnica,Casa de máquinas y obras anexas,Túnel aspirador tramo 1 unidades 7 y 8 planos y cartilla de refuerzo,Si,CYS-CW276532-PHI-02423,No,5/diciembre/2025,INT-OC-CYS-2675/25
d989e2fc,09/11/2025,CYS,Contrato CW 276532,Supervisión socioambiental,Sin Frente,Informe socioambiental correspondiente al mes de octubre de 2025,Si,CYS-CW276532-PHI-02424,No,19/noviembre/2025,INT-OC-CYS-2548/25
3afa689d,09/11/2025,CYS,Contrato CW 276532,Supervisión técnica,Conducciones zona sur,Conducciones superiores 6 aireador compuerta 6 entrega procedimiento acceso e inyección,Si,CYS-CW276532-PHI-02425,No,13/noviembre/2025,INT-OC-CYS-2498/25
825a8c39,09/11/2025,CYS,Contrato CW 276532,Supervisión técnica,Galería auxiliar de desviación (GAD),Planos de taller de refuerzo del atraque de tubería de infiltración,Si,CYS-CW276532-PHI-02427,No,8/diciembre/2025,INT-OC-CYS-2698/25
18ea9e57,09/11/2025,CYS,Contrato CW 276532,Supervisión de control de laboratorio ensayos de calidad,Sin Frente,"Aprobación de mezclas de lechada para inyección LE-110, LE-111 y LE-113",Si,CYS-CW276532-PHI-02430,No,5/diciembre/2025,INT-OC-CYS-2679/25
3e44d577,09/11/2025,CYS,Contrato CW 276532,Supervisión de control de laboratorio ensayos de calidad,Sin Frente,Resultados de ensayos permeabilidad cámara Traxiales CU Panel de prueba,Si,CYS-CW276532-PHI-02431,No,15/noviembre/2025,INT-OC-CYS-2512/25
6bae37c7,09/11/2025,CYS,Contrato CW 276532,Supervisión de seguridad y salud en el trabajo,Sin Frente,Remisión ayuda de memoria No.22 - Reunión condiciones críticas de Seguridad y Salud en el Trabajo (SST) en obra,No,,Si,10/noviembre/2025,INT-OC-CYS-2463/25
4d98f1e5,10/11/2025,CYS,Contrato CW 276532,Supervisión técnica,Casa de máquinas y obras anexas,Soportes y encofrados planos de taller tercera entrega,Si,CYS-CW276532-PHI-02432,No,,
c1fdf696,10/11/2025,CYS,Contrato CW 276532,Supervisión de gestión documental y calidad,Sin Frente,Radicación actas de pago de septiembre y octubre de 2025,No,,No,11/noviembre/2025,INT-OC-CYS-2480/25
a1c8250a,10/11/2025,CYS,Contrato CW 276532,Supervisión de seguridad y salud en el trabajo,Casa de máquinas y obras anexas,Orden reiterada de Interventoría - Restricción transito por andamios de acceso,No,,No,14/noviembre/2025,INT-OC-CYS-2499/25
0e04c7a9,10/11/2025,CYS,Contrato CW 276532,Supervisión técnica,Sin Frente,Entrega ayuda de memoria – Reunión seguimiento Pantalla Cortaflujo 06 de noviembre de 2025.,No,,Si,11/noviembre/2025,INT-OC-CYS-2483/25
83ab3e33,11/11/2025,CYS,Contrato CW 276532,Supervisión técnica,Sin Frente,Remisión acta de instrumentación geotécnica,Si,CYS-CW276532-PHI-02422,No,18/noviembre/2025,INT-OC-CYS-2531/25
89364fbb,11/11/2025,CYS,Contrato CW 276532,Supervisión de control de laboratorio ensayos de calidad,Conducciones zona sur,Modificación de mezcla de concreto en frente de obra,Si,CYS-CW276532-PHI-02433,No,17/noviembre/2025,INT-OC-CYS-2523/25
07fde958,11/11/2025,CYS,Contrato CW 276532,Supervisión técnica,Túneles de aspiración,Tuberías túnel aspiración unidad 6 planos de taller,Si,CYS-CW276532-PHI-02434,No,30/noviembre/2025,INT-OC-CYS-2641/25
c18d09fa,11/11/2025,CYS,Contrato CW 276532,Supervisión técnica,Vertedero y obras anexas,Sondeo berma 500 planos de taller y memoria de calculo de ménsulas y barandas,Si,CYS-CW276532-PHI-02435,No,11/diciembre/2025,INT-OC-CYS-2717/25
ddbb1f53,11/11/2025,CYS,Contrato CW 276532,Supervisión de seguridad física,Sin Frente,Informe de actividades de seguridad física julio de 2025,Si,CYS-CW276532-PHI-02436,No,20/noviembre/2025,INT-OC-CYS-2558/25
3c72c62e,11/11/2025,CYS,Contrato CW 276532,Supervisión técnica,Casa de máquinas y obras anexas,Actividades adicionales de manejo de aguas y protecciones colectivas,Si,CYS-CW276532-PHI-02437,No,,
3cc3a4e1,11/11/2025,CYS,Contrato CW 276532,Supervisión de seguridad y salud en el trabajo,Sin Frente,Orden reiterada sobre entrega investigación accidentes laborales,Si,CYS-CW276532-PHI-02439,No,7/diciembre/2025,INT-OC-CYS-2692/25
4eda00b4,11/11/2025,CYS,Contrato CW 276532,Supervisión de control de laboratorio ensayos de calidad,Sin Frente,Concreto para restitución oquedad 2 y muro aguas abajo unidad 6,SI,CYS-CW276532-PHI-02440,No,5/diciembre/2025,INT-OC-CYS-2674/25
12a6f468,11/11/2025,CYS,Contrato CW 276532,Supervisión técnica,Presa y obras anexas,Medidor de infiltraciones. Instrumentación geotécnica. Novedades en el monitoreo de los piezómetros de tubo abierto de la pata de la presa.,Si,D-PHI-COP-0679-2025,No,18/noviembre/2025,INT-OC-CYS-2535/25
7536a51a,11/11/2025,CYS,Contrato CW 276532,Supervisión técnica,Conducciones zona sur,Seguimiento actividades Codo superior No. 6,No,,No,12/noviembre/2025,INT-OC-CYS-2489/25
87ef511f,11/11/2025,CYS,Contrato CW 276532,Supervisión técnica,Conducciones zona sur,Codos superiores pozos - Solicitud de plano para construcción.,Si,D-PHI-COP-0691-2025,No,,
dde24250,11/11/2025,CYS,Contrato CW 276532,Supervisión técnica,Sin Frente,Reprogramación Cronograma General del Proyecto.,Si,CYS-CW276532-PHI-02438,No,19/noviembre/2025,INT-OC-CYS-2549/25
43aee14b,11/11/2025,CYS,Contrato CW 276532,Supervisión de seguridad y salud en el trabajo,Sin Frente,Informe de gestión mensual - SST octubre 2025.,Si,CYS-CW276532-PHI-02441,No,14/diciembre/2025,INT-OC-CYS-2738/25
d13c6be4,11/11/2025,CYS,Contrato CW 276532,Supervisión de seguridad y salud en el trabajo,Sin Frente,Hallazgos pendientes por cerrar inspección conjunta No.72,Si,CYS-CW276532-PHI-02442,No,5/diciembre/2025,INT-OC-CYS-2677/25
065aab87,11/11/2025,CYS,Contrato CW 276532,Supervisión de seguridad y salud en el trabajo,Casa de máquinas y obras anexas,Documentación sistema posicionamiento para trabajo en altura.,Si,CYS-CW276532-PHI-02443,No,24/noviembre/2025,INT-OC-CYS-2588/25
f6f6cd87,11/11/2025,CYS,Contrato CW 276532,Supervisión de seguridad y salud en el trabajo,Sin Frente,Sitio 9 km 13+930 - Observaciones actividades trabajos en alturas,Si,CYS-CW276532-PHI-02444,No,5/diciembre/2025,INT-OC-CYS-2678/25
9b5d4a7a,11/11/2025,CYS,Contrato CW 276532,Supervisión de seguridad física,Sin Frente,Condiciones actuales del proyecto - Afectaciones de seguridad y orden público.,Si,CYS-CW276532-PHI-02445,No,20/noviembre/2025,INT-OC-CYS-2554/25
83ef88cd,11/11/2025,CYS,Contrato CW 276532,Supervisión técnica,Túneles de aspiración,Anclajes para Tensores de Tubo Aspirador N°5 a N°8,Si,NC-330-25,Si,14/noviembre/2025,INT-OC-CYS-2500/25
e4e95b67,11/11/2025,CYS,Contrato CW 276532,Supervisión técnica,Conducciones zona sur,Rectificación nomenclatura perforación INY-RI7-ZS-06 a INY-RI8-ZS-06,Si,NC-331-25,Si,13/noviembre/2025,INT-OC-CYS-2493/25
6ef3a9a4,11/11/2025,CYS,Contrato CW 276532,Supervisión técnica,Conducciones zona sur,Instrumentación geotécnica. Nomenclatura estaciones de convergencia pozos de presión,Si,NC-332-25,Si,13/noviembre/2025,INT-OC-CYS-2494/25
a5503dc9,12/11/2025,CYS,Contrato CW 276532,Supervisión técnica,Casa de máquinas y obras anexas,Procedimiento constructivo de cabezales tensores.,Si,CYS-CW276532-PHI-02451,No,18/noviembre/2025,INT-OC-CYS-2534/25
3301f2a9,12/11/2025,CYS,Contrato CW 276532,Supervisión técnica,Casa de máquinas y obras anexas,"Oquedad 2. Restitución. Tensores activos sobre el nivel 204,00 m s.n.m. Dispositivos de anclaje pasivo en extremos a embeber en concreto de la restitución.",Si,D-PHI-COP-0692-2025,No,,
b011e403,12/11/2025,CYS,Contrato CW 276532,Supervisión técnica,Casa de máquinas y obras anexas,"Oquedad 2. Restitución. Tensores activos sobre el nivel 204,00 m s.n.m. Dispositivos de anclaje pasivo en extremos a embeber en concreto de la restitución.",Si,D-PHI-COP-0692-2025,Si,13/noviembre/2025,INT-OC-CYS-2496/25
1e55fd7d,12/11/2025,CYS,Contrato CW 276532,Supervisión de seguridad y salud en el trabajo,Almenaras y obras anexas,Hallazgos pendiente por cerrar inspección conjunta No. 69,Si,CYS-CW276532-PHI-02446,No,6/diciembre/2025,INT-OC-CYS-2689/25
07826c84,12/11/2025,CYS,Contrato CW 276532,Supervisión de seguridad y salud en el trabajo,Almenaras y obras anexas,Solicitud investigación accidente laboral de Juan David Giraldo Echavarría,Si,CYS-CW276532-PHI-02447,No,29/noviembre/2025,INT-OC-CYS-2634/25
eff25575,12/11/2025,CYS,Contrato CW 276532,Supervisión de gestión documental y calidad,Sin Frente,Informe de auditoría ciclo II,No,,Si,13/noviembre/2025,INT-OC-CYS-2497/25
4bce4a38,12/11/2025,CYS,Contrato CW 276532,Supervisión técnica,Sin Frente,Formalización compromisos – Recorrido de obra – Mesa de constructibilidad 9 de noviembre de 2025.,No,,Si,13/noviembre/2025,INT-OC-CYS-2492/25
1c609662,13/11/2025,CYS,Contrato CW 276532,Supervisión técnica,Caverna de transformadores y obras anexas,Manejo humedades en pared aguas arriba en celdas de transformadores zona norte.,Si,D-PHI-COP-0658-2025,No,,
44b8708e,13/11/2025,CYS,Contrato CW 276532,Supervisión técnica,Sin Frente,Envío acta de entrega de bienes No. 59-039,No,,Si,15/noviembre/2025,INT-OC-CYS-2511/25
7da7180e,13/11/2025,CYS,Contrato CW 276532,Supervisión técnica,Presa y obras anexas,Procedimiento - Pantalla cortaflujo,Si,D-PHI-COP-0669-2025,No,,
1eb5d83b,13/11/2025,CYS,Contrato CW 276532,Supervisión de seguridad y salud en el trabajo,Sin Frente,Solicitud información investigación accidente laboral de Walter Yesid Holguín CC.1146441450.,Si,CYS-CW276532-PHI-02448,No,29/noviembre/2025,INT-OC-CYS-2635/25
a1237956,13/11/2025,CYS,Contrato CW 276532,Supervisión de seguridad y salud en el trabajo,Sin Frente,Accidente laboral de Albeiro George García.,Si,CYS-CW276532-PHI-02449,No,29/noviembre/2025,INT-OC-CYS-2636/25
16818e3c,13/11/2025,CYS,Contrato CW 276532,Supervisión técnica,Casa de máquinas y obras anexas,Despiece Tramos 2 a 4 Unidades 5 a 8 – Planos y cartillas de refuerzo.,Si,CYS-CW276532-PHI-02450,No,30/enero/2026,INT-OC-CYS-228/26
418c4832,13/11/2025,CYS,Contrato CW 276532,Supervisión socioambiental,Sin Frente,Cierre Inspección Conjunta GI-AM-13-25,No,,Si,,
75491a52,13/11/2025,CYS,Contrato CW 276532,Supervisión socioambiental,Instalaciones provisionales obras finales,Cierre Inspección Conjunta GI-AM-13-25,No,,Si,14/noviembre/2025,INT-OC-CYS-2501/25
b529fe54,13/11/2025,CYS,Contrato CW 276532,Supervisión de seguridad y salud en el trabajo,Presa y obras anexas,Orden reiterada solicitud documentación sistema de protección contra caídas,No,,No,15/noviembre/2025,INT-OC-CYS-2503/25
e5df5c9d,13/11/2025,CYS,Contrato CW 276532,Supervisión socioambiental,Presa y obras anexas,Pantalla cortaflujo - Plano de implantación de estructuras provisionales,Si,CYS-CW276532-PHI-02402,No,,
18f89233,13/11/2025,CYS,Contrato CW 276532,Supervisión técnica,Túnel de acceso y galerías de construcción de la central,Galería de construcción inferior sur - Ramal de acceso y codo inferior n.° 7,No,,No,24/noviembre/2025,INT-OC-CYS-2590/25
727b18f8,13/11/2025,CYS,Contrato CW 276532,Supervisión técnica,Túnel de acceso y galerías de construcción de la central,Galería de construcción inferior sur - Ramal de acceso y codo inferior n.° 8,No,,No,,
5d48dc19,13/11/2025,CYS,Contrato CW 276532,Supervisión técnica,Casa de máquinas y obras anexas,Muro Aguas Abajo U5–U8 – Ajuste de acoples Barsplice en zonas de intersección con losas del Edificio Lateral A.,Si,CYS-CW276532-PHI-02452,No,17/enero/2026,INT-OC-CYS-114/26
a5d36a27,13/11/2025,CYS,Contrato CW 276532,Supervisión de seguridad y salud en el trabajo,Sin Frente,Solicitud información investigación accidente laboral de León Julio Barboza Agudelo.,Si,CYS-CW276532-PHI-02453,No,6/diciembre/2025,INT-OC-CYS-2686/25
32e7c29f,13/11/2025,CYS,Contrato CW 276532,Supervisión socioambiental,Instalaciones provisionales obras finales,Suministro de agua en lavamanos frentes de obra,Si,CYS-CW276532-PHI-02454,No,20/noviembre/2025,INT-OC-CYS-2555/25
f666c267,13/11/2025,CYS,Contrato CW 276532,Supervisión de control de laboratorio ensayos de calidad,Sin Frente,Certificados de Materiales del 16 de septiembre al 15 de octubre de 2025,Si,CYS-CW276532-PHI-02455,No,11/febrero/2026,INT-OC-CYS-324/26
486e8a85,13/11/2025,CYS,Contrato CW 276532,Supervisión técnica,Casa de máquinas y obras anexas,Túnel Aspirador Unidad 5 – Tuberías embebidas - Planos de taller.,Si,CYS-CW276532-PHI-02456,No,23/noviembre/2025,INT-OC-CYS-2577/25
481c1fe7,13/11/2025,CYS,Contrato CW 276532,Supervisión socioambiental,Sin Frente,Resultados monitoreo de los vertimientos de las Aguas Residuales no Domésticas (ARnD) – Julio y agosto de 2025.,Si,CYS-CW276532-PHI-02457,Si,27/noviembre/2025,INT-OC-CYS-2611/25
c6ceebaa,13/11/2025,CYS,Contrato CW 276532,Supervisión técnica,Conducciones zona sur,"Pozo de Humos Superior. Entrega procedimiento acceso, demolición y desabombe en pozo de humos superior.",Si,CYS-CW276532-PHI-02458,No,21/diciembre/2025,INT-OC-CYS-2817/25
9a257833,13/11/2025,CYS,Contrato CW 276532,Supervisión técnica,Presa y obras anexas,Pantalla cortaflujo – Detalle constructivo Panel P7,Si,CYS-CW276532-PHI-02459,No,16/diciembre/2025,INT-OC-CYS-2767/25
f2258b26,13/11/2025,CYS,Contrato CW 276532,Supervisión técnica,Casa de máquinas y obras anexas,Acceso descarga 3 – Solicitud retiro de equipos.,Si,CYS-CW276532-PHI-02460,No,15/noviembre/2025,INT-OC-CYS-2504/25
304f9c21,14/11/2025,CYS,Contrato CW 276532,Supervisión de seguridad y salud en el trabajo,Casa de máquinas y obras anexas,Solicitud investigación incidente alto potencial.,No,,No,15/noviembre/2025,INT-OC-CYS-2506/25
dc797589,14/11/2025,CYS,Contrato CW 276532,Supervisión técnica,Sin Frente,Gestión técnica – Liberación en los frentes de obra – Registros de afectación operativa.,Si,CYS-CW276532-PHI-02461,No,21/noviembre/2025,INT-OC-CYS-2561/25
91f378cc,14/11/2025,CYS,Contrato CW 276532,Supervisión de control de laboratorio ensayos de calidad,Sin Frente,Informe de comportamiento de las inyecciones de lechada de aglutinamiento.,Si,CYS-CW276532-PHI-02462,No,8/diciembre/2025,INT-OC-CYS-2699/25
2b464203,14/11/2025,CYS,Contrato CW 276532,Supervisión técnica,Casa de máquinas y obras anexas,"Realce aletas de cabezote en obra de cruce vía de acceso a casa de máquinas Km 0+018,30.",Si,NC-333-25,Si,18/noviembre/2025,INT-OC-CYS-2533/25
4b3d1000,14/11/2025,CYS,Contrato CW 276532,Supervisión técnica,Conducciones zona sur,Oficialización Instructivo de campo IC-211-2025 e IC-212-2025.,Si,NC-334-25,Si,18/noviembre/2025,INT-OC-CYS-2530/25
8117ee33,14/11/2025,CYS,Contrato CW 276532,Supervisión técnica,Conducciones zona sur,Oficialización Instructivo IC-213-2025 Excavación del codo superior de la Conducción N°6..,Si,NC-335-25,Si,18/noviembre/2025,INT-OC-CYS-2536/25
804d2390,14/11/2025,CYS,Contrato CW 276532,Supervisión técnica,Presa y obras anexas,Aclaración longitud de barra #8 para el tratamiento Tipo 2 Soil nailing en las excavaciones para la conformación de la pantalla.,Si,NC-337-25,Si,18/noviembre/2025,INT-OC-CYS-2529/25
bf45f0e3,14/11/2025,CYS,Contrato CW 276532,Supervisión de seguridad y salud en el trabajo,Casa de máquinas y obras anexas,Desviaciones subestándar identificadas en izajes de cargas.,No,,No,16/noviembre/2025,INT-OC-CYS-2513/25
4fb04e2c,14/11/2025,CYS,Contrato CW 276532,Supervisión de seguridad y salud en el trabajo,Sin Frente,Solicitud investigación accidente laboral John Fredy Acosta Martínez CC.5.822.138,No,,Si,15/noviembre/2025,INT-OC-CYS-2510/25
094e368a,14/11/2025,CYS,Contrato CW 276532,Supervisión socioambiental,Sin Frente,Resultados monitoreo de los vertimientos de las Aguas Residuales no Domésticas (ARnD) – Septiembre de 2025.,No,,Si,20/noviembre/2025,INT-OC-CYS-2551/25
ae552647,14/11/2025,CYS,Contrato CW 276532,Supervisión de seguridad y salud en el trabajo,Sin Frente,Solicitud investigación accidente laboral Kevin Alexis Teran Yotagra CC.1.037.778.008.,No,,Si,15/noviembre/2025,INT-OC-CYS-2509/25
bc8bb9a4,14/11/2025,CYS,Contrato CW 276532,Supervisión de seguridad y salud en el trabajo,Sin Frente,Solicitud investigación accidente laboral Dietzen Steven Castillo Jaimes CC.1.032.429.442.,No,,Si,15/noviembre/2025,INT-OC-CYS-2508/25
19b0b669,14/11/2025,CYS,Contrato CW 276532,Supervisión de seguridad y salud en el trabajo,Sin Frente,Solicitud investigación accidente laboral Vicente Parra Henao CC.1.001.773.034.,No,,Si,15/noviembre/2025,INT-OC-CYS-2507/25
37eadddd,15/11/2025,CYS,Contrato CW 276532,Supervisión técnica,Zonas de deposito obras finales,Deposito Ticuitá – Adecuación puntos de control superficial,Si,CYS-CW276532-PHI-02464,No,22/diciembre/2025,INT-OC-CYS-2824/25
d7d47004,15/11/2025,CYS,Contrato CW 276532,Supervisión técnica,Casa de máquinas y obras anexas,Planos de taller - Sistema de Puesta a Tierra. EL.188.50.,Si,CYS-CW276532-PHI-02465,No,18/noviembre/2025,INT-OC-CYS-2528/25
ab54a3de,15/11/2025,CYS,Contrato CW 276532,Supervisión técnica,Casa de máquinas y obras anexas,Planos del Sistema de Puesta a Tierra – Muros aguas debajo de la U5.,Si,CYS-CW276532-PHI-02466,No,18/noviembre/2025,INT-OC-CYS-2527/25
7f5bce20,15/11/2025,CYS,Contrato CW 276532,Supervisión técnica,Sin Frente,Liberación de los frentes de obra – Registros de afectación operativa.,Si,CYS-CW276532-PHI-02467,No,,
7d964b62,15/11/2025,CYS,Contrato CW 276532,Supervisión de seguridad y salud en el trabajo,Casa de máquinas y obras anexas,Desviaciones subestandar,No,,No,17/noviembre/2025,INT-OC-CYS-2522/25
f188d01b,16/11/2025,CYS,Contrato CW 276532,Supervisión técnica,Casa de máquinas y obras anexas,Proceso constructivo casa de máquinas zona sur –  Posición y especificaciones de la mastrobomba.,Si,NC-340-25,No,,
4f74d71e,16/11/2025,CYS,Contrato CW 276532,Supervisión socioambiental,Instalaciones provisionales obras finales,Suministro de agua en lavamanos frentes de obra,Si,CYS-CW276532-PHI-02454,No,,
ce06a9a7,16/11/2025,CYS,Contrato CW 276532,Supervisión técnica,Conducciones zona sur,Estado inyecciones de consolidación - Seguimiento actividades Ramal superior No. 6,No,,No,18/noviembre/2025,INT-OC-CYS-2541/25
0b65a4f7,16/11/2025,CYS,Contrato CW 276532,Supervisión de seguridad y salud en el trabajo,Casa de máquinas y obras anexas,Generación de condiciones atmosféricas Inseguras (Humos) en Túnel de Acceso por Traslado Inadecuado de Equipo.,No,,No,17/noviembre/2025,INT-OC-CYS-2526/25
a1a97fef,16/11/2025,CYS,Contrato CW 276532,Supervisión de seguridad y salud en el trabajo,Casa de máquinas y obras anexas,Desviaciones identifiadas en sistemas de acceso y transito.,No,,No,17/noviembre/2025,INT-OC-CYS-2524/25
48946b92,17/11/2025,CYS,Contrato CW 276532,Supervisión técnica,Casa de máquinas y obras anexas,Galerías de barras – Inicio de actividades de revestimiento – Mitigación de exigencia al macizo.,No,,No,18/noviembre/2025,INT-OC-CYS-2540/25
a6de43c5,17/11/2025,CYS,Contrato CW 276532,Supervisión técnica,Obras en las descargas,Descarga 3 - Seguimiento actividades,No,,No,,
cad12fdd,17/11/2025,CYS,Contrato CW 276532,Supervisión técnica,Conducciones zona sur,Solicitud levantamiento topográfico cabezales de los tensores en los túneles de aspiración N° 5 a N° 8.,Si,D-PHI-COP-0700-2025,Si,29/noviembre/2025,INT-OC-CYS-2632/25
74d09c0d,17/11/2025,CYS,Contrato CW 276532,Supervisión técnica,Casa de máquinas y obras anexas,Solicitud Ubicación Tensores en Oquedad 1.,Si,NC-341-25,No,,
279bf983,17/11/2025,CYS,Contrato CW 276532,Supervisión técnica,Conducciones zona sur,Premisas inyecciones galeria C.,Si,NC-342-25,No,21/noviembre/2025,INT-OC-CYS-2559/25
0613f23c,17/11/2025,CYS,Contrato CW 276532,Supervisión de seguridad y salud en el trabajo,Sin Frente,Formalización compromisos del seguimiento semanal SST/HS en obra – 14 de noviembre de 2025.,No,,Si,18/noviembre/2025,INT-OC-CYS-2537/25
f0110f70,17/11/2025,CYS,Contrato CW 276532,Supervisión de seguridad y salud en el trabajo,Sin Frente,Observaciones gestión SST en obra,No,,No,20/noviembre/2025,INT-OC-CYS-2553/25
eebf8541,17/11/2025,CYS,Contrato CW 276532,Supervisión de seguridad y salud en el trabajo,Sin Frente,Desviaciones subestándar reiteradas en recorrido semanales,No,,No,18/noviembre/2025,INT-OC-CYS-2539/25
8c311608,18/11/2025,CYS,Contrato CW 276532,Supervisión técnica,Galerías y pozos de compuertas,"Visita técnica a Vaguada Tocayo (parte alta de pozos de compuertas). Berma 540 m.s.n.m, Abscisas 215-260 Aprox - Observaciones y acciones recomendaciones",Si,D-PHI-COP-0701-2025,No,23/noviembre/2025,INT-OC-CYS-2580/25
8cf1fec8,18/11/2025,CYS,Contrato CW 276532,Supervisión técnica,Conducciones zona sur,Acta de transferencia de zona de trabajo - Pozo de aireación No.6 Elev 435 plazoleta 435,No,,Si,25/noviembre/2025,INT-OC-CYS-2597/25
1ad35e47,18/11/2025,CYS,Contrato CW 276532,Supervisión de costos,Casa de máquinas y obras anexas,Provisión de obras adicionales y extras previstas en el AMB 9.,Si,CYS-CW276532-PHI-02468,No,,
c80ca89b,18/11/2025,CYS,Contrato CW 276532,Supervisión de seguridad y salud en el trabajo,Sin Frente,Desviaciones subestándar identificadas en maquinaria y equipos.,Si,CYS-CW276532-PHI-02469,No,13/diciembre/2025,INT-OC-CYS-2730/25
98b308ca,18/11/2025,CYS,Contrato CW 276532,Supervisión técnica,Conducciones zona sur,"Certificación de pórtico grúa CSM-03124, Cap. 15 Toneladas / 5 Toneladas, pozo de presión # 5.",Si,CYS-CW276532-PHI-02470,No,30/noviembre/2025,INT-OC-CYS-2640/25
238b279b,18/11/2025,CYS,Contrato CW 276532,Supervisión técnica,Casa de máquinas y obras anexas,Procedimientos de soldaduras para instalación de Tuberías inoxidables - Guías y elementos de compuertas de los Túneles de aspiración del 5 a 8.,SI,CYS-CW276532-PHI-02471,No,23/noviembre/2025,INT-OC-CYS-2578/25
beb7f468,18/11/2025,CYS,Contrato CW 276532,Supervisión técnica,Conducciones zona sur,Supervisión técnica – Conducciones zona sur – Acta de transferencia de zona de trabajo - Pozo de aireación No.6 Elev 435 plazoleta 435,No,,Si,,
406bc7f1,18/11/2025,CYS,Contrato CW 276532,Supervisión de seguridad y salud en el trabajo,Sin Frente,Solicitud investigación accidente laboral de Jhon Jairo Alape Amaya,Si,CYS-CW276532-PHI-02472,No,15/diciembre/2025,INT-OC-CYS-2747/25
da010ba8,18/11/2025,CYS,Contrato CW 276532,Supervisión de seguridad y salud en el trabajo,Sin Frente,Presentación hojas de vida personal SST,Si,CYS-CW276532-PHI-02473,No,15/diciembre/2025,INT-OC-CYS-2746/25
6f4efd7e,19/11/2025,CYS,Contrato CW 276532,Supervisión técnica,Conducciones zona sur,Reubicación Perforaciones para aglutinamiento - Pozo de presión 6.,Si,NC-344-25,Si,24/noviembre/2025,INT-OC-CYS-2584/25
5786d161,19/11/2025,CYS,Contrato CW 276532,Supervisión técnica,Obras en las descargas,Túnel de descarga N°4 – Control de calidad contenido de fibra en concreto lanzado.,No,,No,,
bf5519ae,19/11/2025,CYS,Contrato CW 276532,Supervisión técnica,Obras en las descargas,Túnel de descarga N°4 – Control de calidad contenido de fibra en concreto lanzado.,No,,Si,22/noviembre/2025,INT-OC-CYS-2569/25
c6d56630,19/11/2025,CYS,Contrato CW 276532,Supervisión de seguridad y salud en el trabajo,Sin Frente,Hallazgos sin atención inspección conjunta No 79,Si,CYS-CW276532-PHI-02474,No,14/diciembre/2025,INT-OC-CYS-2737/25
09444fc9,19/11/2025,CYS,Contrato CW 276532,Supervisión contractual,Sin Frente,Reprogramación Cronograma General del Proyecto,Si,CYS-CW276532-PHI-02475,No,,
2eedefc9,19/11/2025,CYS,Contrato CW 276532,Supervisión de seguridad y salud en el trabajo,Sin Frente,Solicitud información sobre accidente laboral de Hernán Orlando Ríos Villegas,Si,CYS-CW276532-PHI-02476,No,14/diciembre/2025,INT-OC-CYS-2743/25
b3798afc,19/11/2025,CYS,Contrato CW 276532,Supervisión técnica,Túneles de aspiración,Ajuste de planos de refuerzo Túneles de Aspiración N°5 a N°8.,Si,D-PHI-COP-0705-2025,Si,21/noviembre/2025,INT-OC-CYS-2560/25
7a42d734,19/11/2025,CYS,Contrato CW 276532,Supervisión técnica,Casa de máquinas y obras anexas,Zona sur. Oquedad 2. Restitución en concreto.,Si,D-PHI-COP-0709-2025,Si,21/noviembre/2025,INT-OC-CYS-2564/25
e90175ff,19/11/2025,CYS,Contrato CW 276532,Supervisión socioambiental,Instalaciones provisionales obras finales,Intervención predio sector la Uriaga - Valle de Toledo.,No,,No,,
fedc5e16,19/11/2025,CYS,Contrato CW 276532,Supervisión técnica,Casa de máquinas y obras anexas,Acta de transferencia de zonas de trabajo - Tramos 0 y 1 del túnel de aspiración UG06.,No,,Si,20/noviembre/2025,INT-OC-CYS-2556/25
a37aa774,19/11/2025,CYS,Contrato CW 276532,Supervisión socioambiental,Sin Frente,Remisión del acta de comité social específico No 23.,No,,Si,20/noviembre/2025,INT-OC-CYS-2557/25
8cf90bb3,19/11/2025,CYS,Contrato CW 276532,Supervisión de seguridad y salud en el trabajo,Sin Frente,Solicitud investigación accidente laboral Guillermo José Corrales González C.C.1.063.355.996,No,,No,21/noviembre/2025,INT-OC-CYS-2565/25
415467b5,19/11/2025,CYS,Contrato CW 276532,Supervisión de seguridad y salud en el trabajo,Sin Frente,Solicitud investigación accidente laboral Joan Manuel Grimaldo Pezzoty C.C.9.692.515,No,,No,21/noviembre/2025,INT-OC-CYS-2566/25
542a0fee,20/11/2025,CYS,Contrato CW 276532,Supervisión técnica,Presa y obras anexas,Pantalla Cortaflujo – Perfil Geológico,Si,CYS-CW276532-PHI-02477,No,25/noviembre/2025,INT-OC-CYS-2596/25
57ead49f,20/11/2025,CYS,Contrato CW 276532,Supervisión de control de laboratorio ensayos de calidad,Sin Frente,Manejo muestras inalteradas ensayos permeabilidad y Triaxiales CU Panel de prueba.,Si,CYS-CW276532-PHI-02478,No,7/diciembre/2025,INT-OC-CYS-2693/25
8f49b742,20/11/2025,CYS,Contrato CW 276532,Supervisión técnica,Conducciones zona sur,Conducciones superiores 6 aireador compuerta 6 entrega procedimiento acceso e inyección,Si,CYS-CW276532-PHI-02479,No,2/diciembre/2025,INT-OC-CYS-2662/25
64edacd8,20/11/2025,CYS,Contrato CW 276532,Supervisión de control de laboratorio ensayos de calidad,Sin Frente,Certificados de materiales del 01 de noviembre al 15 de noviembre de 2025.,Si,CYS-CW276532-PHI-02480,No,24/noviembre/2025,INT-OC-CYS-2591/25
e0ec9508,20/11/2025,CYS,Contrato CW 276532,Supervisión técnica,Casa de máquinas y obras anexas,Galerías de barras plataforma elevada,SI,CYS-CW276532-PHI-02482,No,14/diciembre/2025,INT-OC-CYS-2734/25
53c48654,20/11/2025,CYS,Contrato CW 276532,Supervisión técnica,Túnel de acceso y galerías de construcción de la central,Planos de taller arcos,Si,CYS-CW276532-PHI-02481,No,10/febrero/2026,INT-OC-CYS-318/26
f067f6b6,20/11/2025,CYS,Contrato CW 276532,Supervisión de seguridad y salud en el trabajo,Presa y obras anexas,Orden reiterada solicitud documentación sistema de protección contra caídas,Si,CYS-CW276532-PHI-02483,No,23/diciembre/2025,INT-OC-CYS-2839/25
31f684aa,20/11/2025,CYS,Contrato CW 276532,Supervisión de seguridad y salud en el trabajo,Vías Industriales del proyecto,Observaciones investigación incidente,Si,CYS-CW276532-PHI-02484,No,15/diciembre/2025,INT-OC-CYS-2751/25
8e146a46,20/11/2025,CYS,Contrato CW 276532,Supervisión técnica,Conducciones zona sur,Solicitud de remisión de reportes de avance de inyecciones de aglutinamiento.,Si,D-PHI-COP-0712-2025,No,,
c490092c,20/11/2025,CYS,Contrato CW 276532,Supervisión técnica,Casa de máquinas y obras anexas,Vía de acceso a Casa de Máquinas km 14+400 a km 14+900.,Si,D-PHI-COP-0713-2025,No,,
c609938d,20/11/2025,CYS,Contrato CW 276532,Supervisión de seguridad y salud en el trabajo,Sin Frente,Solicitud investigación accidente laboral Duber Alexis Zuleta David C.C.1.037.778.089,No,,No,21/noviembre/2025,INT-OC-CYS-2567/25
663bcd67,20/11/2025,CYS,Contrato CW 276532,Supervisión técnica,Conducciones zona sur,Codos superiores – Excavación,Si,D-PHI-COP-0714-2025,No,,
fc15e31f,20/11/2025,CYS,Contrato CW 276532,Supervisión técnica,Conducciones zona sur,Perforaciones de drenaje en intersección entre la Galería Auxiliar de Desviación y la Descarga 4.,Si,D-PHI-COP-0715-2025,Si,23/noviembre/2025,INT-OC-CYS-2573/25
27ecdd3f,20/11/2025,CYS,Contrato CW 276532,Supervisión de seguridad y salud en el trabajo,Sin Frente,Solicitud investigación accidente laboral Jhon Jairo Alape Amaya C.C.1.106.484.735,No,,No,21/noviembre/2025,INT-OC-CYS-2568/25
689ea29d,20/11/2025,CYS,Contrato CW 276532,Supervisión técnica,Sin Frente,Entrega acta de comité de obra No.093,No,,Si,21/noviembre/2025,INT-OC-CYS-2562/25
334ae13b,21/11/2025,CYS,Contrato CW 276532,Supervisión técnica,Sin Frente,Formalización compromisos – Recorrido de obra – Mesa de constructibilidad 16 de noviembre de 2025.,No,,Si,21/noviembre/2025,INT-OC-CYS-2563/25
6fda16b9,21/11/2025,CYS,Contrato CW 276532,Supervisión socioambiental,Zonas de deposito obras finales,"Deficiencias en el manejo de RCD pétreos en el depósito Ticuitá
Sur",No,,No,23/noviembre/2025,INT-OC-CYS-2576/25
5cc4e7e6,21/11/2025,CYS,Contrato CW 276532,Supervisión de seguridad y salud en el trabajo,Sin Frente,Solicitud investigación accidente laboral Juan Arley Munera Zapata C.C.1.037.269.187,No,,No,22/noviembre/2025,INT-OC-CYS-2570/25
cd50dff7,21/11/2025,CYS,Contrato CW 276532,Supervisión técnica,Casa de máquinas y obras anexas,Registro de condiciones actuales y seguimiento a tratamientos recomendados en los taludes del portal de acceso a casa de maquinas,SI,D-PHI-COP-0717-2025,No,20/diciembre/2025,INT-OC-CYS-2806/25
0614c18f,21/11/2025,CYS,Contrato CW 276532,Supervisión técnica,Casa de máquinas y obras anexas,Zona sur Oquedad 2 Concreto para restitución de la oquedad 2 y el muro de hastial aguas abajo de la Unidad 6,Si,D-PHI-COP-0719-2025,Si,25/noviembre/2025,INT-OC-CYS-2595/25
87f6f1bc,21/11/2025,CYS,Contrato CW 276532,Supervisión técnica,Casa de máquinas y obras anexas,"Homologación de platina de 45 cm x 45 cm por platina de 60 cm x 60 cm, solicitado por el Contratista en tensores tipo A de la Oquedad 1",Si,NC-347-25,Si,25/noviembre/2025,INT-OC-CYS-2594/25
31dcaefd,21/11/2025,CYS,Contrato CW 276532,Supervisión técnica,Almenaras y obras anexas,"Concepto sobre la junta de construcción en vigas de ejes 1 y 2 de nivel 220,.. msnm del pórtico de manejo de compuertas de la Almenara 2 entre ejes E Y F",Si,NC-348-25,Si,24/noviembre/2025,INT-OC-CYS-2592/25
2937b03f,21/11/2025,CYS,Contrato CW 276532,Supervisión técnica,Casa de máquinas y obras anexas,Perforaciones de los tensores,Si,NC-349-25,Si,23/noviembre/2025,INT-OC-CYS-2574/25
baea53f1,21/11/2025,CYS,Contrato CW 276532,Supervisión de seguridad y salud en el trabajo,Casa de máquinas y obras anexas,Solicitud de investigación incidente,No,,No,23/noviembre/2025,INT-OC-CYS-2579/25
27593ef3,21/11/2025,CYS,Contrato CW 276532,Supervisión técnica,Conducciones zona sur,Excavación pozos 7 y 8 con sistema Raise Boring,No,,No,22/noviembre/2025,INT-OC-CYS-2571/25
654231b2,21/11/2025,CYS,Contrato CW 276532,Supervisión de seguridad y salud en el trabajo,Sin Frente,Remisión ayuda de memoria No.23 - Socialización de causas preliminares y plan de acción evento ocurrido en la aspiración 6 durante actividades de interferencia,No,,Si,23/noviembre/2025,INT-OC-CYS-2575/25
c95fc718,22/11/2025,CYS,Contrato CW 276532,Supervisión técnica,Obras en las descargas,Descarga 4 Intervención en losa existente de la Descarga 4 entre abscisas k0+0916 a k0+0855,Si,NC-350-25,No,25/noviembre/2025,INT-OC-CYS-2593/25
b1ff7cc7,22/11/2025,CYS,Contrato CW 276532,Supervisión técnica,Presa y obras anexas,Pantalla Corta flujo - Tratamiento del talud de la margen derecha.,No,,No,24/noviembre/2025,INT-OC-CYS-2587/25
8b4cfea0,22/11/2025,CYS,Contrato CW 276532,Supervisión de seguridad y salud en el trabajo,Casa de máquinas y obras anexas,Restricción transito por andamios de acceso,Si,CYS-CW276532-PHI-02485,No,18/diciembre/2025,INT-OC-CYS-2788/25
75ee89af,22/11/2025,CYS,Contrato CW 276532,Supervisión de seguridad física,Sin Frente,Informe de actividades de seguridad física junio de 2025,Si,CYS-CW276532-PHI-02486,No,27/noviembre/2025,INT-OC-CYS-2617/25
ecafbc63,22/11/2025,CYS,Contrato CW 276532,Supervisión técnica,Casa de máquinas y obras anexas,Despiece losa 199 Unidad 5,Si,CYS-CW276532-PHI-02487,No,30/enero/2026,INT-OC-CYS-231/26
06bdd987,22/11/2025,CYS,Contrato CW 276532,Supervisión técnica,Casa de máquinas y obras anexas,Refuerzo complementario en las caras verticales del pedestal en L de las Unidades 5 a 8,Si,CYS-CW276532-PHI-02488,No,16/diciembre/2025,INT-OC-CYS-2764/25
dd33554c,22/11/2025,CYS,Contrato CW 276532,Supervisión contractual,Sin Frente,Reprogramación cronograma general del proyecto,Si,CYS-CW276532-PHI-02489,No,,
9df7170d,22/11/2025,CYS,Contrato CW 276532,Supervisión de seguridad y salud en el trabajo,Sin Frente,Solicitud investigación accidente laboral Breiner Mauricio Tapia Peña,Si,CYS-CW276532-PHI-02490,No,15/diciembre/2025,INT-OC-CYS-2750/25
f6800a1c,22/11/2025,CYS,Contrato CW 276532,Supervisión de seguridad y salud en el trabajo,Casa de máquinas y obras anexas,Incumplimiento a requerimientos y ordenes de restricción de sistemas de acceso,No,,No,24/noviembre/2025,INT-OC-CYS-2589/25
62c4c087,23/11/2025,CYS,Contrato CW 276532,Supervisión de seguridad y salud en el trabajo,Sin Frente,Formalización compromisos del seguimiento semanal SST/HS en obra – 21 de noviembre de 2025.,No,,Si,23/noviembre/2025,INT-OC-CYS-2581/25
551a72f0,23/11/2025,CYS,Contrato CW 276532,Supervisión de seguridad y salud en el trabajo,Sin Frente,Solicitud investigación accidente laboral Edwin Martínez Pérez C.C.13.854.776,No,,No,24/noviembre/2025,INT-OC-CYS-2586/25
50554317,23/11/2025,CYS,Contrato CW 276532,Supervisión de seguridad y salud en el trabajo,Casa de máquinas y obras anexas,Uso inadecuado EPCC para trabajos en suspensión,No,,No,25/noviembre/2025,INT-OC-CYS-2599/25
4afc83e1,23/11/2025,CYS,Contrato CW 276532,Supervisión de seguridad y salud en el trabajo,Casa de máquinas y obras anexas,Falta controles en trabajos en caliente.,No,,No,25/noviembre/2025,INT-OC-CYS-2603/25
4ddeaef0,24/11/2025,CYS,Contrato CW 276532,Supervisión técnica,Conducciones zona sur,"Oficialización instructivos de campo conducciones superiores, Galería C y Romerito",Si,D-PHI-COP-0723-2025,Si,28/noviembre/2025,INT-OC-CYS-2624/25
f9f3fc60,24/11/2025,CYS,Contrato CW 276532,Supervisión técnica,Túneles de aspiración,Estado de inspección de los tensores localizados en el  túnel de aspiración 7. Restitución del tensor 62A y 63A,Si,D-PHI-COP-0724-2025,Si,25/noviembre/2025,INT-OC-CYS-2600/25
5f88426d,24/11/2025,CYS,Contrato CW 276532,Supervisión técnica,Casa de máquinas y obras anexas,"Actualización de los planos del sistema de puesta a tierra zona sur de las cotas 188,50; 193,00; 199,00; 205,45; 211,90; y 217.50.",Si,D-PHI-CCE-ADM-1-C6933,Si,27/noviembre/2025,INT-OC-CYS-2610/25
db0428ec,24/11/2025,CYS,Contrato CW 276532,Supervisión técnica,Presa y obras anexas,Entrega Informe Asesoría Christian Sanyas,Si,D-PHI-COP-0725-2025,Si,27/noviembre/2025,INT-OC-CYS-2609/25
939fa31b,24/11/2025,CYS,Contrato CW 276532,Supervisión técnica,Casa de máquinas y obras anexas,Columna Planos,Si,CYS-CW276532-PHI-02491,No,13/diciembre/2025,INT-OC-CYS-2732/25
9f61f86d,24/11/2025,CYS,Contrato CW 276532,Supervisión socioambiental,Sin Frente,Cierre de inspección conjunta GI-AM-1125,Si,CYS-CW276532-PHI-02492,No,28/noviembre/2025,INT-OC-CYS-2631/25
2fddcb91,24/11/2025,CYS,Contrato CW 276532,Supervisión técnica,Almenaras y obras anexas,Anclajes típicos en bóveda para izar compuertas,Si,D-PHI-COP-0730-2025,Si,30/noviembre/2025,INT-OC-CYS-2645/25
f79c5d96,24/11/2025,CYS,Contrato CW 276532,Supervisión técnica,Casa de máquinas y obras anexas,Aceros complementarios en el nudo superior de la columna del eje 22 pórtico del puente grúa aguas abajo,Si,NC-351-25,No,27/noviembre/2025,INT-OC-CYS-2615/25
19c0074f,24/11/2025,CYS,Contrato CW 276532,Supervisión de seguridad y salud en el trabajo,Sin Frente,Desviación subestándar procedimiento voladuras,No,,No,27/noviembre/2025,INT-OC-CYS-2613/25
eff4fc8c,25/11/2025,CYS,Contrato CW 276532,Supervisión de seguridad y salud en el trabajo,Sin Frente,Accidente laboral de Alcides Rey Larota.,Si,CYS-CW276532-PHI-02493,No,15/diciembre/2025,INT-OC-CYS-2749/25
c3ea6467,25/11/2025,CYS,Contrato CW 276532,Supervisión de seguridad y salud en el trabajo,Sin Frente,Orden reiterada sobre entrega investigación accidentes laborales.,Si,CYS-CW276532-PHI-02494,No,29/diciembre/2025,INT-OC-CYS-2860/25
e7f57fd8,25/11/2025,CYS,Contrato CW 276532,Supervisión técnica,Casa de máquinas y obras anexas,Apuntalamiento Columnas tipo 3.,Si,CYS-CW276532-PHI-02495,No,2/febrero/2026,INT-OC-CYS-259/26
f6c44950,25/11/2025,CYS,Contrato CW 276532,Supervisión técnica,Casa de máquinas y obras anexas,Solicitud investigación accidente laboral Cristian Camilo Velázquez Posada CC. 1.001.503.144.,Si,CYS-CW276532-PHI-02496,No,,
39dd5d67,25/11/2025,CYS,Contrato CW 276532,Supervisión de seguridad y salud en el trabajo,Sin Frente,Solicitud investigación accidente laboral Cristian Camilo Velázquez Posada CC. 1.001.503.144,Si,CYS-CW276532-PHI-02496,No,15/diciembre/2025,INT-OC-CYS-2748/25
998cc869,25/11/2025,CYS,Contrato CW 276532,Supervisión técnica,Casa de máquinas y obras anexas,Galerías de barras – Inicio de actividades de revestimiento – Mitigación de exigencia al macizo,Si,CYS-CW276532-PHI-02497,No,27/noviembre/2025,INT-OC-CYS-2621/25
d8a8e079,25/11/2025,CYS,Contrato CW 276532,Supervisión socioambiental,Sin Frente,Seguimiento personal extranjero,No,,No,28/noviembre/2025,INT-OC-CYS-2630/25
e6305a42,25/11/2025,CYS,Contrato CW 276532,Supervisión técnica,Almenaras y obras anexas,Pórtico Almenara - Inactividad columna eje A,No,,No,26/noviembre/2025,INT-OC-CYS-2604/25
9f6e7071,25/11/2025,CYS,Contrato CW 276532,Supervisión técnica,Conducciones zona sur,Conducción Inferior 7- Remoción material- Inactividades,No,,No,26/noviembre/2025,INT-OC-CYS-2606/25
08777ed6,26/11/2025,CYS,Contrato CW 276532,Supervisión técnica,Estabilidad helipuerto villa luz,Consumo de lechada en inyección de pernos,Si,CYS-CW276532-PHI-01089,No,27/noviembre/2025,INT-OC-CYS-2622/25
34216b54,26/11/2025,CYS,Contrato CW 276532,Supervisión técnica,Galerías de acceso y construcción sistema de conducción,Entrega de registros diarios de excavación,No,,No,27/noviembre/2025,INT-OC-CYS-2618/25
bda651f4,26/11/2025,CYS,Contrato CW 276532,Supervisión técnica,Sin Frente,Asignación de Área – solicitud de asignación de área para desarrollo de prefabricados metálicos y acopio material - Área diagonal a bascula CYS.,Si,CYS-CW276532-PHI-02498,No,10/diciembre/2025,INT-OC-CYS-2710/25
ce6323e6,26/11/2025,CYS,Contrato CW 276532,Supervisión de costos,Consolidación y conglomeración macizo perturbado zona sur,Avance general inyecciones de aglutinamiento.,Si,CYS-CW276532-PHI-02499,No,13/diciembre/2025,INT-OC-CYS-2728/25
896c81a1,26/11/2025,CYS,Contrato CW 276532,Supervisión técnica,Almenaras y obras anexas,Detalles ménsulas para soporte de tuberías del pórtico de la almenara N°2.,Si,D-PHI-COP-0733-2025,No,13/diciembre/2025,INT-OC-CYS-2731/25
371c12eb,26/11/2025,CYS,Contrato CW 276532,Supervisión técnica,Conducciones zona sur,Oficialización IC-221-2025 - Consolidación machón entre galería C y ramal superior 4,Si,NC-353-25,No,27/noviembre/2025,INT-OC-CYS-2614/25
43d9ce28,26/11/2025,CYS,Contrato CW 276532,Supervisión técnica,Conducciones zona sur,Apoyo viga de soporte plataforma ATB,Si,NC-354-25,Si,27/noviembre/2025,INT-OC-CYS-2616/25
fcfc5547,26/11/2025,CYS,Contrato CW 276532,Supervisión técnica,Conducciones zona sur,Conducciones Inferiores No.5 y No.6- Cotización mamparo de protección,No,,No,,
d5472268,26/11/2025,CYS,Contrato CW 276532,Supervisión técnica,Conducciones zona sur,Colocación urgente de mamparos de protección en conducciones inferiores blindadas 5 y 6 por condición de riesgos,No,,Si,26/noviembre/2025,INT-OC-CYS-2607/25
c9018932,26/11/2025,CYS,Contrato CW 276532,Supervisión socioambiental,Sin Frente,Ayuda de memoria No.1. – Novedades monitoreos de calidad ambiental.,No,,Si,28/noviembre/2025,INT-OC-CYS-2627/25
56ab8fbe,26/11/2025,CYS,Contrato CW 276532,Supervisión técnica,Sin Frente,Entrega actas de comité de obra Nos. 092-094-095,No,,Si,27/noviembre/2025,INT-OC-CYS-2608/25
3e44e2e5,27/11/2025,CYS,Contrato CW 276532,Supervisión de riesgos,Sin Frente,Entrega de acta de comité de riesgos No. 024,No,,Si,27/noviembre/2025,INT-OC-CYS-2619/25
a711612e,27/11/2025,CYS,Contrato CW 276532,Supervisión técnica,Casa de máquinas y obras anexas,"Localización de termocuplas - Restitución oquedad 2 entre niveles 198,00 m.s.n.m. y 204,00 m.s.n.m.",Si,NC-355-25,No,6/diciembre/2025,INT-OC-CYS-2690/25
28154bd4,27/11/2025,CYS,Contrato CW 276532,Supervisión de seguridad y salud en el trabajo,Sin Frente,Hallazgos sin atención inspección conjunta No 80,No,,Si,28/noviembre/2025,INT-OC-CYS-2623/25
b7eefa88,27/11/2025,CYS,Contrato CW 276532,Supervisión técnica,Galería auxiliar de desviación (GAD),Perforaciones pra el Drenaje de Infiltracciones de GACCDF.,Si,NC-356-25,Si,2/diciembre/2025,INT-OC-CYS-2661/25
3da6b062,27/11/2025,CYS,Contrato CW 276532,Supervisión técnica,Conducciones zona sur,Condición de avance en la excavación del codo superior N°6.,Si,NC-357-25,Si,,
3b75713c,27/11/2025,CYS,Contrato CW 276532,Supervisión técnica,Almenaras y obras anexas,Actividades pendientes – Inyección de tensores existentes,Si,CYS-CW276532-PHI-02500,No,2/diciembre/2025,INT-OC-CYS-2660/25
785f46e5,27/11/2025,CYS,Contrato CW 276532,Supervisión técnica,Casa de máquinas y obras anexas,"Procedimientos de soldaduras para instalación de Tuberías inoxidables, Guías y elementos de compuertas de los Túneles de aspiración del 5 a 8",Si,CYS-CW276532-PHI-02501,No,30/noviembre/2025,INT-OC-CYS-2639/25
66a159e8,27/11/2025,CYS,Contrato CW 276532,Supervisión técnica,Presa y obras anexas,Pozos de compuertas parte alta – Planificación actividades talud entre elevaciones 540 a 555,Si,CYS-CW276532-PHI-02502,No,8/febrero/2026,INT-OC-CYS-297/26
faaea093,27/11/2025,CYS,Contrato CW 276532,Supervisión técnica,Presa y obras anexas,Pantalla cortaflujo volúmenes de inyecciones – Perfil de Excavación.,Si,CYS-CW276532-PHI-02503,No,18/febrero/2026,INT-OC-CYS-360/26
c42193b2,27/11/2025,CYS,Contrato CW 276532,Supervisión técnica,Almenaras y obras anexas,Galería de construcción superior sur – Secuencia constructiva,Si,CYS-CW276532-PHI-02504,No,2/diciembre/2025,INT-OC-CYS-2659/25
6e71b734,27/11/2025,CYS,Contrato CW 276532,Supervisión de seguridad y salud en el trabajo,Sin Frente,Solicitud investigación accidente laboral Kevin Alejandro Zabala Piedrahita CC 1.000.657.639,Si,CYS-CW276532-PHI-02505,No,19/diciembre/2025,INT-OC-CYS-2799/25
d862189f,27/11/2025,CYS,Contrato CW 276532,Supervisión de seguridad y salud en el trabajo,Sin Frente,Observaciones procedimiento para operación segura de equipos de levantamiento mecánico de personas y cargas,Si,CYS-CW276532-PHI-02506,No,25/diciembre/2025,INT-OC-CYS-2848/25
413fd594,27/11/2025,CYS,Contrato CW 276532,Supervisión técnica,Conducciones zona sur,"Reunión 20 de noviembre de 2025 EPM, Contratista CYS, Interventoría y Asesoría - Diámetro excavación pozos de presión zona sur.",Si,D-PHI-COP-0735-2025,No,2/diciembre/2025,INT-OC-CYS-2658/25
50f03869,27/11/2025,CYS,Contrato CW 276532,Supervisión técnica,Casa de máquinas y obras anexas,Secuencia constructiva de las obras de la zona Sur y localización de la mastrobomba propuesta por el contratista CYS.,Si,D-PHI-COP-0737-2025,No,8/diciembre/2025,INT-OC-CYS-2697/25
4c8c2e89,27/11/2025,CYS,Contrato CW 276532,Supervisión técnica,Sin Frente,"Formalización compromisos – Recorrido de obra – Mesa de
constructibilidad 22 de noviembre de 2025.",No,,Si,28/noviembre/2025,INT-OC-CYS-2629/25
112e971a,27/11/2025,CYS,Contrato CW 276532,Supervisión técnica,Sin Frente,Entrega ayuda de memoria – Reunión seguimiento Pantalla Cortaflujo – 20 de noviembre de 2025.,No,,Si,28/noviembre/2025,INT-OC-CYS-2628/25
9ec7a06f,28/11/2025,CYS,Contrato CW 276532,Supervisión técnica,Sin Frente,Estado de cumplimiento compromisos comités de obra Consorcio CYS – Noviembre de 2025.,No,,No,29/noviembre/2025,INT-OC-CYS-2633/25
32fb9140,28/11/2025,CYS,Contrato CW 276532,Supervisión técnica,Conducciones zona sur,Oficialización IC-223-2025 - Recomendaciones por sobre - Excavaciones en RI-8.,Si,NC-358-25,No,2/diciembre/2025,INT-OC-CYS-2657/25
a8ef0883,28/11/2025,CYS,Contrato CW 276532,Supervisión de seguridad y salud en el trabajo,Casa de máquinas y obras anexas,Desviaciones subestándar identificadas durante mantenimiento de maquinaria.,No,,Si,29/noviembre/2025,INT-OC-CYS-2638/25
ccf7f175,28/11/2025,CYS,Contrato CW 276532,Supervisión de seguridad y salud en el trabajo,Sin Frente,Hallazgos pendiente por cerrar inspección conjunta No. 81,No,,Si,29/noviembre/2025,INT-OC-CYS-2637/25
b2265978,28/11/2025,CYS,Contrato CW 276532,Supervisión técnica,Obras en las descargas,Párametros para ejecución de voladura en el Tunel de Descarga 4,No,,No,,
166dc5a9,29/11/2025,CYS,Contrato CW 276532,Supervisión técnica,Presa y obras anexas,Calculo de energía de impacto del trepano de 4.0 T para fragmentación de material.,Si,CYS-CW276532-PHI-02507,No,15/marzo/2026,INT-OC-CYS-580/26
65b0a614,29/11/2025,CYS,Contrato CW 276532,Supervisión de seguridad y salud en el trabajo,Sin Frente,Formalización compromisos del seguimiento semanal SST/HS en obra - 21 de noviembre de 2025,Si,CYS-CW276532-PHI-02508,No,16/diciembre/2025,INT-OC-CYS-2773/25
0cd7fc87,29/11/2025,CYS,Contrato CW 276532,Supervisión técnica,Conducciones zona sur,Colocación urgente de mamparos de protección en conducciones inferiores blindadas 5 y 6 por condición de riesgos – Provisión de obras adicionales y extras previstas en el AMB 9.,Si,CYS-CW276532-PHI-02509,No,5/diciembre/2025,INT-OC-CYS-2683/25
eef3446e,29/11/2025,CYS,Contrato CW 276532,Supervisión de seguridad y salud en el trabajo,Casa de máquinas y obras anexas,Solicitud investigación incidente alto potencial,Si,CYS-CW276532-PHI-02510,No,31/diciembre/2025,INT-OC-CYS-2872/25
a5edfff2,29/11/2025,CYS,Contrato CW 276532,Supervisión técnica,Presa y obras anexas,Pantalla cortaflujo procedimiento de construcción,Si,CYS-CW276532-PHI-02511,No,7/marzo/2026,INT-OC-CYS-497/26
fcf21d17,29/11/2025,CYS,Contrato CW 276532,Supervisión de riesgos,Sin Frente,Informe Mensual de la Gestión de Riesgos – octubre 2025.,Si,CYS-CW276532-PHI-02512,No,2/diciembre/2025,INT-OC-CYS-2649/25
ed674b56,29/11/2025,CYS,Contrato CW 276532,Supervisión técnica,Consolidación y conglomeración macizo perturbado zona sur,Inyecciones de aglutinamiento y consolidación,Si,CYS-CW276532-PHI-02513,No,27/marzo/2026,INT-OC-CYS-707/26
e526cb30,29/11/2025,CYS,Contrato CW 276532,Supervisión técnica,Consolidación y conglomeración macizo perturbado zona sur,Entrega de registros automatizados del SIRI de marzo a junio 2024 y programa de entrega,Si,CYS-CW276532-PHI-02514,No,7/marzo/2026,INT-OC-CYS-513/26
53618ab2,29/11/2025,CYS,Contrato CW 276532,Supervisión de costos,Casa de máquinas y obras anexas,Actividades adicionales de manejo de aguas y protecciones colectivas,Si,CYS-CW276532-PHI-02515,No,14/diciembre/2025,INT-OC-CYS-2740/25
a0dde2b8,29/11/2025,CYS,Contrato CW 276532,Supervisión técnica,Casa de máquinas y obras anexas,Sala de montajes - Pórtico de soporte de puente grúa en hastial aguas abajo. Columna entre ejes 21 y D,Si,D-PHI-COP-0743-2025-25,Si,2/diciembre/2025,INT-OC-CYS-2656/25
c3e37228,29/11/2025,CYS,Contrato CW 276532,Supervisión técnica,Conducciones zona sur,Sala de montajes. Pórtico de soporte de puente grúa en hastial aguas abajo. Columna entre ejes 21 y D,Si,NC-359-25,No,,
1fe4a6be,29/11/2025,CYS,Contrato CW 276532,Supervisión técnica,Conducciones zona sur,Apoyo viga de soporte plataforma ATB.  Propuesta del contratista para el apoyo de la viga del hastial derecho del codo superior de la conducción N°5,Si,NC-359-25,Si,2/diciembre/2025,INT-OC-CYS-2655/25
c48b9e0c,29/11/2025,CYS,Contrato CW 276532,Supervisión técnica,Casa de máquinas y obras anexas,Muros aguas arriba y aguas abajo - Intervención en sobreexcavaciones ocurridas más allá de los extremos teóricos de los muros o en el trasdós teórico de los muros.,Si,NC-360-25,Si,2/diciembre/2025,INT-OC-CYS-2654/25
44655d52,29/11/2025,CYS,Contrato CW 276532,Supervisión técnica,Conducciones zona sur,Ensayo de permeabilidad perforación P-EX-PAPC-ZS-580-13.,Si,NC-361-25,Si,2/diciembre/2025,INT-OC-CYS-2653/25
1cd6ed7c,29/11/2025,CYS,Contrato CW 276532,Supervisión de seguridad y salud en el trabajo,Sin Frente,Remisión ayuda de memoria No.22 – Reunión condiciones críticas de Seguridad y Salud en el Trabajo (SST) en obra,Si,CYS-CW276532-PHI-02516,No,24/diciembre/2025,INT-OC-CYS-2844/25
3632eedc,29/11/2025,CYS,Contrato CW 276532,Supervisión técnica,Consolidación y conglomeración macizo perturbado zona sur,Perforaciones para inyecciones de aglutinamientos desde las galerías F y C,Si,CYS-CW276532-PHI-02517,No,23/diciembre/2025,INT-OC-CYS-2838/25
57c79f48,29/11/2025,CYS,Contrato CW 276532,Supervisión técnica,Consolidación y conglomeración macizo perturbado zona sur,Ramales de Acceso a la Conducciones Superiores No 5 y 6,Si,CYS-CW276532-PHI-02518,No,19/febrero/2026,INT-OC-CYS-385/26
1ee6571e,29/11/2025,CYS,Contrato CW 276532,Supervisión técnica,Casa de máquinas y obras anexas,Reporte sobre intento maniobra de ingreso a traves de la GCSS de la plantilla modulo compuertas Almenara N°2.,Si,D-PHI-COP-0744-2025,No,,
a19468c9,29/11/2025,CYS,Contrato CW 276532,Supervisión de seguridad y salud en el trabajo,Sin Frente,Solicitud investigación accidente laboral de Luis Angel Ramos Ospina C.C. 1.073.994.786.,No,,Si,30/noviembre/2025,INT-OC-CYS-2643/25
386d651a,29/11/2025,CYS,Contrato CW 276532,Supervisión técnica,Casa de máquinas y obras anexas,"Ajuste acero de refuerzo en muro aguas arriba, El.217,45, Unidad 5.",Si,NC-362-25,Si,2/diciembre/2025,INT-OC-CYS-2652/25
214ebf85,29/11/2025,CYS,Contrato CW 276532,Supervisión de seguridad y salud en el trabajo,Sin Frente,Solicitud investigación accidente laboral de German David Posada Romaña C.C. 1.028.020.622.,No,,Si,30/noviembre/2025,INT-OC-CYS-2644/25
d4080f58,29/11/2025,CYS,Contrato CW 276532,Supervisión de seguridad y salud en el trabajo,Sin Frente,Solicitud investigación accidente laboral de Oscar Elias Sierra Fuentes C.C. 1.038.093.667.,No,,Si,30/noviembre/2025,INT-OC-CYS-2642/25
a3b5fdfc,29/11/2025,CYS,Contrato CW 276532,Supervisión técnica,Obras en las descargas,Listado de pendientes en tratamiento de soporte Tunel de Descarga 3,No,,No,16/diciembre/2025,INT-OC-CYS-2763/25
d444bba8,30/11/2025,CYS,Contrato CW 276532,Supervisión de seguridad y salud en el trabajo,Casa de máquinas y obras anexas,Incumplimiento a requerimientos y órdenes de restricción de sistemas de acceso y tránsito,Si,CYS-CW276532-PHI-02522,Si,2/diciembre/2025,INT-OC-CYS-2666/25
08ff3c96,30/11/2025,CYS,Contrato CW 276532,Supervisión técnica,Consolidación y conglomeración macizo perturbado zona sur,Avance general inyecciones de aglutinamiento,Si,CYS-CW276532-PHI-02519,No,20/marzo/2026,INT-OC-CYS-653/26
1a93f8a3,30/11/2025,CYS,Contrato CW 276532,Supervisión técnica,Consolidación y conglomeración macizo perturbado zona sur,"Conducción Superior 5, perforaciones de drenaje",Si,CYS-CW276532-PHI-02520,No,26/diciembre/2025,INT-OC-CYS-2850/25
94175754,30/11/2025,CYS,Contrato CW 276532,Supervisión técnica,Consolidación y conglomeración macizo perturbado zona sur,Evaluación para nuevas perforaciones en la Galería de Acceso a la Galería de Pozos de Compuertas,Si,CYS-CW276532-PHI-02521,No,15/marzo/2026,INT-OC-CYS-582/26
b345063a,30/11/2025,CYS,Contrato CW 276532,Supervisión técnica,Consolidación y conglomeración macizo perturbado zona sur,Traslado de resultados de pruebas con tinte trazador.,Si,CYS-CW276532-PHI-02523,No,,
a509562c,30/11/2025,CYS,Contrato CW 276532,Supervisión técnica,Presa y obras anexas,Medidor de infiltraciones - Inyecciones de Consolidación,Si,CYS-CW276532-PHI-02524,No,23/diciembre/2025,INT-OC-CYS-2837/25
44e70ce9,30/11/2025,CYS,Contrato CW 276532,Supervisión técnica,Consolidación y conglomeración macizo perturbado zona sur,Propuesta del Contratista para inyección de mortero desde galería superior sur hacia la culata sur de Almenara 2.,Si,CYS-CW276532-PHI-02525,No,11/diciembre/2025,INT-OC-CYS-2718/25
0167d3d3,30/11/2025,CYS,Contrato CW 276532,Supervisión de seguridad y salud en el trabajo,Almenaras y obras anexas,Solicitud de investigación de incidente de alto potencial.,No,,No,1/diciembre/2025,INT-OC-CYS-2646/25
bb35e291,30/11/2025,CYS,Contrato CW 276532,Supervisión de seguridad y salud en el trabajo,Sin Frente,Incumplimiento en la implementación de Barandas de Seguridad,No,,No,1/diciembre/2025,INT-OC-CYS-2647/25
69c0cdaf,30/11/2025,CYS,Contrato CW 276532,Supervisión de seguridad y salud en el trabajo,Obras en las descargas,"Requerimiento de actualización de personal, medios de transporte y controles de seguridad para procedimientos de voladura.",No,,No,2/diciembre/2025,INT-OC-CYS-2648/25
3efb2d6f,01/12/2025,CYS,Contrato CW 276532,Supervisión técnica,Conducciones zona sur,"Oficialización instructivos de campo IC-218-2025, IC-219-2025, IC-220-2025, IC-225 2025 e IC-226-2025.",Si,D-PHI-COP-0747-2025,Si,11/diciembre/2025,INT-OC-CYS-2721/25
98ff90f3,01/12/2025,CYS,Contrato CW 276532,Supervisión de seguridad y salud en el trabajo,Casa de máquinas y obras anexas,Alerta por sobrepeso y riesgo estructural en Barrera Física (Unidad 6),No,,No,,
cb946910,01/12/2025,CYS,Contrato CW 276532,Supervisión técnica,Consolidación y conglomeración macizo perturbado zona sur,Entrega de chequeos de desviación de perforaciones.,Si,CYS-CW276532-PHI-02526,No,23/febrero/2026,INT-OC-CYS-406/26
03cf58d8,01/12/2025,CYS,Contrato CW 276532,Supervisión técnica,Consolidación y conglomeración macizo perturbado zona sur,Perforaciones de drenaje pozos de presión zona afectada sur,Si,CYS-CW276532-PHI-02527,No,18/febrero/2026,INT-OC-CYS-363/26
a8c423c9,01/12/2025,CYS,Contrato CW 276532,Supervisión técnica,Conducciones zona sur,Solicitud de informe de desviación de perforación de drenaje P-DR-CND8-02,Si,CYS-CW276532-PHI-02528,No,15/marzo/2026,INT-OC-CYS-584/26
70baa485,01/12/2025,CYS,Contrato CW 276532,Supervisión técnica,Consolidación y conglomeración macizo perturbado zona sur,Parte Alta Plazoleta Pozos de Compuertas (Romerito) – Cierre inyecciones de aglutinamiento,Si,CYS-CW276532-PHI-02530,No,19/marzo/2026,INT-OC-CYS-649/26
3a99e495,01/12/2025,CYS,Contrato CW 276532,Supervisión técnica,Casa de máquinas y obras anexas,"Entrega de planos para construcción estructurales de la losa El. 217,45 - Zona sur de la unidad 7, pertenecientes a la serie D/DC-PHI-062-CCM-L5-S.",Si,D-PHI-COP-0748-2025,No,4/diciembre/2025,INT-OC-CYS-2670/25
495dff2f,01/12/2025,CYS,Contrato CW 276532,Supervisión de seguridad y salud en el trabajo,Casa de máquinas y obras anexas,Requerimiento remisión de documentación de obras falsas.,No,,No,,
9e59fa0d,01/12/2025,CYS,Contrato CW 276532,Supervisión de seguridad y salud en el trabajo,Sin Frente,Solicitud investigación accidente laboral de Edwin Martínez Pérez,Si,CYS-CW276532-PHI-02529,No,20/diciembre/2025,INT-OC-CYS-2808/25
c557447c,01/12/2025,CYS,Contrato CW 276532,Supervisión técnica,Consolidación y conglomeración macizo perturbado zona sur,Entrega chequeo de desviaciones de perforaciones.,Si,CYS-CW276532-PHI-02531,No,19/marzo/2026,INT-OC-CYS-648/26
7454d879,01/12/2025,CYS,Contrato CW 276532,Supervisión técnica,Consolidación y conglomeración macizo perturbado zona sur,Avance general inyecciones de aglutinamiento – Proceso de desmantelamiento progresivo planta de lechada Romerito,Si,CYS-CW276532-PHI-02532,No,8/marzo/2026,INT-OC-CYS-514/26
85139d02,01/12/2025,CYS,Contrato CW 276532,Supervisión técnica,Consolidación y conglomeración macizo perturbado zona sur,Inactividad de inyección de aglutinamiento en la Galería Exploratoria 290 Margen Derecha,Si,CYS-CW276532-PHI-02533,No,19/marzo/2026,INT-OC-CYS-647/26
65df0985,01/12/2025,CYS,Contrato CW 276532,Supervisión socioambiental,Sin Frente,Diseño y memoria de cálculo unidad de sedimentación planta de fabricación de lechada plazoleta 435.,Si,CYS-CW276532-PHI-02536,No,10/diciembre/2025,INT-OC-CYS-2711/25
e9ec8328,01/12/2025,CYS,Contrato CW 276532,Supervisión técnica,Sin Frente,Entrega ayuda de memoria – Reunión seguimiento Pantalla Cortaflujo – 13 de noviembre de 2025.,No,,Si,2/diciembre/2025,INT-OC-CYS-2650/25
b76b9eb8,02/12/2025,CYS,Contrato CW 276532,Supervisión de seguridad y salud en el trabajo,Sin Frente,Desviaciones subestándar,No,,No,9/diciembre/2025,INT-OC-CYS-2701/25
dc9014af,02/12/2025,CYS,Contrato CW 276532,Supervisión técnica,Conducciones zona sur,Ramal conducción superior No 5 – Reprocesos constructivos en Viga ATB.,No,,No,,
89dd2ee0,02/12/2025,CYS,Contrato CW 276532,Supervisión técnica,Galerías y pozos de compuertas,Afectación del inclinómetro IN-CAP-03A localizado en la plazoleta de pozos de compuertas.,Si,CYS-CW276532-PHI-02535,No,2/febrero/2026,INT-OC-CYS-260/26
8dabdea7,02/12/2025,CYS,Contrato CW 276532,Supervisión de seguridad y salud en el trabajo,Sin Frente,Formalización compromisos del seguimiento semanal SST/HS en obra – 28 de noviembre de 2025.,No,,Si,2/diciembre/2025,INT-OC-CYS-2651/25
d0c97d8d,02/12/2025,CYS,Contrato CW 276532,Supervisión socioambiental,Sin Frente,Entrega del acta de comité socioambiental No. 44.,No,,Si,3/diciembre/2025,INT-OC-CYS-2668/25
bff0b2f3,03/12/2025,CYS,Contrato CW 276532,Supervisión de seguridad y salud en el trabajo,Casa de máquinas y obras anexas,Incumplimiento en los estandares de seguridad durante el montaje de gabaritos,No,,No,9/diciembre/2025,INT-OC-CYS-2708/25
eaab2356,03/12/2025,CYS,Contrato CW 276532,Supervisión socioambiental,Sin Frente,Seguimiento personal extranjero,Si,CYS-CW27652-PHI-02537,No,5/diciembre/2025,INT-OC-CYS-2682/25
4aa4adb0,03/12/2025,CYS,Contrato CW 276532,Supervisión técnica,Conducciones zona sur,Propuesta CYS - Perforaciones en el macizo perturbado.,Si,D-PHI-COP-0751-2025,Si,16/diciembre/2025,INT-OC-CYS-2766/25
91346eb8,03/12/2025,CYS,Contrato CW 276532,Supervisión técnica,Conducciones zona sur,Perforaciones de consolidación del machón entre la galería C y el ramal superior de la conducción N°4. Procedimiento inyecciones de consolidación.,Si,D-PHI-COP-0752-2025,Si,22/diciembre/2025,INT-OC-CYS-2826/25
13cf9126,03/12/2025,CYS,Contrato CW 276532,Supervisión técnica,Casa de máquinas y obras anexas,Via acceso a Casa de Máquinas km 14+400 a km 14+900,Si,D-PHI-COP-0753-2025,No,,
26952bc4,03/12/2025,CYS,Contrato CW 276532,Supervisión técnica,Obras en las descargas,Disminución del rendimiento en excavación del tapón natural en roca del Túnel de Descarga 4,No,,No,,
893c414d,03/12/2025,CYS,Contrato CW 276532,Supervisión socioambiental,Sin Frente,Observaciones informe socioambiental correspondiente al mes de octubre de 2025.,Si,CYS-CW276532-PHI-02538,No,10/diciembre/2025,INT-OC-CYS-2712/25
8d409b47,03/12/2025,CYS,Contrato CW 276532,Supervisión técnica,Casa de máquinas y obras anexas,Memorias de cálculo y planos para base de anclaje mastrobomba,Si,CYS-CW276532-PHI-02539,No,28/febrero/2026,INT-OC-CYS-450/26
4352a86e,03/12/2025,CYS,Contrato CW 276532,Supervisión de seguridad física,Sin Frente,Informe de actividades de seguridad física noviembre de 2025.,Si,CYS-CW276532-PHI-02540,No,,
c7de0e6f,03/12/2025,CYS,Contrato CW 276532,Supervisión de control de laboratorio ensayos de calidad,Sin Frente,Certificados de materiales del 16 de noviembre al 30 de noviembre de 2025.,Si,CYS-CW276532-PHI-02541,No,18/diciembre/2025,INT-OC-CYS-2781/25
6b6e81b0,03/12/2025,CYS,Contrato CW 276532,Supervisión de seguridad y salud en el trabajo,Sin Frente,Solicitud investigación accidente laboral  Alejandro Alberto Romero Miranda CC.11.062.772,No,,Si,6/diciembre/2025,INT-OC-CYS-2685/25
4e8e77cf,03/12/2025,CYS,Contrato CW 276532,Supervisión técnica,Conducciones zona sur,Apoyo viga de soporte plataforma ATB - Inquietud contratista,Si,NC-365-25,Si,6/diciembre/2025,INT-OC-CYS-2688/25
247e3b8f,03/12/2025,CYS,Contrato CW 276532,Supervisión socioambiental,Sin Frente,Seguimiento personal extranjero,Si,CYS-CW276532-PHI-02542,No,,
e686c1ab,04/12/2025,CYS,Contrato CW 276532,Supervisión técnica,Casa de máquinas y obras anexas,Supervisión técnica – Casa de máquinas y obras anexas – Acta de transferencia de zonas de trabajo – Tramos 0 y 1 del túnel de aspiración UG07,No,,Si,4/diciembre/2025,INT-OC-CYS-2669/25
2e3ea3f2,04/12/2025,CYS,Contrato CW 276532,Supervisión técnica,Compuertas y rejas,"Entrega de Actas Comité de Montaje – Compuertas – N°18-12-014, N°18-12-015, N°18-12-016 y N°18-12-017.",No,,Si,5/diciembre/2025,INT-OC-CYS-2684/25
6d5190e6,04/12/2025,CYS,Contrato CW 276532,Supervisión técnica,Casa de máquinas y obras anexas,Hastial aguas arriba - Extensión de muro tipo 1 - Unidad 8 - Pernos de anclaje,No,,Si,6/diciembre/2025,INT-OC-CYS-2691/25
a952ef14,04/12/2025,CYS,Contrato CW 276532,Supervisión contractual,Sin Frente,"Envío de ayudas de memoria de las mesas de trabajo de programación Nros. 29, 30, 31, 32, 33 y 34.",No,,Si,5/diciembre/2025,INT-OC-CYS-2676/25
a182004c,04/12/2025,CYS,Contrato CW 276532,Supervisión contractual,Sin Frente,Requerimiento por fallas recurrentes en el servicio de Internet – Contenedores de la Interventoría,No,,No,5/diciembre/2025,INT-OC-CYS-2680/25
43d2a67a,04/12/2025,CYS,Contrato CW 276532,Supervisión técnica,Sin Frente,Formalización compromisos – Recorrido de obra – Mesa de constructibilidad del 29 de noviembre de 2025.,No,,Si,5/diciembre/2025,INT-OC-CYS-2681/25
2354ff77,05/12/2025,CYS,Contrato CW 276532,Supervisión de seguridad y salud en el trabajo,Almenaras y obras anexas,Solicitud investigación accidente laboral Javier Santos Peña CC.1.094.161.545,No,,Si,6/diciembre/2025,INT-OC-CYS-2687/25
31609713,05/12/2025,CYS,Contrato CW 276532,Supervisión técnica,Presa y obras anexas,Mantenimiento y limpieza de obras de drenaje,Si,CYS-CW276532-PHI-02543,No,2/febrero/2026,INT-OC-CYS-257/26
5b21e4dd,05/12/2025,CYS,Contrato CW 276532,Supervisión de control de laboratorio ensayos de calidad,Sin Frente,Materiales para fabricación de concretos Arena triturada procedente de excavaciones,Si,CYS-CW276532-PHI-02545,No,,
d9656363,05/12/2025,CYS,Contrato CW 276532,Supervisión de seguridad y salud en el trabajo,Sin Frente,Incumplimiento en la implementación de barandas de seguridad,Si,CYS-CW276532-PHI-02546,No,6/enero/2026,INT-OC-CYS-026/26
5645e57e,06/12/2025,CYS,Contrato CW 276532,Supervisión socioambiental,Requerimientos de EPM o entidades externas,Manejo de Fauna Silvestre – Actualización Fichas ICA 1a y 4a,No,,Si,7/diciembre/2025,INT-OC-CYS-2695/25
36f81f3b,06/12/2025,CYS,Contrato CW 276532,Supervisión técnica,Casa de máquinas y obras anexas,Túneles de acceso y galerías de construcción Cárcamo para drenaje de aguas de infiltración,Si,D-PHI-COP-0755-2025,Si,9/diciembre/2025,INT-OC-CYS-2702/25
f93715d4,06/12/2025,CYS,Contrato CW 276532,Supervisión técnica,Sin Frente,Instrumentación geotécnica. Solicitud consolas de lectura de termocuplas y equipos para lectura instrumentación geotécnica.,Si,D-PHI-COP-0756-2025,No,16/diciembre/2025,INT-OC-CYS-2765/25
2c38fbeb,06/12/2025,CYS,Contrato CW 276532,Supervisión de control de laboratorio ensayos de calidad,Sin Frente,Plan calibración y verificación de las plantas de concreto Janeoo 60 y Domat 100,Si,CYS-CW276532-PHI-02544,No,23/diciembre/2025,INT-OC-CYS-2830/25
e46ee419,06/12/2025,CYS,Contrato CW 276532,Supervisión socioambiental,Zonas de deposito obras finales,Implementación de medidas e manejo técnico ambiental en él Deposito Ticuita sur,Si,CYS-CW276532-PHI-02534,No,11/diciembre/2025,INT-OC-CYS-2720/25
f570f748,06/12/2025,CYS,Contrato CW 276532,Supervisión de seguridad y salud en el trabajo,Casa de máquinas y obras anexas,Incumplimiento a requerimientos y órdenes de restricción de sistemas de acceso y tránsito - Complemento comunicado INT-OC-CYS-2666/25,No,,Si,9/diciembre/2025,INT-OC-CYS-2700/25
9fe83d1e,06/12/2025,CYS,Contrato CW 276532,Supervisión socioambiental,Zonas de deposito obras finales,Deficiencias en el manejo de RCD pétreos en el deposito Ticuita sur,Si,CYS-CW276532-PHI-02547,No,16/diciembre/2025,INT-OC-CYS-2760/25
d9d30a3a,06/12/2025,CYS,Contrato CW 276532,Supervisión de control de laboratorio ensayos de calidad,Presa y obras anexas,Alternativa diseño de mezcla lodo de bentonitico para pantalla contra flujo aguas abajo de la presa,Si,CYS-CW276532-PHI-02548,Si,9/diciembre/2025,INT-OC-CYS-2704/25
985f663d,06/12/2025,CYS,Contrato CW 276532,Supervisión técnica,Casa de máquinas y obras anexas,Puente grúa de construcción de 25 ton,Si,CYS-CW276532-PHI-02549,No,9/diciembre/2025,INT-OC-CYS-2707/25
b585f2c1,06/12/2025,CYS,Contrato CW 276532,Supervisión socioambiental,Sin Frente,Informe de gestión socioambiental noviembre 2025,Si,CYS-CW276532-PHI-02552,No,15/diciembre/2025,INT-OC-CYS-2753/25
5e7b22fa,06/12/2025,CYS,Contrato CW 276532,Supervisión de control de laboratorio ensayos de calidad,Sin Frente,Materiales para fabricación de concretos arena triturada procedente de excavaciones,Si,CYS-CW276532-PHI-02554,No,8/diciembre/2025,INT-OC-CYS-2696/25
75d5b5eb,06/12/2025,CYS,Contrato CW 276532,Supervisión técnica,Zonas de deposito obras finales,Depósito Ticuitá 2 – Disponibilidad bulldozer utilizado para la conformación del depósito.,No,,No,,
c77d9b77,06/12/2025,CYS,Contrato CW 276532,Supervisión técnica,Presa y obras anexas,Pantalla cortaflujo – Seguimiento Panel P3 y P5.,No,,No,13/diciembre/2025,INT-OC-CYS-2726/25
14038da4,06/12/2025,CYS,Contrato CW 276532,Supervisión técnica,Sin Frente,Entrega ayuda de memoria – Reunión seguimiento Pantalla Cortaflujo – 27 de noviembre de 2025.,No,,Si,7/diciembre/2025,INT-OC-CYS-2694/25
dd33fbdc,08/12/2025,CYS,Contrato CW 276532,Supervisión técnica,Presa y obras anexas,"Informe prueba de verticalidad panel P5 Pantalla Corta Flujo, Espaldón aguas abajo",Si,CYS-CW276532-PHI-02550,No,24/diciembre/2025,INT-OC-CYS-2842/25
343b5111,08/12/2025,CYS,Contrato CW 276532,Supervisión técnica,Casa de máquinas y obras anexas,Concreto para restitución oquedad 2 y el muro del hastial aguas abajo de la unidad 6,Si,CYS-CW276532-PHI-02551,No,30/enero/2026,INT-OC-CYS-226/26
a9b777fc,08/12/2025,CYS,Contrato CW 276532,Supervisión técnica,Casa de máquinas y obras anexas,Estabilidad de cavernas,Si,D-PHI-COP-0761-2025,No,20/diciembre/2025,INT-OC-CYS-2809/25
e6070492,08/12/2025,CYS,Contrato CW 276532,Supervisión técnica,Presa y obras anexas,Entrega ayuda de memoria – Reunión seguimiento Pantalla Cortaflujo – 03 de diciembre de 2025.,No,,Si,10/diciembre/2025,INT-OC-CYS-2709/25
1cf08246,09/12/2025,CYS,Contrato CW 276532,Supervisión de seguridad y salud en el trabajo,Sin Frente,Formalización compromisos del seguimiento semanal SST/HS en obra – 05 de diciembre de 2025.,No,,Si,9/diciembre/2025,INT-OC-CYS-2705/25
074e63d6,09/12/2025,CYS,Contrato CW 276532,Supervisión de seguridad física,Conducciones zona sur,Observaciones informe seguridad física noviembre 2025. Su comunicación CYS-CW276532-PHI-02540,Si,CYS-CW276532-PHI-02540,No,10/diciembre/2025,INT-OC-CYS-2716/25
cf3ffcb8,09/12/2025,CYS,Contrato CW 276532,Supervisión técnica,Túneles de aspiración,Control de calidad contenido de fibra en concreto lanzado,No,,Si,,
bc62ea3f,09/12/2025,CYS,Contrato CW 276532,Supervisión técnica,Obras en las descargas,Descarga 4- Tanque compensación- Resultados mediciones velocidad de partícula,No,,No,13/diciembre/2025,INT-OC-CYS-2725/25
c9ece468,09/12/2025,CYS,Contrato CW 276532,Supervisión técnica,Casa de máquinas y obras anexas,Hastial aguas arriba – Extensión de muro tipo 1 – Unidad 8 – Pernos de anclaje.,No,,Si,12/diciembre/2025,INT-OC-CYS-2724/25
a99cd414,09/12/2025,CYS,Contrato CW 276532,Supervisión de control de laboratorio ensayos de calidad,Sin Frente,Certificados de materiales del 01 de noviembre al 15 de noviembre de 2025,Si,CYS-CW276532-PHI-02553,No,15/diciembre/2025,INT-OC-CYS-2745/25
70cf2b28,09/12/2025,CYS,Contrato CW 276532,Supervisión técnica,Casa de máquinas y obras anexas,Acta de Entrega de Bienes 00-59-002,No,,Si,10/diciembre/2025,INT-OC-CYS-2714/25
36568cef,09/12/2025,CYS,Contrato CW 276532,Supervisión socioambiental,Instalaciones provisionales obras finales,Cierre de inspección conjunta GI-AM-14-25,No,,Si,10/diciembre/2025,INT-OC-CYS-2713/25
e1228bb6,09/12/2025,CYS,Contrato CW 276532,Supervisión de gestión documental y calidad,Sin Frente,Informe de Auditoría Ciclo II,Si,CYS-CW276532-PHI-02555,No,18/diciembre/2025,INT-OC-CYS-2786/25
e2939d1f,09/12/2025,CYS,Contrato CW 276532,Supervisión de control de laboratorio ensayos de calidad,Sin Frente,Gestión Control de Calidad – Diseño de mezclas FL-411 para mortero de reparación.,Si,CYS-CW276532-PHI-02556,No,14/diciembre/2025,INT-OC-CYS-2733/25
c0778f0f,09/12/2025,CYS,Contrato CW 276532,Supervisión de seguridad y salud en el trabajo,Sin Frente,Solicitud investigación accidente laboral de Oscar Elías Sierra Fuentes CC 1.038.093.667,Si,CYS-CW276532-PHI-02557,No,6/enero/2026,INT-OC-CYS-025/26
b48a52d7,09/12/2025,CYS,Contrato CW 276532,Supervisión técnica,Casa de máquinas y obras anexas,Instrumentación geotécnica.,Si,D-PHI-COP-0760-2025,No,,
1b6dcb65,10/12/2025,CYS,Contrato CW 276532,Supervisión de seguridad y salud en el trabajo,Sin Frente,Hallazgos sin atención inspección conjunta No. 80,Si,CYS-CW276532-PHI-02558,No,30/diciembre/2025,INT-OC-CYS-2867/25
20bafa93,10/12/2025,CYS,Contrato CW 276532,Supervisión de seguridad y salud en el trabajo,Sin Frente,Hallazgos sin atención inspección conjunta Nro. 55,Si,CYS-CW276532-PHI-02559,No,30/diciembre/2025,INT-OC-CYS-2865/25
39bc33cb,10/12/2025,CYS,Contrato CW 276532,Supervisión de seguridad y salud en el trabajo,Sin Frente,Notificación de desviaciones subestándar en actividades de excavación y solicitud de acciones correctivas,Si,CYS-CW276532-PHI-02560,No,6/enero/2026,INT-OC-CYS-029/26
d8d31119,10/12/2025,CYS,Contrato CW 276532,Supervisión de control de laboratorio ensayos de calidad,Sin Frente,Diseños de mezcla - Ajuste asentamiento mezcla FL-278.,Si,CYS-CW276532-PHI-02561,No,21/diciembre/2025,INT-OC-CYS-2815/25
f0d4ade4,10/12/2025,CYS,Contrato CW 276532,Supervisión técnica,Consolidación y conglomeración macizo perturbado zona sur,Procedimiento para inyecciones de aglutinamiento,Si,CYS-CW276532-PHI-02562,No,,
c2f0c62c,10/12/2025,CYS,Contrato CW 276532,Supervisión de control de laboratorio ensayos de calidad,Sin Frente,Diseños de mezcla con arena de excavaciones y agregado grueso de cantera el Valle - Solicitud de aprobación de mezclas alternativas de concreto para contingencias de suministro de agregados.,Si,CYS-CW276532-PHI-02564,No,19/diciembre/2025,INT-OC-CYS-2794/25
b67fcd3f,10/12/2025,CYS,Contrato CW 276532,Supervisión de seguridad y salud en el trabajo,Sin Frente,Solicitud accidente laboral de Luis Ángel Ramos Ospina CC. 1.073.994.786,Si,CYS-CW276532-PHI-02565,No,7/enero/2026,INT-OC-CYS-032/26
af800da2,10/12/2025,CYS,Contrato CW 276532,Supervisión contractual,Sin Frente,Informe técnico mensual noviembre de 2025.,Si,CYS-CW276532-PHI-02566,No,14/diciembre/2025,INT-OC-CYS-2739/25
ded7d11a,10/12/2025,CYS,Contrato CW 276532,Supervisión técnica,Casa de máquinas y obras anexas,"Edificio de servicios sur- Dado de cimentación y tensores de anclaje muro en ""L""",No,,Si,10/diciembre/2025,INT-OC-CYS-2715/25
84f45052,10/12/2025,CYS,Contrato CW 276532,Supervisión técnica,Sin Frente,Entrega acta de comité de obra No. 096,No,,Si,11/diciembre/2025,INT-OC-CYS-2719/25
51aa9290,10/12/2025,CYS,Contrato CW 276532,Supervisión técnica,Casa de máquinas y obras anexas,"Edificio de servicios sur. Dado de cimentación y tensores de anclaje de muro en ""L"".",Si,NC-369-25,No,,
92a4713b,11/12/2025,CYS,Contrato CW 276532,Supervisión técnica,Sin Frente,Envío actas de entrega de bienes Nros. 59-040 a 59-042.,No,,Si,11/diciembre/2025,INT-OC-CYS-2722/25
299fd7cf,11/12/2025,CYS,Contrato CW 276532,Supervisión de seguridad y salud en el trabajo,Sin Frente,Remisión actas de comité SST No. 20 y No.22,No,,Si,13/diciembre/2025,INT-OC-CYS-2729/25
8a7deeb4,11/12/2025,CYS,Contrato CW 276532,Supervisión de seguridad y salud en el trabajo,Sin Frente,Solicitud investigación accidente laboral de Juan Arley Munera Zapata CC 1.037.269.187.,Si,CYS-CW276532-PHI-02563,No,7/enero/2026,INT-OC-CYS-036/26
69fa3930,11/12/2025,CYS,Contrato CW 276532,Supervisión de seguridad y salud en el trabajo,Sin Frente,Oficialización de planos de obra falsa.,Si,CYS-CW276532-PHI-02567,Si,21/enero/2026,INT-OC-CYS-156/26
e1ee194d,11/12/2025,CYS,Contrato CW 276532,Supervisión técnica,Conducciones zona sur,Pozos de presión – Entibados Metálicos circulares - Planos de taller.,Si,CYS-CW276532-PHI-02568,No,,
a1902996,11/12/2025,CYS,Contrato CW 276532,Supervisión técnica,Galerías de acceso y construcción sistema de conducción,Entrega de registros diarios de excavación,Si,CYS-CW276532-PHI-02569,No,17/enero/2026,INT-OC-CYS-113/26
232c1429,11/12/2025,CYS,Contrato CW 276532,Supervisión de seguridad física,Sin Frente,Informe de actividades de seguridad física septiembre de 2025,Si,CYS-CW276532-PHI-02570,Si,21/diciembre/2025,INT-OC-CYS-2818/25
9047f6bc,11/12/2025,CYS,Contrato CW 276532,Supervisión técnica,Sin Frente,Tratamientos en el talud de las desviaciones – Finalización de actividades,Si,CYS-CW276532-PHI-02571,No,18/diciembre/2025,INT-OC-CYS-2789/25
a22da54d,11/12/2025,CYS,Contrato CW 276532,Supervisión de seguridad y salud en el trabajo,Sin Frente,Planeación de rutas de evacuación en casa maquinas sur y almenara 2.,Si,CYS-CW276532-PHI-02572,No,,
63f194a0,11/12/2025,CYS,Contrato CW 276532,Supervisión técnica,Almenaras y obras anexas,Ramal acceso a Almenara 2 – Planos de taller pórticos metálicos Revisión 1.,Si,CYS-CW276532-PHI-02573,No,1/febrero/2026,INT-OC-CYS-241/26
73189f3c,11/12/2025,CYS,Contrato CW 276532,Supervisión de seguridad y salud en el trabajo,Almenaras y obras anexas,Planeación de rutas de evacuación en casa maquinas sur y almenara 2.,Si,CYS-CW276532-PHI-02572,No,8/enero/2026,INT-OC-CYS-046/26
6a113508,11/12/2025,CYS,Contrato CW 276532,Supervisión técnica,Presa y obras anexas,Pantalla Corta flujo - Panel P5 – Seguimiento colocación de concreto.,Si,CYS-CW276532-PHI-02574,No,,
a357a713,11/12/2025,CYS,Contrato CW 276532,Supervisión técnica,Casa de máquinas y obras anexas,Entrega de modelos 3D del acero de refuerzo de los concretos masivos de la cámara espiral de las unidades de generación 5 y 6.,Si,D-PHI-COP-0768-2025,No,,
072b8821,11/12/2025,CYS,Contrato CW 276532,Supervisión técnica,Obras en las descargas,Solución a interferencias del refuerzo con los tensores geotécnicos TAS N°5 a N°8,Si,NC-370-25,Si,16/diciembre/2025,INT-OC-CYS-2769/25
92f3e23c,12/12/2025,CYS,Contrato CW 276532,Supervisión de seguridad y salud en el trabajo,Casa de máquinas y obras anexas,Condición subestándar trabajo en alturas,No,,No,14/diciembre/2025,INT-OC-CYS-2736/25
ee2e1881,12/12/2025,CYS,Contrato CW 276532,Supervisión técnica,Sin Frente,Formalización compromisos – Recorrido de obra – Mesa de constructibilidad del 06 de diciembre de 2025.,No,,Si,13/diciembre/2025,INT-OC-CYS-2727/25
9fd96baf,12/12/2025,CYS,Contrato CW 276532,Supervisión técnica,Sin Frente,Entrega ayuda de memoria – Reunión seguimiento – Pantalla Cortaflujo 10 de diciembre de 2025.,No,,Si,14/diciembre/2025,INT-OC-CYS-2741/25
3ce2ef3c,12/12/2025,CYS,Contrato CW 276532,Supervisión socioambiental,Sin Frente,Resultados monitoreo de los vertimientos de las aguas residuales no domésticas (ARnD).,No,,Si,15/diciembre/2025,INT-OC-CYS-2755/25
8fce2cbe,12/12/2025,CYS,Contrato CW 276532,Supervisión de seguridad y salud en el trabajo,Sin Frente,Informe de gestión mensual – SST noviembre 2025.,Si,CYS-CW276532-PHI-02575,No,10/enero/2026,INT-OC-CYS-065/26
1a8b3ce2,12/12/2025,CYS,Contrato CW 276532,Supervisión técnica,Casa de máquinas y obras anexas,Bases para tableros eléctricos - Planos y cartilla de refuerzo,Si,CYS-CW276532-PHI-02576,No,10/febrero/2026,INT-OC-CYS-319/26
17d8e288,12/12/2025,CYS,Contrato CW 276532,Supervisión de costos,Conducciones zona sur,Colocación urgente de mamparos de protección en conducciones inferiores blindadas 5 y 6 por condición de riesgos – Aceptación de ejecución,Si,CYS-CW276532-PHI-02577,No,14/diciembre/2025,INT-OC-CYS-2742/25
a582a13a,12/12/2025,CYS,Contrato CW 276532,Supervisión técnica,Casa de máquinas y obras anexas,Aceros complementarios en el nudo superior de la columna del eje 22 del pórtico del puente grúa aguas abajo – Pórtico tipo C - Planos de taller.,Si,CYS-CW276532-PHI-02578,No,3/febrero/2026,INT-OC-CYS-269/26
e56a0813,12/12/2025,CYS,Contrato CW 276532,Supervisión de seguridad y salud en el trabajo,Sin Frente,Solicitud investigación laboral de Duber Alexis Zuleta David CC. 1.037.778.089,Si,CYS-CW276532-PHI-02579,No,,
7789cb1a,12/12/2025,CYS,Contrato CW 276532,Supervisión de seguridad y salud en el trabajo,Sin Frente,Solicitud investigación accidente laboral de Alejandro Alberto Romero Miranda CC.11.062.772,Si,CYS-CW276532-PHI-02580,No,7/enero/2026,INT-OC-CYS-035/26
05797b97,12/12/2025,CYS,Contrato CW 276532,Supervisión de seguridad y salud en el trabajo,Sin Frente,Solicitud investigación laboral de Duber Alexis Zuleta David CC. 1.037.778.089.,Si,CYS-CW276532-PHI-02579,No,8/enero/2026,INT-OC-CYS-045/26
9f6bfa3a,12/12/2025,CYS,Contrato CW 276532,Supervisión de seguridad y salud en el trabajo,Sin Frente,Solicitud investigación accidente laboral de German David Posada Romaña CC. 1.028.020.622,Si,CYS-CW276532-PHI-02581,No,8/enero/2026,INT-OC-CYS-044/26
f0910605,12/12/2025,CYS,Contrato CW 276532,Supervisión contractual,Sin Frente,Cronograma General del Proyecto – Impacto programa de obra AMB 7 y AMB 4 – Modificación Hitos contractuales,Si,CYS-CW276532-PHI-02582,Si,23/diciembre/2025,INT-OC-CYS-2832/25
a2316967,12/12/2025,CYS,Contrato CW 276532,Supervisión socioambiental,Requerimientos de EPM o entidades externas,Manejo de Fauna Silvestre – Actualización Fichas ICA 1a y 4a,Si,CYS-CW276532-PHI-02583,No,,
730b55db,12/12/2025,CYS,Contrato CW 276532,Supervisión técnica,Casa de máquinas y obras anexas,Diseños de mezcla,Si,D-PHI-COP-0769-2025,No,,
78b4368c,12/12/2025,CYS,Contrato CW 276532,Supervisión técnica,Sin Frente,Adecuación de accesos para toma de lecturas de puntos de control superficial,Si,D-PHI-COP-0770-2025,No,,
332eaf99,12/12/2025,CYS,Contrato CW 276532,Supervisión técnica,Sin Frente,Limpieza medidores de infiltraciones Galerías de Inyección y Drenaje Margen Derecha.,Si,NC-371-25,Si,18/diciembre/2025,INT-OC-CYS-2782/25
44c8569a,13/12/2025,CYS,Contrato CW 276532,Supervisión técnica,Casa de máquinas y obras anexas,Losa 199 unidades 6 y 7 planos y cartillas de refuerzo - Eliminación cárcamo y perforación para paso de mastrobomba en la EL 199,Si,CYS-CW276532-PHI-02584,No,10/febrero/2026,INT-OC-CYS-316/26
d8838995,13/12/2025,CYS,Contrato CW 276532,Supervisión de seguridad y salud en el trabajo,Sin Frente,Solicitud investigación accidente laboral Guillermo José Corrales González CC. 1.063.355.996.,Si,CYS-CW276532-PHI-02585,No,8/enero/2026,INT-OC-CYS-043/26
e5836e18,13/12/2025,CYS,Contrato CW 276532,Supervisión de seguridad y salud en el trabajo,Sin Frente,Solicitud investigación accidente laboral Jhon Jairo Alape Amaya CC. 1.106.484.735.,Si,CYS-CW276532-PHI-02586,No,8/enero/2026,INT-OC-CYS-042/26
63aa2770,13/12/2025,CYS,Contrato CW 276532,Supervisión de seguridad y salud en el trabajo,Casa de máquinas y obras anexas,Solicitud de Investigación y plan de acción detallado por incidente de caída de objeto (Barras de perforación de Jackleg).,No,,No,14/diciembre/2025,INT-OC-CYS-2735/25
8ec48e4c,14/12/2025,CYS,Contrato CW 276532,Supervisión socioambiental,Sin Frente,Remisión del acta de comité social específico No. 24.,No,,Si,15/diciembre/2025,INT-OC-CYS-2756/25
958e7b10,14/12/2025,CYS,Contrato CW 276532,Supervisión técnica,Casa de máquinas y obras anexas,"Revisión de memorias de cálculo de la cimentación de la mastrobomba a instalar en el nivel 188,50 m.s.n.m. de la zona sur de casa de máquinas.",Si,D-PHI-COP-0771-2025,No,,
dcd7466c,14/12/2025,CYS,Contrato CW 276532,Supervisión de seguridad y salud en el trabajo,Sin Frente,Remisión ayuda de memoria No. 26 – Análisis inmediato y plan de acción preventivo por incidente de alto potencial y recurrencia de eventos.,No,,Si,15/diciembre/2025,INT-OC-CYS-2744/25
a10ac897,14/12/2025,CYS,Contrato CW 276532,Supervisión de seguridad y salud en el trabajo,Sin Frente,Requerimiento remisión de documentación de las estructuras (pasarelas y escaleras) de la planta de hielo,No,,No,15/diciembre/2025,INT-OC-CYS-2752/25
931514dc,14/12/2025,CYS,Contrato CW 276532,Supervisión de seguridad y salud en el trabajo,Casa de máquinas y obras anexas,Reincidencia en condiciones de riesgo crítico durante ejecución de trabajos simultáneos.,No,,No,15/diciembre/2025,INT-OC-CYS-2754/25
771443d3,15/12/2025,CYS,Contrato CW 276532,Supervisión técnica,Casa de máquinas y obras anexas,"Entrega de planos para construcción estructurales de la losa El. 217,45 - zona sur de la unidad 7.",Si,D-PHI-COP-0772-2025,No,20/diciembre/2025,INT-OC-CYS-2810/25
52515ae8,15/12/2025,CYS,Contrato CW 276532,Supervisión técnica,Presa y obras anexas,Base de datos control de obra.,Si,D-PHI-COP-0773-2025,No,,
140e28bf,15/12/2025,CYS,Contrato CW 276532,Supervisión técnica,Conducciones zona sur,Revisión de la propuesta de Geometría del barreno INY-GCIW-CI-006.,Si,D-PHI-COP-0774-2025,No,26/diciembre/2025,INT-OC-CYS-2849/25
c2754e90,15/12/2025,CYS,Contrato CW 276532,Supervisión técnica,Conducciones zona sur,Check list de pendientes ramales de acceso a conducción superior 7 y 8,No,,No,15/enero/2026,INT-OC-CYS-090/26
8505be2c,15/12/2025,CYS,Contrato CW 276532,Supervisión de seguridad y salud en el trabajo,Casa de máquinas y obras anexas,Solicitud remisión de la investigación de incidente de alto potencial - caída de objetos (parte metalica de un martillo).,No,,No,16/diciembre/2025,INT-OC-CYS-2758/25
117717ee,15/12/2025,CYS,Contrato CW 276532,Supervisión de seguridad y salud en el trabajo,Almenaras y obras anexas,Solicitud de Investigación y plan de acción detallado por incidente de caída de objeto (Barra de Trepa) y preocupación por reiteración de eventos de alto potencial.,Si,CYS-CW276532-PHI-02587,No,9/enero/2026,INT-OC-CYS-050/26
aa0f1ae6,15/12/2025,CYS,Contrato CW 276532,Supervisión socioambiental,Sin Frente,Diseño y memoria de cálculo unidad de sedimentación planta de fabricación de lechada plazoleta 435,Si,CYS-CW276532-PHI-02588,No,18/diciembre/2025,INT-OC-CYS-2790/25
056bc53c,15/12/2025,CYS,Contrato CW 276532,Supervisión socioambiental,Instalaciones provisionales obras finales,Cierre de inspección conjunta GI-AM-14-25.,Si,CYS-CW276532-PHI-02589,No,18/diciembre/2025,INT-OC-CYS-2787/25
d8925bab,15/12/2025,CYS,Contrato CW 276532,Supervisión técnica,Conducciones zona sur,Obstrucción de las estaciones de convergencia,No,,No,22/diciembre/2025,INT-OC-CYS-2825/25
3898ea28,15/12/2025,CYS,Contrato CW 276532,Supervisión técnica,Sin Frente,Entrega de documentación técnica – Almeja y equipo de ultrasonido.,Si,CYS-CW276532-PHI-02590,No,18/febrero/2026,INT-OC-CYS-364/26
f69c1e12,15/12/2025,CYS,Contrato CW 276532,Supervisión de seguridad y salud en el trabajo,Sin Frente,Solicitud investigación accidente laboral Vicente Parra Henao CC. 1.001.773.034.,Si,CYS-CW276532-PHI-02591,No,10/enero/2026,INT-OC-CYS-063/26
88472f4b,15/12/2025,CYS,Contrato CW 276532,Supervisión de seguridad y salud en el trabajo,Almenaras y obras anexas,Solicitud investigación accidente laboral de Javier Santos Peña CC. 1.094.161.545.,Si,CYS-CW276532-PHI-02592,No,10/enero/2026,INT-OC-CYS-062/26
14f829d7,15/12/2025,CYS,Contrato CW 276532,Supervisión técnica,Sin Frente,Canastilla capacidad 480 kg (4 Personas) – Planos y memoria de cálculo.,Si,CYS-CW276532-PHI-02593,No,10/febrero/2026,INT-OC-CYS-320/26
4678a655,15/12/2025,CYS,Contrato CW 276532,Supervisión técnica,Presa y obras anexas,Panel de prueba - Procedimiento excavación trinchera Inspección Concreto Plástico,Si,CYS-CW276532-PHI-02595,No,15/marzo/2026,INT-OC-CYS-581/26
2f7a1420,15/12/2025,CYS,Contrato CW 276532,Supervisión técnica,Presa y obras anexas,Pantalla cortaflujo posible desviación panel P3.,Si,CYS-CW276532-PHI-02596,No,,
ff7f72d7,15/12/2025,CYS,Contrato CW 276532,Supervisión de control de laboratorio ensayos de calidad,Presa y obras anexas,Panel de prueba pantalla cortaflujo –Aclaraciones tecnicas,Si,CYS-CW276532-PHI-02597,No,,
fe322216,15/12/2025,CYS,Contrato CW 276532,Supervisión técnica,Casa de máquinas y obras anexas,Memoria de cálculo y planos para base de anclaje de la mastrobomba,Si,D-PHI-COP-0777-2025,No,,
31b726b3,15/12/2025,CYS,Contrato CW 276532,Supervisión técnica,Galerías y pozos de compuertas,Verificación de frente y lineamientos de recuperación zona - Traslado solicitud de contratista,Si,D-PHI-COP-0779-2025,No,22/diciembre/2025,INT-OC-CYS-2823/25
b8c6ec07,16/12/2025,CYS,Contrato CW 276532,Supervisión técnica,Túnel de acceso y galerías de construcción de la central,Galería de construcción inferior sur- Conducción inferior 8- Inactividades,No,,No,,
8ddea49b,16/12/2025,CYS,Contrato CW 276532,Supervisión de seguridad y salud en el trabajo,Sin Frente,Solicitud investigación accidente laboral de  Jean Carlo Aparicio Jaimes.,No,,Si,17/diciembre/2025,INT-OC-CYS-2777/25
5f807344,16/12/2025,CYS,Contrato CW 276532,Supervisión socioambiental,Sin Frente,Entrega ayuda de memoria – Reunión seguimiento implementación de medidas en el suministro de agua en lavamanos – 10 de diciembre de 2025.,No,,Si,17/diciembre/2025,INT-OC-CYS-2775/25
c00bc247,16/12/2025,CYS,Contrato CW 276532,Supervisión de seguridad y salud en el trabajo,Sin Frente,Formalización compromisos del seguimiento semanal SST/HS en obra – 12 de diciembre de 2025.,No,,Si,17/diciembre/2025,INT-OC-CYS-2774/25
2c82fe3a,16/12/2025,CYS,Contrato CW 276532,Supervisión técnica,Presa y obras anexas,Entrega informe técnico – Evaluación y corrección de verticalidad Panel P3 Pantalla Corta Flujo - Espaldón aguas abajo.,Si,CYS-CW276532-PHI-02594,No,18/febrero/2026,INT-OC-CYS-367/26
e733963e,16/12/2025,CYS,Contrato CW 276532,Supervisión de seguridad física,Sin Frente,Informe de actividades de seguridad física agosto de 2025.,Si,CYS-CW276532-PHI-02598,No,18/diciembre/2025,INT-OC-CYS-2780/25
c2f3e945,16/12/2025,CYS,Contrato CW 276532,Supervisión técnica,Sin Frente,Solicitud de reconocimiento de valores retenidos – Cemento y Aditivos en lechadas de consolidación y aglutinamiento,Si,CYS-CW276532-PHI-02599,No,,
6bc8060d,16/12/2025,CYS,Contrato CW 276532,Supervisión técnica,Presa y obras anexas,Medidor de infiltraciones. Instrumentación geotécnica. Novedades en el monitoreo de los piezómetros de tubo abierto de la pata de la presa,Si,CYS-CW276532-PHI-02600,No,2/febrero/2026,INT-OC-CYS-256/26
87c0ef13,16/12/2025,CYS,Contrato CW 276532,Supervisión técnica,Sin Frente,Informes diarios de excavaciones subterráneas – Mes de septiembre de 2025.,Si,CYS-CW276532-PHI-02601,No,18/febrero/2026,INT-OC-CYS-366/26
a7e1c89f,16/12/2025,CYS,Contrato CW 276532,Supervisión técnica,Galerías y pozos de compuertas,Galería de acceso a cámara de compuertas de la descarga de fondo.    Relocalización drenajes nota de campo NC-356-25.,Si,D-PHI-COP-0782-2025,No,27/diciembre/2025,INT-OC-CYS-2853/25
30553c02,16/12/2025,CYS,Contrato CW 276532,Supervisión técnica,Conducciones zona sur,Respuesta a solicitud de desestimación de reperforación del barreno INY-PP5-ZS-23,Si,NC-374-25,Si,18/diciembre/2025,INT-OC-CYS-2785/25
8302163c,17/12/2025,CYS,Contrato CW 276532,Supervisión de seguridad y salud en el trabajo,Sin Frente,Traslado notificación de condiciones de riesgo durante instalación de contenedores,No,,Si,18/diciembre/2025,INT-OC-CYS-2793/25
d4698bea,17/12/2025,CYS,Contrato CW 276532,Supervisión técnica,Casa de máquinas y obras anexas,Acero de refuerzo en columna eje 22 del pórtico aguas abajo de la sala de montajes.,Si,D-PHI-COP-0783-2025,No,,
901d54c8,17/12/2025,CYS,Contrato CW 276532,Supervisión socioambiental,Instalaciones provisionales obras finales,Acta de entrega área específica antiguo Almacén Central (losa inferior),No,,Si,18/diciembre/2025,INT-OC-CYS-2778/25
ca34f4cb,17/12/2025,CYS,Contrato CW 276532,Supervisión técnica,Almenaras y obras anexas,Interferencia de cabezales de tensores tipo A  y el acero de refuerzo de los tramos 1 a 4 de los túneles de aspiración 5 a 8,Si,D-PHI-COP-0784-2025,No,,
dc2c9cd7,17/12/2025,CYS,Contrato CW 276532,Supervisión técnica,Casa de máquinas y obras anexas,Revisión planos pase tuberías.,Si,D-PHI-COP-0785-2025,No,19/diciembre/2025,INT-OC-CYS-2798/25
c9f47ae9,17/12/2025,CYS,Contrato CW 276532,Supervisión técnica,Sin Frente,Entrega acta de comité de obra No. 097,No,,Si,17/diciembre/2025,INT-OC-CYS-2776/25
793d8f6c,17/12/2025,CYS,Contrato CW 276532,Supervisión de seguridad y salud en el trabajo,Sin Frente,Solicitud remisión de la investigación de incidente de alto potencial – Caída de objetos - Actividades Tensionamiento,No,,No,24/diciembre/2025,INT-OC-CYS-2840/25
acdacd34,17/12/2025,CYS,Contrato CW 276532,Supervisión técnica,Sin Frente,Entrega acta de comité de obra No. 098,No,,Si,18/diciembre/2025,INT-OC-CYS-2779/25
7af705f3,17/12/2025,CYS,Contrato CW 276532,Supervisión técnica,Sin Frente,Entrega acta de reunión técnica No.047- Secuencia de excavación de los paneles de la Pantalla Cortaflujo.,No,,Si,19/diciembre/2025,INT-OC-CYS-2796/25
f5ae2cc4,18/12/2025,CYS,Contrato CW 276532,Supervisión técnica,Sin Frente,Envío acta de entrega de bienes No. 59-043,No,,Si,18/diciembre/2025,INT-OC-CYS-2783/25
46eba2a6,18/12/2025,CYS,Contrato CW 276532,Supervisión técnica,Sin Frente,Envío acta de entrega de bienes No. 59-044.,No,,Si,7/enero/2026,INT-OC-CYS-033/26
418ab19b,18/12/2025,CYS,Contrato CW 276532,Supervisión socioambiental,Sin Frente,Entrega del acta de comité socioambiental No. 45.,No,,Si,18/diciembre/2025,INT-OC-CYS-2784/25
e099c7c8,18/12/2025,CYS,Contrato CW 276532,Supervisión técnica,Sin Frente,Formalización compromisos – Recorrido de obra – Mesa de constructibilidad del 13 de diciembre de 2025.,No,,Si,19/diciembre/2025,INT-OC-CYS-2795/25
e7587197,18/12/2025,CYS,Contrato CW 276532,Supervisión técnica,Almenaras y obras anexas,Galería de construcción superior sur – Secuencia constructiva,Si,CYS-CW276532-PHI-02603,No,1/febrero/2026,INT-OC-CYS-240/26
76cb76c1,18/12/2025,CYS,Contrato CW 276532,Supervisión de riesgos,Sin Frente,Informe Mensual de la Gestión de Riesgos – noviembre 2025.,Si,CYS-CW276532-PHI-02604,No,20/diciembre/2025,INT-OC-CYS-2805/25
c4b15fa8,18/12/2025,CYS,Contrato CW 276532,Supervisión técnica,Conducciones zona sur,Oficialización instructivos de campo IC-229-2025 a IC-233-2025.,Si,D-PHI-COP-0786-2025,No,23/diciembre/2025,INT-OC-CYS-2835/25
0b4d551d,18/12/2025,CYS,Contrato CW 276532,Supervisión socioambiental,Sin Frente,Cierre Inspección Conjunta GI-AM-15-25,No,,Si,18/diciembre/2025,INT-OC-CYS-2792/25
15fddb1e,18/12/2025,CYS,Contrato CW 276532,Supervisión de costos,Sin Frente,Formalización orden de ejecución obras adicionales y extras – Comunicación INT-OC-CYS-CYS-2740.,No,,No,18/diciembre/2025,INT-OC-CYS-2791/25
636f64d8,18/12/2025,CYS,Contrato CW 276532,Supervisión técnica,Compuertas y rejas,Entrega de Actas Comité de Montaje – Compuertas – N°18-12-018 y N°18-12-019.,No,,Si,19/diciembre/2025,INT-OC-CYS-2797/25
6fc9d430,19/12/2025,CYS,Contrato CW 276532,Supervisión de seguridad y salud en el trabajo,Sin Frente,Remisión ayuda de memoria 26 análisis inmediato y plan de acción preventivo por incidente de alto potencial,Si,CYS-CW276532-PHI-02602,No,22/diciembre/2025,INT-OC-CYS-2827/25
088c5af5,19/12/2025,CYS,Contrato CW 276532,Supervisión de seguridad y salud en el trabajo,Sin Frente,Hallazgos pendientes por cerrar inspección conjunta 72,Si,CYS-CW276532-PHI-02605,No,11/enero/2026,INT-OC-CYS-071/26
d66a0e45,19/12/2025,CYS,Contrato CW 276532,Supervisión técnica,Sin Frente,Instrumentación geotécnica consolas de lectura,Si,CYS-CW276532-PHI-02606,Si,,
8cdb4396,19/12/2025,CYS,Contrato CW 276532,Supervisión técnica,Casa de máquinas y obras anexas,Control de calidad solicitud de información de termocuplas,Si,CYS-CW276532-PHI-02607,No,5/enero/2026,INT-OC-CYS-015/26
15942b17,19/12/2025,CYS,Contrato CW 276532,Supervisión de seguridad y salud en el trabajo,Sin Frente,Solicitud investigación accidente laboral Kevin Alexis Terán Yotagri CC. 1.037.778.008,Si,CYS-CW276532-PHI-02608,No,11/enero/2026,INT-OC-CYS-072/26
317c46f6,19/12/2025,CYS,Contrato CW 276532,Supervisión de seguridad y salud en el trabajo,Casa de máquinas y obras anexas,Solicitud de investigación incidente de alto potencial,Si,CYS-CW276532-PHI-02609,No,11/enero/2026,INT-OC-CYS-079/26
3a473231,19/12/2025,CYS,Contrato CW 276532,Supervisión de control de laboratorio ensayos de calidad,Sin Frente,Caracterización de agregados en plantas de producción de concreto,Si,CYS-CW276532-PHI-02610,Si,23/diciembre/2025,INT-OC-CYS-2831/25
5bb593c1,19/12/2025,CYS,Contrato CW 276532,Supervisión técnica,Casa de máquinas y obras anexas,"Galería de barras y obras anexas Revisión planos pase tuberías nivel 204,10",SI,D-PHI-COP-0789-2025,No,20/diciembre/2025,INT-OC-CYS-2802/25
e621fbc9,19/12/2025,CYS,Contrato CW 276532,Supervisión de seguridad y salud en el trabajo,Casa de máquinas y obras anexas,Requerimiento por incumplimiento de controles en trabajos en caliente e interferencias en niveles inferiores.,No,,No,20/diciembre/2025,INT-OC-CYS-2800/25
4daaa7ba,19/12/2025,CYS,Contrato CW 276532,Supervisión de seguridad y salud en el trabajo,Sin Frente,Solicitud investigación accidente laboral  Neil Antonio Espinosa CC.8.436.483,No,,Si,20/diciembre/2025,INT-OC-CYS-2807/25
2df6bb67,19/12/2025,CYS,Contrato CW 276532,Supervisión de seguridad y salud en el trabajo,Sin Frente,Hallazgos pendiente por cerrar inspección conjunta No. 82,No,,Si,20/diciembre/2025,INT-OC-CYS-2804/25
80c802c8,19/12/2025,CYS,Contrato CW 276532,Supervisión de seguridad y salud en el trabajo,Casa de máquinas y obras anexas,Solicitud investigación accidente laboral  Carlos Alberto Contreras CC.13.994.024,No,,Si,20/diciembre/2025,INT-OC-CYS-2803/25
08f7b542,19/12/2025,CYS,Contrato CW 276532,Supervisión técnica,Casa de máquinas y obras anexas,Galería de Barras 7 - Defectos constructivos en muros de hastiales del tramo A,No,,No,20/diciembre/2025,INT-OC-CYS-2801/25
4a66aab3,20/12/2025,CYS,Contrato CW 276532,Supervisión técnica,Presa y obras anexas,Pantalla cortaflujo panel de prueba tercer vaciado concreto plástico en zona correspondiente al tubo utilizado para la generación de junta,Si,CYS-CW276532-PHI-02611,No,16/marzo/2026,INT-OC-CYS-600/26
3ae4eceb,20/12/2025,CYS,Contrato CW 276532,Supervisión de costos,Casa de máquinas y obras anexas,Aceptación de orden de ejecución obras adicionales y extras,Si,CYS-CW276532-PHI-02615,No,9/enero/2026,INT-OC-CYS-054/26
6aaaed1f,20/12/2025,CYS,Contrato CW 276532,Supervisión de control de laboratorio ensayos de calidad,Sin Frente,Certificados de materiales del 16 de septiembre al 15 de octubre de 2025,Si,CYS-CW276532-PHI-02612,No,,
3fa214a5,20/12/2025,CYS,Contrato CW 276532,Supervisión técnica,Casa de máquinas y obras anexas,Plano del sistema de puesta a tierra muro aguas abajo de la U5,Si,CYS-CW276532-PHI-02613,No,22/diciembre/2025,INT-OC-CYS-2820/25
002b3dd8,20/12/2025,CYS,Contrato CW 276532,Supervisión técnica,Casa de máquinas y obras anexas,Secuencia constructiva de las obras de la zona sur y localización de la mastrobomba propuesta por el contratista CYS,Si,CYS-CW276532-PHI-02614,No,31/diciembre/2025,INT-OC-CYS-2871/25
7e1e6bcb,20/12/2025,CYS,Contrato CW 276532,Supervisión de costos,Conducciones zona sur,Rehabilitación de pozos de presión conducción N° 5 a N° 8 Provisión de obras adicionales y extra previstas en el AMB 9,Si,CYS-CW276532-PHI-02616,No,10/enero/2026,INT-OC-CYS-064/26
d4985ed4,20/12/2025,CYS,Contrato CW 276532,Supervisión de riesgos,Sin Frente,Entrega de acta de comité de riesgos No. 025,No,,Si,21/diciembre/2025,INT-OC-CYS-2814/25
002b6286,20/12/2025,CYS,Contrato CW 276532,Supervisión de control de laboratorio ensayos de calidad,Sin Frente,Reporte control de calidad aditivo EUCON 537-1 Proveedor Toxement para lechadas de aglutinamiento LE-117,Si,CYS-CW276532-PHI-02617,No,27/diciembre/2025,INT-OC-CYS-2855/25
470bc35d,21/12/2025,CYS,Contrato CW 276532,Supervisión de control de laboratorio ensayos de calidad,Sin Frente,"Aprobación de mezclas de lechada para inyección LE-110, LE-111 y LE-113",Si,CYS-CW276532-PHI-02618,No,27/diciembre/2025,INT-OC-CYS-2854/25
956ddd48,21/12/2025,CYS,Contrato CW 276532,Supervisión técnica,Vertedero y obras anexas,Pantalla cortaflujo solicitud parámetros cuantitativos,Si,CYS-CW276532-PHI-02619,No,22/diciembre/2025,INT-OC-CYS-2821/25
83916220,21/12/2025,CYS,Contrato CW 276532,Supervisión técnica,Sin Frente,Informe de seguimiento de la instrumentación entre el 16 de noviembre y el 15 de diciembre de 2025,Si,D-PHI-COP-0794-2025,No,,
52eae829,21/12/2025,CYS,Contrato CW 276532,Supervisión técnica,Casa de máquinas y obras anexas,"Viga de pórtico de soporte de puente grúa, en eje D, entre ejes 21 y 22. Continuidad de barra de refuerzo en cara inferior de la viga",Si,NC-378-25,Si,22/diciembre/2025,INT-OC-CYS-2822/25
fda37964,21/12/2025,CYS,Contrato CW 276532,Supervisión de seguridad y salud en el trabajo,Sin Frente,Desviaciones subestandar durante proceso de voladuras,No,,No,25/diciembre/2025,INT-OC-CYS-2846/25
30c2a3db,21/12/2025,CYS,Contrato CW 276532,Supervisión de seguridad y salud en el trabajo,Sin Frente,Formalización compromisos del seguimiento semanal SST/HS en obra – 19 de diciembre de 2025.,No,,Si,21/diciembre/2025,INT-OC-CYS-2819/25
9b08579b,21/12/2025,CYS,Contrato CW 276532,Supervisión de seguridad física,Sin Frente,Supervisión de seguridad física - Entrega actas comités de seguridad física 021-022,No,,Si,22/diciembre/2025,INT-OC-CYS-2828/25
f7c38edb,21/12/2025,CYS,Contrato CW 276532,Supervisión técnica,Casa de máquinas y obras anexas,Aclaración interconexión del sistema de puesta a tierra entre edificio de servicios norte y edificios de servicios sur EL. 193.00,Si,CYS-CW276532-PHI-02365,No,10/enero/2026,INT-OC-CYS-061/26
2a7ad9ea,21/12/2025,CYS,Contrato CW 276532,Supervisión contractual,Sin Frente,Informe técnico mensual noviembre de 2025,Si,CYS-CW276532-PHI-02620,No,,
5e5ad4f2,21/12/2025,CYS,Contrato CW 276532,Supervisión de control de laboratorio ensayos de calidad,Sin Frente,Ajuste asentamiento FL-278,Si,CYS-CW276532-PHI-02621,No,26/diciembre/2025,INT-OC-CYS-2852/25
91131128,21/12/2025,CYS,Contrato CW 276532,Supervisión técnica,Sin Frente,Stock de materiales e insumos para producción de concreto,Si,CYS-CW276532-PHI-02622,No,26/diciembre/2025,INT-OC-CYS-2851/25
4cff192a,21/12/2025,CYS,Contrato CW 276532,Supervisión de seguridad y salud en el trabajo,Sin Frente,Solicitud investigación accidente laboral John Fredy Acosta Martínez CC. 5.822.138,Si,CYS-CW276532-PHI-02623,No,14/enero/2026,INT-OC-CYS-089/26
6984cf71,21/12/2025,CYS,Contrato CW 276532,Supervisión técnica,Conducciones zona sur,Ajuste a la perforación de barrenos desde ramales inferiores PP5 y PP6,Si,NC-379-25,Si,3/enero/2026,INT-OC-CYS-010/26
50ada88d,21/12/2025,CYS,Contrato CW 276532,Supervisión técnica,Casa de máquinas y obras anexas,Oficialización IC-246-2025,Si,NC-380-25,No,25/diciembre/2025,INT-OC-CYS-2847/25
d8c9ab24,22/12/2025,CYS,Contrato CW 276532,Supervisión de gestión documental y calidad,Sin Frente,Notas de campo emitidas entre el 15 y el 21 de diciembre 2025,Si,D-PHI-COP-0796-2025,No,,
c68a9fb2,22/12/2025,CYS,Contrato CW 276532,Supervisión técnica,Conducciones zona sur,Entrega de planos relacionados con las previsiones para el montaje del blindaje en las conducciones N° 5 a N° 8,Si,D-PHI-COP-0798-2025,Si,23/diciembre/2025,INT-OC-CYS-2836/25
1c892bba,22/12/2025,CYS,Contrato CW 276532,Supervisión de control de laboratorio ensayos de calidad,Sin Frente,"Muestreo concretos lanzados, esclarecimiento conceptos D-PHICOP-0625-2025",No,,No,23/diciembre/2025,INT-OC-CYS-2833/25
f492f3e6,23/12/2025,CYS,Contrato CW 276532,Supervisión de seguridad y salud en el trabajo,Casa de máquinas y obras anexas,Solicitud investigación de evento con potencial,No,,No,25/diciembre/2025,INT-OC-CYS-2845/25
1d30adb8,23/12/2025,CYS,Contrato CW 276532,Supervisión contractual,Sin Frente,Afectación programa de trabajo AMB 4 y 7,Si,20250130228173,No,,
8baffa6d,23/12/2025,CYS,Contrato CW 276532,Supervisión de control de laboratorio ensayos de calidad,Sin Frente,Certificados de materiales del 16 de noviembre al 30 de noviembre de 2025.,Si,CYS-CW276532-PHI-02624,No,9/enero/2026,INT-OC-CYS-059/26
871c189e,23/12/2025,CYS,Contrato CW 276532,Supervisión técnica,Casa de máquinas y obras anexas,Planos del Sistema de Puesta a Tierra EL. 193.00.,Si,CYS-CW276532-PHI-02625,No,8/enero/2026,INT-OC-CYS-041/26
17df90c8,23/12/2025,CYS,Contrato CW 276532,Supervisión de seguridad y salud en el trabajo,Sin Frente,Oficialización de tensionamiento de pernos de anclaje para personas - Berma 570 romerito.,Si,CYS-CW276532-PHI-02626,No,13/enero/2026,INT-OC-CYS-083/26
50d46e5a,23/12/2025,CYS,Contrato CW 276532,Supervisión de seguridad y salud en el trabajo,Casa de máquinas y obras anexas,Solicitud investigación accidente laboral Carlos Alberto Contreras CC.13.994.024.,Si,CYS-CW276532-PHI-02627,No,13/enero/2026,INT-OC-CYS-084/26
494c7fed,23/12/2025,CYS,Contrato CW 276532,Supervisión técnica,Conducciones zona sur,Apoyo viga de soporte plataforma ATB.,Si,CYS-CW276532-PHI-02628,No,,
67ad961e,23/12/2025,CYS,Contrato CW 276532,Supervisión técnica,Casa de máquinas y obras anexas,Pernos de anclaje planos muros aguas arriba y aguas abajo,Si,CYS-CW276532-PHI-02629,No,2/febrero/2026,INT-OC-CYS-246/26
62de1521,23/12/2025,CYS,Contrato CW 276532,Supervisión técnica,Sin Frente,Procedimientos de instalación de instrumentación geotécnica,Si,CYS-CW276532-PHI-02630,No,19/marzo/2026,INT-OC-CYS-646/26
80a3235b,23/12/2025,CYS,Contrato CW 276532,Supervisión de seguridad y salud en el trabajo,Casa de máquinas y obras anexas,Reincidencia en condiciones de riesgo crítico durante ejecución de trabajos simultáneos.,Si,CYS-CW276532-PHI-02631,No,,
a77fbba1,23/12/2025,CYS,Contrato CW 276532,Supervisión de seguridad física,Sin Frente,Afectaciones de seguridad y orden público,Si,CYS-CW276532-PHI-02632,No,6/enero/2026,INT-OC-CYS-022/26
5c23355d,23/12/2025,CYS,Contrato CW 276532,Supervisión socioambiental,Sin Frente,Observaciones informe de gestión socioambiental correspondiente al mes de noviembre de 2025,Si,CYS-CW276532-PHI-02633,No,9/enero/2026,INT-OC-CYS-052/26
f066a78c,23/12/2025,CYS,Contrato CW 276532,Supervisión de seguridad y salud en el trabajo,Sin Frente,Traslado notificación de condiciones de riesgo durante instalación de contenedores,Si,CYS-CW276532-PHI-02634,No,,
f4492eb0,23/12/2025,CYS,Contrato CW 276532,Supervisión técnica,Conducciones zona sur,"Oficialización instructivos de campo IC-227-2025, IC-228-2025, IC-235-2025, IC-237-2025, IC-238-2025, IC-240-2025, IC-241-2025, IC-243-2025, IC-244-2025 e IC-245-2025",Si,D-PHI-COP-0800-2025,Si,31/diciembre/2025,INT-OC-CYS-2874/25
fc5ec532,23/12/2025,CYS,Contrato CW 276532,Supervisión técnica,Conducciones zona sur,Acuerdos reunión en campo Plan de aglutinamiento conducciones 5 a 8.,Si,D-PHI-COP-0801-2025,No,,
d5f948bd,23/12/2025,CYS,Contrato CW 276532,Supervisión técnica,Sin Frente,Formalización compromisos recorrido de obra - 20 de diciembre de 2025,No,,Si,24/diciembre/2025,INT-OC-CYS-2843/25
a37a7e3a,23/12/2025,CYS,Contrato CW 276532,Supervisión técnica,Sin Frente,Entrega acta de comité de obra No.099,No,,Si,24/diciembre/2025,INT-OC-CYS-2841/25
3ca707b5,24/12/2025,CYS,Contrato CW 276532,Supervisión de seguridad y salud en el trabajo,Sin Frente,Traslado notificación de condiciones de riesgo durante instalación de contenedores,Si,CYS-CW276532-PHI-02634,No,15/enero/2026,INT-OC-CYS-094/26
d3a96993,24/12/2025,CYS,Contrato CW 276532,Supervisión de riesgos,Sin Frente,Informe Mensual de la Gestión de Riesgos noviembre 2025.,Si,CYS-CW276532-PHI-02635,No,6/enero/2026,INT-OC-CYS-024/26
d44f3003,24/12/2025,CYS,Contrato CW 276532,Supervisión de seguridad y salud en el trabajo,Sin Frente,Solicitud investigación accidente laboral Neil Antonio Espinosa CC. 8.436.483,Si,CYS-CW276532-PHI-02636,No,12/enero/2026,INT-OC-CYS-082/26
53192205,24/12/2025,CYS,Contrato CW 276532,Supervisión técnica,Sin Frente,Remisión actas de instalación de instrumentación geotécnica.,Si,CYS-CW276532-PHI-02637,No,2/febrero/2026,INT-OC-CYS-255/26
90c35fa0,24/12/2025,CYS,Contrato CW 276532,Supervisión de seguridad y salud en el trabajo,Sin Frente,Solicitud investigación accidente laboral de Jean Carlo Aparicio Jaimes,Si,CYS-CW276532-PHI-02638-,No,15/enero/2026,INT-OC-CYS-095/26
9e358a14,24/12/2025,CYS,Contrato CW 276532,Supervisión técnica,Casa de máquinas y obras anexas,Edificio de servicios sur – Dado de cimentación y tensores de anclaje muro en “L”,Si,CYS-CW276532-PHI-02639,No,18/marzo/2026,INT-OC-CYS-634/26
e21c5e9a,24/12/2025,CYS,Contrato CW 276532,Supervisión técnica,Casa de máquinas y obras anexas,Apuntalamiento Columnas próximo al eje 24 casa de  máquinas.,Si,CYS-CW276532-PHI-02495,No,,
9675b8f7,24/12/2025,CYS,Contrato CW 276532,Supervisión técnica,Sin Frente,Aumento de caudales – Galería 219 y Compuertas descarga de fondo.,Si,CYS-CW276532-PHI-02640,Si,25/enero/2026,INT-OC-CYS-187/26
81f07cbf,24/12/2025,CYS,Contrato CW 276532,Supervisión de seguridad y salud en el trabajo,Casa de máquinas y obras anexas,Reincidencia en condiciones de riesgo crítico durante ejecución de trabajos simultáneos.,Si,CYS-CW276532-PHI-02641,No,,
fd973c61,24/12/2025,CYS,Contrato CW 276532,Supervisión de seguridad física,Sin Frente,Compromisos Pendientes Temario N° 23 Comité Seguridad Física.,Si,CYS-CW276532-PHI-02642,No,6/enero/2026,INT-OC-CYS-023/26
5ceb130e,24/12/2025,CYS,Contrato CW 276532,Supervisión contractual,Sin Frente,Cronograma General del Proyecto – Impacto programa de obra AMB 7 y AMB 4 – Modificación Hitos contractuales.,Si,CYS-CW276532-PHI-02643,No,4/enero/2026,INT-OC-CYS-014/26
6bbcded8,24/12/2025,CYS,Contrato CW 276532,Supervisión de seguridad y salud en el trabajo,Sin Frente,Hallazgo pendiente por cerrar inspección conjunta No. 82,Si,CYS-CW276532-PHI-02644,No,10/enero/2026,INT-OC-CYS-066/26
d2996bd2,24/12/2025,CYS,Contrato CW 276532,Supervisión técnica,Conducciones zona sur,"Oficialización instructivos de campo IC-247-2025, IC-248-2025, IC-249-2025, IC-251-2025 y IC-253-2025.",Si,D-PHI-COP-0803-2025,Si,6/enero/2026,INT-OC-CYS-027/26
c9ce86ee,25/12/2025,CYS,Contrato CW 276532,Supervisión técnica,Casa de máquinas y obras anexas,Túnel Aspirador Tramo 1 unidades 5 y 6 – Planos y cartilla de refuerzo.,Si,CYS-CW276532-PHI-02645,No,3/marzo/2026,INT-OC-CYS-466/26
cd3a859b,25/12/2025,CYS,Contrato CW 276532,Supervisión técnica,Casa de máquinas y obras anexas,Tubo de aspiración unidades 5 y 7 - Planos y cartillas de refuerzo - Eliminación cárcamo cerca al muro aguas abajo.,Si,CYS-CW276532-PHI-02646,No,6/marzo/2026,INT-OC-CYS-491/26
cf4e46cc,25/12/2025,CYS,Contrato CW 276532,Supervisión técnica,Casa de máquinas y obras anexas,Tubo aspirador unidades 6 y 8 planos y cartillas de refuerzo - Eliminación cárcamo cerca al muro aguas abajo,Si,CYS-CW276532-PHI-02647,No,7/marzo/2026,INT-OC-CYS-498/26
38bd72da,25/12/2025,CYS,Contrato CW 276532,Supervisión técnica,Caverna de transformadores y obras anexas,Drenajes desde la galería de construcción inferior,Si,CYS-CW276532-PHI-02648,No,18/enero/2026,INT-OC-CYS-117/26
eb07308f,25/12/2025,CYS,Contrato CW 276532,Supervisión técnica,Conducciones zona sur,"Oficialización instructivos de campo IC-224-2025, IC-234-2025, IC-236-2025, IC-039-2025, e IC-242-2025 del codo superior 6 y conducciones 7 y 8.",Si,D-PHI-COP-0804-2025,Si,31/diciembre/2025,INT-OC-CYS-2875/25
14541b03,25/12/2025,CYS,Contrato CW 276532,Supervisión técnica,Casa de máquinas y obras anexas,Solicitud consumos - Inyecciones en galerías de barras.,Si,NC-383-25,No,,
77069f5f,26/12/2025,CYS,Contrato CW 276532,Supervisión técnica,Casa de máquinas y obras anexas,Tramo 1 del túnel de aspiración N° 5 y N° 6. Oficialización instructivo de campo IC-252-2025.,Si,NC-384-25,No,30/diciembre/2025,INT-OC-CYS-2868/25
82fcd40e,26/12/2025,CYS,Contrato CW 276532,Supervisión de seguridad y salud en el trabajo,Casa de máquinas y obras anexas,"Remisión Ayuda de memoria No.27 - Evaluación de conocimientos en identificación de peligros, controles operacionales y documentación en Seguridad y Salud en el Trabajo requerida para la ejecución de actividades",No,,Si,29/diciembre/2025,INT-OC-CYS-2859/25
b36b12cd,26/12/2025,CYS,Contrato CW 276532,Supervisión de costos,Sin Frente,Acta mensual de obra No.18 de agosto de 2025 – AMB 3 -13 - AMB 5 – 08 – AMB 8 – 03 - ABM 9 – 01 agosto De 2025.,Si,CYS-CW276532-PHI-02185,No,9/enero/2026,INT-OC-CYS-049/26
0cf4f8d3,26/12/2025,CYS,Contrato CW 276532,Supervisión técnica,Casa de máquinas y obras anexas,Gestión de seguridad y salud en el trabajo – Oficialización de planos de obra falsa,Si,CYS-CW276532-PHI-02567.,No,,
b51d471d,26/12/2025,CYS,Contrato CW 276532,Supervisión técnica,Almenaras y obras anexas,Oficialización de Ayuda de memoria.,No,,Si,27/diciembre/2025,INT-OC-CYS-2856/25
293f8acf,27/12/2025,CYS,Contrato CW 276532,Supervisión de seguridad física,Sin Frente,Atención a Compromisos Pendientes Temario N° 23 Comité Seguridad Física.,Si,CYS-CW276532-PHI-02649,No,,
59d94f59,27/12/2025,CYS,Contrato CW 276532,Supervisión de control de laboratorio ensayos de calidad,Sin Frente,Certificados de Materiales del 01 de diciembre al 15 de diciembre de 2025.,Si,CYS-CW276532-PHI-02650,No,11/enero/2026,INT-OC-CYS-074/26
4100e7fc,27/12/2025,CYS,Contrato CW 276532,Supervisión socioambiental,Sin Frente,Actualización Programa de Implementación de Medidas deManejo Ambiental – PIMMA.,Si,CYS-CW276532-PHI-02652,No,9/enero/2026,INT-OC-CYS-058/26
c525390a,27/12/2025,CYS,Contrato CW 276532,Supervisión de seguridad física,Sin Frente,Informe de actividades de seguridad física octubre 2025,Si,CYS-CW276532-PHI-02653,No,9/enero/2026,INT-OC-CYS-057/26
07ec7e21,27/12/2025,CYS,Contrato CW 276532,Supervisión de seguridad y salud en el trabajo,Casa de máquinas y obras anexas,Solicitud remisión de la investigación de incidente de alto potencial Caída de objetos (parte metálica de un martillo).,Si,CYS-CW276532-PHI-02653,No,,
8854f493,27/12/2025,CYS,Contrato CW 276532,Supervisión técnica,Conducciones zona sur,Solicitud de cambio de alcance de algunas perforaciones de  aglutinamiento para que pasen a ser perforaciones de doble propósito de aglutinamiento y a la vez como exploratorias,Si,D-PHI-COP-0805-2025,No,28/diciembre/2025,INT-OC-CYS-2857/25
440ad99c,27/12/2025,CYS,Contrato CW 276532,Supervisión de seguridad y salud en el trabajo,Casa de máquinas y obras anexas,Solicitud remisión de la investigación de incidente de alto potencial Caída de objetos (parte metálica de un martillo).,Si,CYS-CW276532-PHI-02655,No,16/enero/2026,INT-OC-CYS-097/26
7fbe49eb,27/12/2025,CYS,Contrato CW 276532,Supervisión de seguridad y salud en el trabajo,Sin Frente,Hallazgos pendiente por cerrar inspección conjunta No. 82,No,,Si,,
bd473f8f,27/12/2025,CYS,Contrato CW 276532,Supervisión de seguridad y salud en el trabajo,Sin Frente,Desviaciones subestandar durante proceso de fragmentación,Si,CYS-CW276532-PHI-02654,No,18/enero/2026,INT-OC-CYS-120/26
7948042d,27/12/2025,CYS,Contrato CW 276532,Supervisión técnica,Casa de máquinas y obras anexas,Temperatura del concreto - Oficialización de Ayuda de memoria.,No,,Si,28/diciembre/2025,INT-OC-CYS-2858/25
61915d8a,27/12/2025,CYS,Contrato CW 276532,Supervisión técnica,Conducciones zona sur,Equipo de perforación tipo Raise Boring,Si,CYS-CW276532-PHI-02656,No,23/marzo/2026,INT-OC-CYS-671/26
0a1e9926,28/12/2025,CYS,Contrato CW 276532,Supervisión técnica,Conducciones zona sur,Codo superior y pozo de presión #6 - Estados de tratamientos de soporte y disponibilidad de recursos.,No,,No,30/diciembre/2025,INT-OC-CYS-2869/25
4a610fc1,28/12/2025,CYS,Contrato CW 276532,Supervisión técnica,Conducciones zona sur,Perforaciones para inyecciones de aglutinamiento recomendadas.,Si,D-PHI-COP-0808-2025,Si,1/enero/2026,INT-OC-CYS-002/26
3ab8bb6b,28/12/2025,CYS,Contrato CW 276532,Supervisión de seguridad y salud en el trabajo,Almenaras y obras anexas,Restricción uso de autobomba AB-01-CYS por condiciones subestándar,Si,CYS-CW276532-PHI-02657,No,15/enero/2026,INT-OC-CYS-093/26
11004b85,28/12/2025,CYS,Contrato CW 276532,Supervisión de seguridad física,Sin Frente,Informe de actividades de seguridad física junio de 2025,Si,CYS-CW276532-PHI-02658,No,9/enero/2026,INT-OC-CYS-056/26
ec423d02,28/12/2025,CYS,Contrato CW 276532,Supervisión de control de laboratorio ensayos de calidad,Sin Frente,Informe de comportamiento de las inyecciones de lechada de aglutinamiento,Si,CYS-CW276532-PHI-02659,No,,
0ccf163f,28/12/2025,CYS,Contrato CW 276532,Supervisión de seguridad y salud en el trabajo,Casa de máquinas y obras anexas,Hallazgos pendiente por cerrar inspección conjunta No. 84.,No,,Si,29/diciembre/2025,INT-OC-CYS-2861/25
c6e6bd8a,29/12/2025,CYS,Contrato CW 276532,Supervisión de seguridad y salud en el trabajo,Sin Frente,Remisión ayuda de memoria No.29 - Validación de controles operativos y reingeniería de seguridad para la construcción de Pantalla Cortaflujo.,No,,Si,30/diciembre/2025,INT-OC-CYS-2862/25
a2fc7212,29/12/2025,CYS,Contrato CW 276532,Supervisión de seguridad y salud en el trabajo,Sin Frente,Remisión ayuda de memoria No. 30 - Unificación de criterios de seguridad para maniobras conjuntas de izaje de cargas.,No,,Si,30/diciembre/2025,INT-OC-CYS-2863/25
352f8b7f,29/12/2025,CYS,Contrato CW 276532,Supervisión contractual,Sin Frente,Envío de ayuda de memoria de la mesa de trabajo de programación No. 035.,No,,Si,30/diciembre/2025,INT-OC-CYS-2864/25
d69a040c,29/12/2025,CYS,Contrato CW 276532,Supervisión técnica,Casa de máquinas y obras anexas,Acopio inadecuado de acero de refuerzo en los túneles de descarga 3 y 4.,No,,No,30/diciembre/2025,INT-OC-CYS-2870/25
21acbcfb,29/12/2025,CYS,Contrato CW 276532,Supervisión de seguridad y salud en el trabajo,Sin Frente,Solicitud reporte fallo operacional de malacate,No,,No,30/diciembre/2025,INT-OC-CYS-2866/25
1ede786f,30/12/2025,CYS,Contrato CW 276532,Supervisión técnica,Casa de máquinas y obras anexas,Inyección de aglutinamiento barreno INY-GCSS-ZS-09. Oficialización instructivo de campo IC-259-2025.,Si,NC-385-25,Si,1/enero/2026,INT-OC-CYS-001/26
1ce25032,30/12/2025,CYS,Contrato CW 276532,Supervisión técnica,Casa de máquinas y obras anexas,"Tubo de aspiración. Termocuplas en concretos masivos, tensores de arriostramiento y blindaje.",Si,D-PHI-COP-0810-2025,No,2/enero/2026,INT-OC-CYS-003/26
c48f2b55,30/12/2025,CYS,Contrato CW 276532,Supervisión técnica,Conducciones zona sur,Oficialización de planos actualizados de los pozos de presión.,Si,D-PHI-COP-0811-2025,No,2/enero/2026,INT-OC-CYS-004/26
99055b01,31/12/2025,CYS,Contrato CW 276532,Supervisión contractual,Sin Frente,Envío de ayuda de memoria de la mesa de trabajo de programación No. 036.,No,,Si,31/diciembre/2025,INT-OC-CYS-2873/25
da992483,31/12/2025,CYS,Contrato CW 276532,Supervisión técnica,Túnel de acceso y galerías de construcción de la central,"Ramal de acceso al nivel 232,4 a la almenara N°2 entre abscisas km 1+079,10 a km 1+087,75. Entrega de planos para construcción.",Si,D-PHI-COP-0817-2025,No,2/enero/2026,INT-OC-CYS-005/26
c8316772,01/01/2026,CYS,Contrato CW 276532,Supervisión técnica,Presa y obras anexas,"Remisión hoja de vida Panel P3. Pantalla Corta flujo, Espaldón Aguas Abajo.",Si,CYS-CW276532-PHI-02661,No,15/marzo/2026,INT-OC-CYS-579/26
b9dac6b3,01/01/2026,CYS,Contrato CW 276532,Supervisión técnica,Sin Frente,Oficialización de planos y memoria de cálculo - ménsulas y barandas tipo 2.,Si,CYS-CW276532-PHI-02662,No,,
37b1bdbd,01/01/2026,CYS,Contrato CW 276532,Supervisión de seguridad física,Sin Frente,Atención observaciones documentos seguridad física-compromisos del comité N°13 de seguridad física,Si,CYS-CW276532-PHI-02663,No,9/enero/2026,INT-OC-CYS-055/26
d7dbdc2f,01/01/2026,CYS,Contrato CW 276532,Supervisión técnica,Túneles de aspiración,Entrega de planos para construcción.,Si,D-PHI-CCE-ADM-1-C6963,No,2/enero/2026,INT-OC-CYS-007/26
7366e3fa,01/01/2026,CYS,Contrato CW 276532,Supervisión técnica,Conducciones zona sur,"Oficialización instructivos de campo IC-260-2025, IC-261-2025 y                                                IC-262-2025.",Si,D-PHI-COP-0819-2025,Si,2/enero/2026,INT-OC-CYS-006/26
55a29d33,01/01/2026,CYS,Contrato CW 276532,Supervisión técnica,Consolidación y conglomeración macizo perturbado zona sur,Reunión de seguimiento de las actividades asociadas a las inyecciones de aglutinamiento y consolidación,No,,Si,3/enero/2026,INT-OC-CYS-013/26
b7b62474,01/01/2026,CYS,Contrato CW 276532,Supervisión técnica,Consolidación y conglomeración macizo perturbado zona sur,Reunión de seguimiento de las actividades asociadas a las inyecciones de aglutinamiento y consolidación.,No,,Si,3/enero/2026,INT-OC-CYS-011/26
8dd651b8,01/01/2026,CYS,Contrato CW 276532,Supervisión técnica,Consolidación y conglomeración macizo perturbado zona sur,Reunión de seguimiento de las actividades asociadas a las inyecciones de aglutinamiento y consolidación,No,,Si,3/enero/2026,INT-OC-CYS-012/26
1b1756a7,01/01/2026,CYS,Contrato CW 276532,Supervisión técnica,Presa y obras anexas,"Informe de verticalidad Panel P5 – Pantalla Corta flujo, Espaldón Aguas Abajo",Si,CYS-CW276532-PHI-02664,No,17/marzo/2026,INT-OC-CYS-630/26
e6ae34ed,01/01/2026,CYS,Contrato CW 276532,Supervisión técnica,Consolidación y conglomeración macizo perturbado zona sur,Perforaciones e inyecciones desde las conducciones superiores 5 a 8 – Evaluación de la viabilidad de ejecución,Si,CYS-CW276532-PHI-02665,No,7/marzo/2026,INT-OC-CYS-499/26
88494d65,01/01/2026,CYS,Contrato CW 276532,Supervisión técnica,Consolidación y conglomeración macizo perturbado zona sur,Construcción de tapón en túnel de interconexión en casa de máquinas EL.188 para control de resurgencias,Si,CYS-CW276532-PHI-02666,No,29/enero/2026,INT-OC-CYS-216/26
1d8af9e0,31/12/2025,CYS,Contrato CW 276532,Supervisión técnica,Sin Frente,Formalización compromisos recorrido de obra - 27 de diciembre de 2025.,No,,Si,3/enero/2026,INT-OC-CYS-008/26
1b1ddfef,02/01/2026,CYS,Contrato CW 276532,Supervisión técnica,Sin Frente,Formalización compromisos recorrido de obra - 27 de diciembre de 2025.,No,,Si,,
6dc3376e,02/01/2026,CYS,Contrato CW 276532,Supervisión de seguridad y salud en el trabajo,Sin Frente,Solicitud investigación accidente laboral Jesús Eduardo Corvacho Navarro CC. 1.007.591.829,No,,Si,3/enero/2026,INT-OC-CYS-009/26
00b6d5cc,02/01/2026,CYS,Contrato CW 276532,Supervisión de seguridad física,Sin Frente,Remisión informe de actividades de seguridad física – diciembre de 2025,Si,CYS-CW276532-PHI-02667,No,9/enero/2026,INT-OC-CYS-053/26
4c891c1d,02/01/2026,CYS,Contrato CW 276532,Supervisión técnica,Sin Frente,Servicios iluminación y mallas a tierra de la central – Planos de detalle de las instalaciones eléctricas definitivas,Si,CYS-CW276532-PHI-02668,No,10/enero/2026,INT-OC-CYS-060/26
9a747950,02/01/2026,CYS,Contrato CW 276532,Supervisión técnica,Conducciones zona sur,Limpieza medidores de infiltraciones Galerías de Inyección y Drenaje Margen Derecha,Si,CYS-CW276532-PHI-02669,No,7/enero/2026,INT-OC-CYS-031/26
4f82e844,02/01/2026,CYS,Contrato CW 276532,Supervisión técnica,Consolidación y conglomeración macizo perturbado zona sur,Inactividades en proceso de perforación e inyecciones de aglutinamiento y consolidación,Si,CYS-CW276532-PHI-02670,No,24/febrero/2026,INT-OC-CYS-423/26
8d4854df,02/01/2026,CYS,Contrato CW 276532,Supervisión técnica,Presa y obras anexas,Procedimiento Preparación de lodo bentonítico para excavación,Si,CYS-CW276532-PHI-02671,No,17/marzo/2026,INT-OC-CYS-629/26
c8c3f42c,02/01/2026,CYS,Contrato CW 276532,Supervisión técnica,Presa y obras anexas,Pantalla cortaflujo - Seguimiento actividades,No,,No,5/enero/2026,INT-OC-CYS-018/26
c335cccd,03/01/2026,CYS,Contrato CW 276532,Supervisión técnica,Conducciones zona sur,Oficialización instructivo de campo IC-002-2026,Si,NC-001-26,Si,6/enero/2026,INT-OC-CYS-019/26
b695a07c,03/01/2026,CYS,Contrato CW 276532,Supervisión técnica,Casa de máquinas y obras anexas,Procedimiento para la ejecución de los concretos para el vaciado de los muros laterales,Si,CYS-CW276532-PHI-02660,No,,
414d6577,03/01/2026,CYS,Contrato CW 276532,Supervisión técnica,Presa y obras anexas,"Panel de Prueba pantalla plástica, consideraciones varias",Si,CYS-CW276532-PHI-02672,No,,
981c7ad6,03/01/2026,CYS,Contrato CW 276532,Supervisión socioambiental,Sin Frente,Notificación Resoluciones 459 del 13 de marzo de 2025 y 3126 del 24 de noviembre de 2025,No,,Si,6/enero/2026,INT-OC-CYS-021/26
b57ee2b9,05/01/2026,CYS,Contrato CW 276532,Supervisión técnica,Casa de máquinas y obras anexas,Planos del Sistema de Puesta a Tierra – Muro aguasabajo de la U5,Si,CYS-CW276532-PHI-02673,No,11/enero/2026,INT-OC-CYS-078/26
0f1e01c5,05/01/2026,CYS,Contrato CW 276532,Supervisión técnica,Consolidación y conglomeración macizo perturbado zona sur,Propuesta para la ejecución de inyecciones de aglutinamiento en la zona intermedia desde la Galería de Construcción Inferior Sur,Si,CYS-CW276532-PHI-02674,No,,
8e14b508,05/01/2026,CYS,Contrato CW 276532,Supervisión de seguridad y salud en el trabajo,Casa de máquinas y obras anexas,Solicitud investigación accidente laboral Néstor Javier Troya Plata CC.1.064.719.071,No,,Si,5/enero/2026,INT-OC-CYS-016/26
a46bb357,05/01/2026,CYS,Contrato CW 276532,Supervisión de seguridad y salud en el trabajo,Sin Frente,Formalización compromisos del seguimiento semanal SST/HS en obra – 02 de enero de 2026.,No,,Si,5/enero/2026,INT-OC-CYS-017/26
8bdb975d,05/01/2026,CYS,Contrato CW 276532,Supervisión contractual,Sin Frente,Envío de ayuda de memoria de la mesa de trabajo de programación No. 037.,No,,Si,6/enero/2026,INT-OC-CYS-020/26
319534a9,05/01/2026,CYS,Contrato CW 276532,Supervisión técnica,Túneles de aspiración,Oficialización del instructivo de campo IC-001-2026,Si,D-PHI-COP-0004-2026,Si,20/enero/2026,INT-OC-CYS-143/26
aff434da,05/01/2026,CYS,Contrato CW 276532,Supervisión técnica,Presa y obras anexas,Pantalla Plástica - Panel secundario M1 - Tubería junta,No,,No,,
e7d5fc09,06/01/2026,CYS,Contrato CW 276532,Supervisión técnica,Conducciones zona sur,Inyecciones de consolidación pendientes por ejecutar,Si,CYS-CW276532-PHI-02675,No,,
330ae854,06/01/2026,CYS,Contrato CW 276532,Supervisión técnica,Conducciones zona sur,Análisis de desviación de la perforación INY-GF-ZS-03,Si,CYS-CW276532-PHI-02676,No,24/febrero/2026,INT-OC-CYS-425/26
af592aad,06/01/2026,CYS,Contrato CW 276532,Supervisión de seguridad y salud en el trabajo,Sin Frente,Solicitud actualización sistema de gestión de seguridad y salud en el trabajo (SG-SST),Si,CYS-CW276532-PHI-02677,No,17/enero/2026,INT-OC-CYS-104/26
9a9e7093,06/01/2026,CYS,Contrato CW 276532,Supervisión de seguridad y salud en el trabajo,Sin Frente,Solicitud investigación accidente laboral Cristian Camilo Velásquez Posada CC. 1.001.503.144,Si,CYS-CW276532-PHI-02678,No,20/enero/2026,INT-OC-CYS-134/26
a92ab635,06/01/2026,CYS,Contrato CW 276532,Supervisión técnica,Consolidación y conglomeración macizo perturbado zona sur,"Procedimiento para cargue, movilización y descargue de materiales, herramientas y equipos. Descargue equipo de perforación Romerito Berma 523",Si,CYS-CW276532-PHI-02679,No,7/marzo/2026,INT-OC-CYS-512/26
9de45270,06/01/2026,CYS,Contrato CW 276532,Supervisión técnica,Conducciones zona sur,Codo superior y pozo de presión N° 6 – Estado de los tratamientos de soporte y disponibilidad de recursos,Si,CYS-CW276532-PHI-02680,No,,
dc4ff0ec,06/01/2026,CYS,Contrato CW 276532,Supervisión de seguridad y salud en el trabajo,Casa de máquinas y obras anexas,Solicitud documentación de las mensulas que soportan plataformas en los muros.,No,,No,8/enero/2026,INT-OC-CYS-048/26
6fd3c273,06/01/2026,CYS,Contrato CW 276532,Supervisión de seguridad y salud en el trabajo,Casa de máquinas y obras anexas,Análisis de integridad estructural para la implementación de guardas de protección y pasamanos internos en la canasta del puente grúa,No,,No,11/enero/2026,INT-OC-CYS-077/26
39b76689,06/01/2026,CYS,Contrato CW 276532,Supervisión técnica,Presa y obras anexas,Nuestra comunicación INT-OC-CYS-018/26,No,Nuestra comunicación,No,7/enero/2026,INT-OC-CYS-030/26
0402a03d,06/01/2026,CYS,Contrato CW 276532,Supervisión técnica,Conducciones zona sur,Disposición barras BAL 10 en codos superiores – Planos de taller,Si,CYS-CW276532-PHI-02681,No,,
3b4130ca,06/01/2026,CYS,Contrato CW 276532,Supervisión de control de laboratorio ensayos de calidad,Casa de máquinas y obras anexas,Tratamiento de reparación en fisuras.,Si,CYS-CW276532-PHI-02682,No,,
6aaf952d,06/01/2026,CYS,Contrato CW 276532,Supervisión de control de laboratorio ensayos de calidad,Sin Frente,Informe de comportamiento de las inyecciones de lechada de aglutinamiento,Si,CYS-CW276532-PHI-02683,No,19/febrero/2026,INT-OC-CYS-371/26
b84eab9c,06/01/2026,CYS,Contrato CW 276532,Supervisión técnica,Conducciones zona sur,Apoyos de los rieles del pórtico grúa – Viga en Concreto Reforzado EL. 338.05 – Planos y Cartillas de refuerzo,Si,CYS-CW276532-PHI-02684,No,28/febrero/2026,INT-OC-CYS-449/26
ce4842b8,06/01/2026,CYS,Contrato CW 276532,Supervisión de control de laboratorio ensayos de calidad,Sin Frente,Alternativa aislante térmico tensores de posicionamiento en concreto masivo tramo 0 aspiradores.,Si,CYS-CW276532-PHI-02685,No,7/marzo/2026,INT-OC-CYS-500/26
d785959b,06/01/2026,CYS,Contrato CW 276532,Supervisión de costos,Sin Frente,Posible afectación por incremento salarial decretado por el Gobierno Nacional.,Si,CYS-CW276532-PHI-02686,No,18/enero/2026,INT-OC-CYS-121/26
7bf47d9b,06/01/2026,CYS,Contrato CW 276532,Supervisión socioambiental,Sin Frente,Entrega del acta de comité socioambiental No. 46.,No,,Si,7/enero/2026,INT-OC-CYS-034/26
4f306530,07/01/2026,CYS,Contrato CW 276532,Supervisión técnica,Sin Frente,Envío acta de entrega de bienes No. 59-045.,No,,Si,8/enero/2026,INT-OC-CYS-039/26
8158347c,07/01/2026,CYS,Contrato CW 276532,Supervisión técnica,Sin Frente,Envío acta de entrega de bienes No. 59-046,No,,Si,8/enero/2026,INT-OC-CYS-040/26
ecdb9333,07/01/2026,CYS,Contrato CW 276532,Supervisión contractual,Sin Frente,Cronograma General del Proyecto – Impacto al programa de obra AMB 7 y AMB 4 – Programa de obra asociado al Plan de Compresión e Intensificación de actividades.,Si,CYS-CW276532-PHI-02687-,No,8/enero/2026,INT-OC-CYS-038/26
a1d5b12e,07/01/2026,CYS,Contrato CW 276532,Supervisión técnica,Túneles de aspiración,Oficialización del instructivo de campo IC-007-2026,Si,D-PHI-COP-0005-2026,Si,17/enero/2026,INT-OC-CYS-112/26
de706d3a,07/01/2026,CYS,Contrato CW 276532,Supervisión de seguridad y salud en el trabajo,Sin Frente,Actualización Sistema de Gestión de Seguridad y Salud en el Trabajo SG-SST- año 2026,No,,No,8/enero/2026,INT-OC-CYS-037/26
991b1554,07/01/2026,CYS,Contrato CW 276532,Supervisión de control de laboratorio ensayos de calidad,Sin Frente,"Muestreo concretos lanzados, esclarecimiento conceptos",Si,CYS-CW276532-PHI-02688,No,19/enero/2026,INT-OC-CYS-128/26
8605755a,07/01/2026,CYS,Contrato CW 276532,Supervisión de seguridad y salud en el trabajo,Almenaras y obras anexas,Solicitud investigación accidente laboral Homero Elías Valbuena Guisao,Si,CYS-CW276532-PHI-02689,No,17/enero/2026,INT-OC-CYS-102/26
d3d2f094,07/01/2026,CYS,Contrato CW 276532,Supervisión de seguridad y salud en el trabajo,Sin Frente,Solicitud investigación accidente laboral Jesús Eduardo Corvacho Navarro CC. 1.007.591.829,Si,CYS-CW276532-PHI-02690,No,17/enero/2026,INT-OC-CYS-101/26
1311feae,07/01/2026,CYS,Contrato CW 276532,Supervisión de seguridad y salud en el trabajo,Sin Frente,Solicitud investigación accidente laboral Miguel Ángel Morales Ellis CC. 1.096.224.956,Si,CYS-CW276532-PHI-02691,No,18/enero/2026,INT-OC-CYS-116/26
99008f1c,08/01/2026,CYS,Contrato CW 276532,Supervisión técnica,Conducciones zona sur,Conducciones Superiores No.5 y No.6 y – Demolición Controlada – Inactividades,No,,No,,
40941d63,08/01/2026,CYS,Contrato CW 276532,Supervisión técnica,Casa de máquinas y obras anexas,Muros Aguas Abajo Unidades 5 a 8 - Muros de Confinamiento Tipo 1A Y 2A - Planos y cartilla de refuerzo R2.,Si,CYS-CW276532-PHI-02692,No,6/marzo/2026,INT-OC-CYS-490/26
44ec87c1,08/01/2026,CYS,Contrato CW 276532,Supervisión de seguridad y salud en el trabajo,Sin Frente,Solicitud investigación accidente laboral Dietzen Steven Castillo Jaimes CC. 1.032.429.442,Si,CYS-CW276532-PHI-02693,No,18/enero/2026,INT-OC-CYS-122/26
010f4a46,08/01/2026,CYS,Contrato CW 276532,Supervisión técnica,Casa de máquinas y obras anexas,Túnel Aspirador -Tramo 1 -unidades 7 Y 8 – Planos y cartilla de refuerzo,Si,CYS-CW276532-PHI-02694,No,15/marzo/2026,INT-OC-CYS-583/26
16b7491b,08/01/2026,CYS,Contrato CW 276532,Supervisión de seguridad y salud en el trabajo,Sin Frente,Solicitud investigación accidente laboral Daniel Alberto Meneses CC. 70.631.894,Si,CYS-CW276532-PHI-02695,No,18/enero/2026,INT-OC-CYS-123/26
9e4ecad3,08/01/2026,CYS,Contrato CW 276532,Supervisión de control de laboratorio ensayos de calidad,Sin Frente,Certificados de Materiales del 16 de diciembre al 31 de diciembre de 2025.,Si,CYS-CW276532-PHI-02696,No,10/enero/2026,INT-OC-CYS-069/26
a7c0a461,08/01/2026,CYS,Contrato CW 276532,Supervisión de seguridad y salud en el trabajo,Sin Frente,Solicitud investigación accidente laboral de Joan Manuel Grimaldo Pezzoty CC. 9.692.515,Si,CYS-CW276532-PHI-02697,No,18/enero/2026,INT-OC-CYS-119/26
0299218a,08/01/2026,CYS,Contrato CW 276532,Supervisión de seguridad y salud en el trabajo,Sin Frente,Remisión acta de comité obligaciones laborales SST No. 22.,No,,Si,14/febrero/2026,INT-OC-CYS-342/26
0239877d,08/01/2026,CYS,Contrato CW 276532,Supervisión técnica,Galerías y pozos de compuertas,Excavación parte alta. Complemento tratamiento en la zona de la excavación parte alta indicado en el plano DC-PHI-052-GAP-EX-C-011.,Si,NC-002-26,No,11/enero/2026,INT-OC-CYS-076/26
6f2fb7ff,08/01/2026,CYS,Contrato CW 276532,Supervisión técnica,Conducciones zona sur,Oficialización instructivos de campo IC-254-2025 e IC-256-2025.,Si,NC-003-26,No,15/febrero/2026,INT-OC-CYS-346/26
5d511baa,08/01/2026,CYS,Contrato CW 276532,Supervisión técnica,Sin Frente,Formalización compromisos recorrido de obra 03 de enero de 2026.,No,,Si,9/enero/2026,INT-OC-CYS-051/26
aaac62e1,09/01/2026,CYS,Contrato CW 276532,Supervisión técnica,Consolidación y conglomeración macizo perturbado zona sur,Entrega ayuda de memoria - Reunión seguimiento - Inyecciones 06 de enero 2026,No,,Si,,
a39376db,09/01/2026,CYS,Contrato CW 276532,Supervisión socioambiental,Sin Frente,Informe socioambiental correspondiente al mes de diciembre de 2025.,Si,CYS-CW276532-PHI-02698,No,16/enero/2026,INT-OC-CYS-099/26
584e4be4,09/01/2026,CYS,Contrato CW 276532,Supervisión técnica,Sin Frente,Registros de afectación operativa – Inactividad de personal y maquinaria.,Si,CYS-CW276532-PHI-02700,No,,
035a1875,09/01/2026,CYS,Contrato CW 276532,Supervisión técnica,Galerías y pozos de compuertas,"Oficialización instructivos de campo IC-003-2026 a IC-006-2026, IC-008-2026 e IC-009-2026.",Si,D-PHI-COP-0007-2026,Si,17/enero/2026,INT-OC-CYS-111/26
fd0ff312,09/01/2026,CYS,Contrato CW 276532,Supervisión técnica,Casa de máquinas y obras anexas,"Interferencia puntual del acero de refuerzo con tubería de 12"" embebida en el tubo de aspiración de la Unidad 5.",Si,NC-004-26,Si,17/enero/2026,INT-OC-CYS-110/26
44ab85f2,09/01/2026,CYS,Contrato CW 276532,Supervisión técnica,Presa y obras anexas,Pantalla cortaflujo - Finalización excavación panel M1 - Acta de reunión técnica #50,No,,Si,12/enero/2026,INT-OC-CYS-080/26
33773486,10/01/2026,CYS,Contrato CW 276532,Supervisión de seguridad y salud en el trabajo,Casa de máquinas y obras anexas,Solicitud investigación de evento con potencial Caída de material a niveles inferiores,Si,CYS-CW276532-PHI-02699,No,1/febrero/2026,INT-OC-CYS-242/26
a9e58682,10/01/2026,CYS,Contrato CW 276532,Supervisión de seguridad y salud en el trabajo,Sin Frente,Presentación hojas de vida personal HSE.,Si,CYS-CW276532-PHI-02701,No,21/enero/2026,INT-OC-CYS-151/26
801df66a,10/01/2026,CYS,Contrato CW 276532,Supervisión de seguridad y salud en el trabajo,Casa de máquinas y obras anexas,Solicitud investigación incidente alto potencial,Si,CYS-CW276532-PHI-02702,No,22/enero/2026,INT-OC-CYS-167/26
63477693,10/01/2026,CYS,Contrato CW 276532,Supervisión de seguridad y salud en el trabajo,Sin Frente,Solicitud remisión de la investigación del incidente de alto potencial- Actividades Tensionamiento,Si,CYS-CW276532-PHI-02703,No,5/febrero/2026,INT-OC-CYS-278/26
49588384,10/01/2026,CYS,Contrato CW 276532,Supervisión de seguridad y salud en el trabajo,Sin Frente,Solicitud accidente laboral de Luis Ángel Ramos Ospina CC.1.073.994.786,Si,CYS-CW276532-PHI-02704,No,22/enero/2026,INT-OC-CYS-169/26
f1ac0ad4,10/01/2026,CYS,Contrato CW 276532,Supervisión de seguridad y salud en el trabajo,Sin Frente,Presentación hojas de vida personal COLAMBULANCIAS.,Si,CYS-CW276532-PHI-02705,No,21/enero/2026,INT-OC-CYS-152/26
83c23578,10/01/2026,CYS,Contrato CW 276532,Supervisión contractual,Sin Frente,Cronograma General del Proyecto – Impacto al programa de obra AMB 7 y AMB 4 – Programa de obra asociado al Plan de Compresión e Intensificación de actividades,Si,CYS-CW276532-PHI-02706,No,21/enero/2026,INT-OC-CYS-146/26
0b26a565,10/01/2026,CYS,Contrato CW 276532,Supervisión socioambiental,Instalaciones provisionales obras finales,Suministro de agua en lavamanos frentes de obra,Si,CYS-CW276532-PHI-02707,No,16/enero/2026,INT-OC-CYS-098/26
0e180ac5,10/01/2026,CYS,Contrato CW 276532,Supervisión de costos,Casa de máquinas y obras anexas,Provisión de obras adicionales y extras previstas en el AMB 9.,Si,CYS-CW276532-PHI-02708,No,,
ce66f170,10/01/2026,CYS,Contrato CW 276532,Supervisión de seguridad y salud en el trabajo,Sin Frente,Formalización compromisos del seguimiento semanal SST/HS en obra – 26 diciembre 2025 y 9 de enero  de 2026.,No,,Si,10/enero/2026,INT-OC-CYS-070/26
9c51323c,10/01/2026,CYS,Contrato CW 276532,Supervisión técnica,Conducciones zona sur,Drenajes en los ramales de acceso a las conducciones inferiores 5 y 6.,Si,D-PHI-COP-0008-2026,Si,7/marzo/2026,INT-OC-CYS-501/26
4a2e2cfd,10/01/2026,CYS,Contrato CW 276532,Supervisión técnica,Casa de máquinas y obras anexas,"Revisión planos redes hidrosanitarias nivel 227,00 edifico sur, piso de generadores y piso de equipos de enfriamiento de la zona de unidades.",Si,D-PHI-COP-0010-2026,Si,11/enero/2026,INT-OC-CYS-073/26
5e96f0a9,10/01/2026,CYS,Contrato CW 276532,Supervisión de seguridad y salud en el trabajo,Sin Frente,Solicitud investigación accidente laboral FERNANDO CORBAPANADERO CC.74.283.119.,No,,Si,10/enero/2026,INT-OC-CYS-067/26
643d3c41,10/01/2026,CYS,Contrato CW 276532,Supervisión técnica,Obras en las descargas,Descarga 4 - Fragmentación de roca con explosivos.,No,,No,11/enero/2026,INT-OC-CYS-075/26
a8742ba5,11/01/2026,CYS,Contrato CW 276532,Supervisión técnica,Puentes grúa,Solicitud de revisión Puente Grúa 25 t,No,,No,12/enero/2026,INT-OC-CYS-081/26
262732ba,11/01/2026,CYS,Contrato CW 276532,Supervisión socioambiental,Sin Frente,Cierre de Inspección Conjunta GI-AM-15-25,Si,CYS-CW276532-PHI-02709,No,15/enero/2026,INT-OC-CYS-092/26
a76d6376,11/01/2026,CYS,Contrato CW 276532,Supervisión técnica,Sin Frente,"Remisión hoja de vida Panel P3 – Pantalla Corta flujo, Espaldón Aguas Abajo.",Si,CYS-CW276532-PHI-02710,No,11/marzo/2026,INT-OC-CYS-551/26
abc45f53,11/01/2026,CYS,Contrato CW 276532,Supervisión técnica,Casa de máquinas y obras anexas,Entrega de memorias de cálculo y plano de pasarelas y pasamanos flotante en acero embebido en concreto durante la construcción de muros laterales y lozas,Si,CYS-CW276532-PHI-02711,No,18/enero/2026,INT-OC-CYS-126/26
d8601911,11/01/2026,CYS,Contrato CW 276532,Supervisión técnica,Sin Frente,Remisión programa de instalación de instrumentación geotécnica,Si,CYS-CW276532-PHI-02712,No,24/febrero/2026,INT-OC-CYS-422/26
b808bfab,11/01/2026,CYS,Contrato CW 276532,Supervisión técnica,Casa de máquinas y obras anexas,Metodología constructiva para los concretos de las unidades 5 a 8,Si,CYS-CW276532-PHI-02713,No,21/febrero/2026,INT-OC-CYS-390/26
5064a70b,11/01/2026,CYS,Contrato CW 276532,Supervisión de seguridad y salud en el trabajo,Sin Frente,Presentación hojas de vida personal HSE.,Si,CYS-CW276532-PHI-02714,No,21/enero/2026,INT-OC-CYS-153/26
5cf2d93a,11/01/2026,CYS,Contrato CW 276532,Supervisión técnica,Sin Frente,"Remisión hoja de vida Modulo 1 – Pantalla Corta flujo, Espaldón Aguas Abajo.",Si,CYS-CW276532-PHI-02716,No,7/marzo/2026,INT-OC-CYS-504/26
079d5a89,11/01/2026,CYS,Contrato CW 276532,Supervisión de seguridad y salud en el trabajo,Sin Frente,Informe de gestión mensual SST- diciembre 2025.,Si,CYS-CW276532-PHI-02717,No,31/enero/2026,INT-OC-CYS-232/26
af86ebc2,11/01/2026,CYS,Contrato CW 276532,Supervisión de seguridad y salud en el trabajo,Sin Frente,Formalización compromisos del seguimiento semanal SST/HS en obra - 21 de noviembre de 2025,Si,CYS-CW276532-PHI-02718,No,23/enero/2026,INT-OC-CYS-172/26
3246e40f,12/01/2026,CYS,Contrato CW 276532,Supervisión de seguridad y salud en el trabajo,Sin Frente,Solicitud Investigación y plan de acción detallado por incidente de caída de objeto (Viga estructural),No,,No,13/enero/2026,INT-OC-CYS-087/26
c9bd27d9,12/01/2026,CYS,Contrato CW 276532,Supervisión de seguridad y salud en el trabajo,Sin Frente,Reporte condiciones subestándar relacionadas con el estado de la maquinaria y equipos,No,,No,13/enero/2026,INT-OC-CYS-088/26
5546cc0d,12/01/2026,CYS,Contrato CW 276532,Supervisión de seguridad y salud en el trabajo,Sin Frente,Remisión de ayuda de memoria 26 análisis inmediato y plan de acción preventivo por accidente de alto potencial,Si,CYS-CW276532-PHI-02715,No,17/enero/2026,INT-OC-CYS-103/26
8803bbaa,12/01/2026,CYS,Contrato CW 276532,Supervisión de seguridad y salud en el trabajo,Sin Frente,Desviaciones subestándar durante proceso de fragmentación,Si,CYS-CW276532-PHI-02719,No,31/enero/2026,INT-OC-CYS-233/26
55716f03,12/01/2026,CYS,Contrato CW 276532,Supervisión de control de laboratorio ensayos de calidad,Sin Frente,Resultados ensayos de Abrasión y control de retracción diseño de mezclas FL- 337 f’c de 35 MPa.,Si,CYS-CW276532-PHI-02720,No,19/enero/2026,INT-OC-CYS-129/26
e8ec5449,12/01/2026,CYS,Contrato CW 276532,Supervisión técnica,Consolidación y conglomeración macizo perturbado zona sur,Perforaciones para inyecciones de aglutinamiento desde Galería F.,Si,CYS-CW276532-PHI-02721,No,20/enero/2026,INT-OC-CYS-142/26
670300df,12/01/2026,CYS,Contrato CW 276532,Supervisión de control de laboratorio ensayos de calidad,Sin Frente,Informe de resultados ensayo abrasión Diseño FL 436.,Si,CYS-CW276532-PHI-02722,No,19/enero/2026,INT-OC-CYS-130/26
bad5a40f,13/01/2026,CYS,Contrato CW 276532,Supervisión técnica,Conducciones zona sur,Ramal superior N°5 -  Pozo de presión N°5 - Equipos inoperativos.,No,,No,,
c8a4291f,13/01/2026,CYS,Contrato CW 276532,Supervisión técnica,Sin Frente,Informe técnico mensual diciembre de 2025.,Si,CYS-CW276532-PHI-02723,No,21/enero/2026,INT-OC-CYS-148/26
90b5bc43,13/01/2026,CYS,Contrato CW 276532,Supervisión técnica,Conducciones zona sur,"Oficialización instructivos de campo IC-250-2025, IC-255-2025, IC-257-2025 e IC-258-2025 y descripción del estado de la excavación del Codo de la Conducción Superior N°6.",Si,D-PHI-COP-0012-2026,Si,17/enero/2026,INT-OC-CYS-109/26
26bd7bb0,13/01/2026,CYS,Contrato CW 276532,Supervisión técnica,Conducciones zona sur,Concepto inyecciones de consolidación ramales superiores 5 a 8.,Si,D-PHI-COP-0013-2026,Si,17/enero/2026,INT-OC-CYS-107/26
c3f9ef3d,13/01/2026,CYS,Contrato CW 276532,Supervisión técnica,Casa de máquinas y obras anexas,Tubo de aspiración de unidades 5 a 8. Entrega de plano de localización de termocuplas para el concreto masivo.,Si,D-PHI-COP-0014-2026,No,18/enero/2026,INT-OC-CYS-124/26
6cffe297,13/01/2026,CYS,Contrato CW 276532,Supervisión técnica,Conducciones zona sur,Recomendaciones geotécnicas complementarias para la rehabilitación de la Conducción Superior N°7.,Si,NC-006-26,Si,17/enero/2026,INT-OC-CYS-108/26
1a38faa7,13/01/2026,CYS,Contrato CW 276532,Supervisión de costos,Sin Frente,Acta mensual de obra No.19 de septiembre de 2025 – AMB 3 -14 - AMB 5 – 09 – AMB 8 – 03 - ABM 9 – 02 septiembre De 2025.,Si,CYS-CW276532-PHI-02333,No,,
139fb13a,13/01/2026,CYS,Contrato CW 276532,Supervisión de seguridad y salud en el trabajo,Casa de máquinas y obras anexas,Solicitud documentación técnica de plataformas de acceso,No,,No,13/enero/2026,INT-OC-CYS-086/26
b1afc9ad,13/01/2026,CYS,Contrato CW 276532,Supervisión de seguridad y salud en el trabajo,Sin Frente,Solicitud de documentos para trabajos en suspensión,No,,Si,13/enero/2026,INT-OC-CYS-085/26
c388b616,13/01/2026,CYS,Contrato CW 276532,Supervisión socioambiental,Sin Frente,Informe trimestral de indicadores del medio social correspondiente al periodo octubre a diciembre del 2025.,Si,CYS-CW276532-PHI-02724,No,15/enero/2026,INT-OC-CYS-091/26
eef8c7cf,13/01/2026,CYS,Contrato CW 276532,Supervisión técnica,Conducciones zona sur,Solicitud cambio de alcance de perforaciones.,Si,CYS-CW276532-PHI-02725,No,17/marzo/2026,INT-OC-CYS-628/26
ce15fdae,13/01/2026,CYS,Contrato CW 276532,Supervisión técnica,Conducciones zona sur,Solicitud cambio de alcance de perforaciones.,Si,CYS-CW276532-PHI-02725,No,,
8b2e9771,13/01/2026,CYS,Contrato CW 276532,Supervisión de seguridad y salud en el trabajo,Sin Frente,Orden reiterada sobre entrega investigación accidentes laborales,Si,CYS-CW276532-PHI-02726,No,2/febrero/2026,INT-OC-CYS-254/26
81d194e4,13/01/2026,CYS,Contrato CW 276532,Supervisión de seguridad y salud en el trabajo,Casa de máquinas y obras anexas,Solicitud de investigación incidente de alto potencial,Si,CYS-CW276532-PHI-02727,No,1/febrero/2026,INT-OC-CYS-236/26
1077d14c,13/01/2026,CYS,Contrato CW 276532,Supervisión técnica,Casa de máquinas y obras anexas,Planos de taller anclajes BAL 8,Si,CYS-CW276532-PHI-02728,No,29/enero/2026,INT-OC-CYS-212/26
642ce984,13/01/2026,CYS,Contrato CW 276532,Supervisión técnica,Vertedero y obras anexas,Instrumentación geotécnica – Prismas de control superficial.,Si,CYS-CW276532-PHI-02729,No,15/marzo/2026,INT-OC-CYS-594/26
a9707149,14/01/2026,CYS,Contrato CW 276532,Supervisión técnica,Obras en las descargas,Drenajes complementarios - GADF,Si,D-PHI-COP-0016-2026,Si,17/enero/2026,INT-OC-CYS-106/26
6d1c4427,14/01/2026,CYS,Contrato CW 276532,Supervisión de seguridad y salud en el trabajo,Sin Frente,"Oficialización de liberación estructural, planos y memoria de cálculo - ménsulas y barandas tipo 2.",Si,CYS-CW276532-PHI-02730,No,,
83b7cc0f,14/01/2026,CYS,Contrato CW 276532,Supervisión técnica,Conducciones zona sur,Excavación pozos de presión – Estaciones de convergencia,Si,CYS-CW276532-PHI-02731,No,17/marzo/2026,INT-OC-CYS-627/26
707b3bfd,14/01/2026,CYS,Contrato CW 276532,Supervisión de control de laboratorio ensayos de calidad,Sin Frente,"Registros cargue, plantas de concreto.",Si,CYS-CW276532-PHI-02732,No,,
9dd29e39,14/01/2026,CYS,Contrato CW 276532,Supervisión técnica,Sin Frente,Procedimiento de ejecución – Retiro material margen izquierda – clasificación de material.,Si,CYS-CW276532-PHI-02736,No,30/enero/2026,INT-OC-CYS-219/26
3c91da22,14/01/2026,CYS,Contrato CW 276532,Supervisión de seguridad y salud en el trabajo,Sin Frente,Llamado de atención al Contratista para mejorar su cobertura y gestión SST en obra,No,,No,18/enero/2026,INT-OC-CYS-127/26
92a3a42c,14/01/2026,CYS,Contrato CW 276532,Supervisión técnica,Túneles de aspiración,Unidades 5 y 6 - Actas de Transferencia de Zonas de Trabajo.,No,,Si,16/enero/2026,INT-OC-CYS-100/26
2a31894b,14/01/2026,CYS,Contrato CW 276532,Supervisión de gestión documental y calidad,Sin Frente,"Radicación actas de pago de octubre, noviembre y diciembre de 2025.",No,,No,15/enero/2026,INT-OC-CYS-096/26
aeb18847,15/01/2026,CYS,Contrato CW 276532,Supervisión técnica,Sin Frente,Remisión registros de logueo perforaciones exploratorias y doble propósito.,Si,CYS-CW276532-PHI-02737,No,17/marzo/2026,INT-OC-CYS-626/26
02ee1c98,15/01/2026,CYS,Contrato CW 276532,Supervisión de costos,Casa de máquinas y obras anexas,Estructuras de concreto uso de empalmes para acero de refuerzo con acoples Barsplice – Provisión de obras adicionales y extras previstas en el AMB 9,Si,CYS-CW276532-PHI-02738,No,,
78325dc1,15/01/2026,CYS,Contrato CW 276532,Supervisión técnica,Casa de máquinas y obras anexas,Demolición controlada de los muros del foso del ascensor del Edificio de Servicios Sur,Si,NC-005-26,No,20/enero/2026,INT-OC-CYS-138/26
5042f708,15/01/2026,CYS,Contrato CW 276532,Supervisión de control de laboratorio ensayos de calidad,Sin Frente,Certificados de Materiales del 16 de diciembre al 31 de diciembre de 2025.,Si,CYS-CW276532-PHI-02733,No,19/enero/2026,INT-OC-CYS-131/26
17cd8fd1,15/01/2026,CYS,Contrato CW 276532,Supervisión de control de laboratorio ensayos de calidad,Sin Frente,Aseguramiento de calidad – Plan de calibración plantas de concreto de respaldo y alcance.,Si,CYS-CW276532-PHI-02734,No,25/enero/2026,INT-OC-CYS-186/26
d03bec42,15/01/2026,CYS,Contrato CW 276532,Supervisión técnica,Almenaras y obras anexas,Entrega de planos para construcción en revisión 1. Obra civil de la cámara de operación y control.,Si,D-PHI-COP-0017-2026,No,17/enero/2026,INT-OC-CYS-115/26
fb02b639,15/01/2026,CYS,Contrato CW 276532,Supervisión técnica,Casa de máquinas y obras anexas,Hastial aguas arriba extensión de muro tipo 1 Unidad 8 pernos de anclaje,Si,CYS-CW276532-PHI-02735,No,7/marzo/2026,INT-OC-CYS-505/26
eb598ec0,15/01/2026,CYS,Contrato CW 276532,Supervisión de control de laboratorio ensayos de calidad,Sin Frente,Plan de calibración y verificación de las plantas de concreto Janeoo-60 y Domat 100,Si,CYS-CW276532-PHI-02739,No,,
6686a67f,15/01/2026,CYS,Contrato CW 276532,Supervisión de seguridad y salud en el trabajo,Sin Frente,Presentación hoja de vida personal COLAMBULANCIAS,Si,CYS-CW276532-PHI-02741,No,21/enero/2026,INT-OC-CYS-154/26
90a37a07,15/01/2026,CYS,Contrato CW 276532,Supervisión de seguridad física,Sin Frente,Atención observaciones documentos seguridad física compromisos del comité N° 13,Si,CYS-CW276532-PHI-02743,No,21/enero/2026,INT-OC-CYS-160/26
22d9fd61,15/01/2026,CYS,Contrato CW 276532,Supervisión de costos,Conducciones zona sur,Rehabilitación de pozos de presión conducción N° 5 a N° 8. Provisión de obras adicionales y extra previstas en el AMB 9,Si,CYS-CW276532-PHI-02746,No,,
6e06c805,15/01/2026,CYS,Contrato CW 276532,Supervisión técnica,Galería auxiliar de desviación (GAD),Manejo de aguas de infiltraciones en GAD,Si,NC-007-26,Si,31/enero/2026,INT-OC-CYS-234/26
31e204cc,15/01/2026,CYS,Contrato CW 276532,Supervisión de seguridad física,Sin Frente,Observaciones informe de actividades de seguridad física diciembre 2025,Si,CYS-CW276532-PHI-02742,No,21/enero/2026,INT-OC-CYS-162/26
a804b9a6,15/01/2026,CYS,Contrato CW 276532,Supervisión técnica,Presa y obras anexas,Entrega del informe actualización de los modelos de la pantalla en concreto plástico medidos   I-2194-PHI-041-GEO-AMP-CPM-001,Si,D-PHI-COP-0018-2026,Si,20/enero/2026,INT-OC-CYS-137/26
1de25b27,15/01/2026,CYS,Contrato CW 276532,Supervisión técnica,Conducciones zona sur,Aclaración en la identificación de perforaciones de la comunicación D-PHI-COP-0801-2025,Si,NC-008-26,No,2/febrero/2026,INT-OC-CYS-245/26
8d132d1a,16/01/2026,CYS,Contrato CW 276532,Supervisión contractual,Sin Frente,Impacto al programa de obra AMB 7 Y AMB 4 Programa de obra y valoración económica asociados al plan de compresión e intensificación de actividades CYS-CW276532-PHI-2706,Si,CYS-CW276532-PHI-02744,No,,
7a4b6655,16/01/2026,CYS,Contrato CW 276532,Supervisión de seguridad física,Sin Frente,Informe de actividades de seguridad física junio de 2025,Si,CYS-CW276532-PHI-02740,No,21/enero/2026,INT-OC-CYS-161/26
97c4672b,16/01/2026,CYS,Contrato CW 276532,Supervisión contractual,Sin Frente,Impacto al programa de obra AMB 7 y AMB 4 Programa de obra y valoración económica asociados al plan de compresión e intensificación de actividades CYS-CW276532-PHI-2706,Si,CYS-CW276532-PHI-02744,No,21/enero/2026,INT-OC-CYS-157/26
0d1acc1c,16/01/2026,CYS,Contrato CW 276532,Supervisión de seguridad y salud en el trabajo,Sin Frente,Solicitud investigación accidente laboral Rodolfo Ruiz,No,,No,17/enero/2026,INT-OC-CYS-105/26
42fb3c8a,16/01/2026,CYS,Contrato CW 276532,Supervisión de control de laboratorio ensayos de calidad,Sin Frente,Diseño de mezcla FL-411 para mortero de reparación,Si,CYS-CW276532-PHI-02745,No,20/enero/2026,INT-OC-CYS-136/26
050a71de,16/01/2026,CYS,Contrato CW 276532,Supervisión socioambiental,Sin Frente,Informe de cumplimiento ambiental ICA segundo semestre 2025,SI,CYS-CW276532-PHI-02747,No,25/enero/2026,INT-OC-CYS-183/26
1e41adf3,16/01/2026,CYS,Contrato CW 276532,Supervisión técnica,Sin Frente,Medidas de protección colectiva provisional entrega de barandas de seguridad,Si,CYS-CW276532-PHI-02749,No,7/marzo/2026,INT-OC-CYS-507/26
5cc8b19d,16/01/2026,CYS,Contrato CW 276532,Supervisión técnica,Conducciones zona sur,Conducciones pozos de presión entibados metálicos circulares planos de taller Revisión 1,Si,CYS-CW276532-PHI-02750,No,1/febrero/2026,INT-OC-CYS-239/26
802b41aa,16/01/2026,CYS,Contrato CW 276532,Supervisión de seguridad y salud en el trabajo,Sin Frente,Equipo mínimo hoja de vida Gestión de SST Aprobación hoja de vida,Si,CYS-CW276532-PHI-02751,No,19/enero/2026,INT-OC-CYS-132/26
c93f503b,17/01/2026,CYS,Contrato CW 276532,Supervisión de seguridad y salud en el trabajo,Sin Frente,Concepto uso - Comedor descarga 3,Si,CYS-CW276532-PHI-02748,No,1/febrero/2026,INT-OC-CYS-237/26
e1dd956f,17/01/2026,CYS,Contrato CW 276532,Supervisión técnica,Casa de máquinas y obras anexas,Certificación de puente grúa PG003-EPM Cap. 20 Toneladas sala de montajes.,Si,CYS-CW276532-PHI-02752,No,25/enero/2026,INT-OC-CYS-182/26
40bceb2c,17/01/2026,CYS,Contrato CW 276532,Supervisión técnica,Sin Frente,Registro logueo perforación exploratoria P-EX-ZS-09,Si,CYS-CW276532-PHI-02753,No,,
8a3e1465,17/01/2026,CYS,Contrato CW 276532,Supervisión técnica,Casa de máquinas y obras anexas,Murro aguas abajo. Arranque del acero de refuerzo en columnas del pórtico de apoyo del puente grúa,Si,D-PHI-COP-0020-2026,No,9/febrero/2026,INT-OC-CYS-304/26
458d8248,17/01/2026,CYS,Contrato CW 276532,Supervisión técnica,Presa y obras anexas,Pantalla cortaflujo Recomendación de documentación procedimientos de excavación y concreto plástico,Si,D-PHI-COP-0022-2026,Si,18/enero/2026,INT-OC-CYS-118/26
0a94139f,17/01/2026,CYS,Contrato CW 276532,Supervisión técnica,Sin Frente,Procedimientos reparación de concretos,Si,CYS-CW276532-PHI-02754,No,15/marzo/2026,INT-OC-CYS-590/26
0cf173e1,17/01/2026,CYS,Contrato CW 276532,Supervisión técnica,Casa de máquinas y obras anexas,Muro aguas abajo Unidades 5 a 8 Planos y cartilla de refuerzo,Si,CYS-CW276532-PHI-02755,No,8/marzo/2026,INT-OC-CYS-518/26
45921f6c,17/01/2026,CYS,Contrato CW 276532,Supervisión técnica,Túnel de acceso y galerías de construcción de la central,Ramal de acceso a la almenara N° 2 Planos de taller entibados metálicos,Si,CYS-CW276532-PHI-02756,No,10/febrero/2026,INT-OC-CYS-315/26
58d6f284,17/01/2026,CYS,Contrato CW 276532,Supervisión de gestión documental y calidad,Sin Frente,Informe de auditoria II,Si,CYS-CW276532-PHI-02757,Si,20/enero/2026,INT-OC-CYS-145/26
056ae98e,17/01/2026,CYS,Contrato CW 276532,Supervisión contractual,Informes,Informe técnico mensual noviembre 2025,Si,CYS-CW276532-PHI-02620,No,18/enero/2026,INT-OC-CYS-125/26
b5547b45,17/01/2026,CYS,Contrato CW 276532,Supervisión de seguridad y salud en el trabajo,Sin Frente,Solicitud investigación accidente laboral Nestor Javier Troya Plata CC. 1.064.719.071,Si,CYS-CW276532-PHI-02758,No,2/febrero/2026,INT-OC-CYS-261/26
dc553956,17/01/2026,CYS,Contrato CW 276532,Supervisión técnica,Casa de máquinas y obras anexas,Acopio inadecuado de acero de refuerzo,No,,No,20/enero/2026,INT-OC-CYS-135/26
1cf91a11,18/01/2026,CYS,Contrato CW 276532,Supervisión socioambiental,Sin Frente,Entrega del acta de comité socioambiental No. 47.,No,,Si,21/enero/2026,INT-OC-CYS-150/26
bc606c6b,18/01/2026,CYS,Contrato CW 276532,Supervisión de seguridad y salud en el trabajo,Sin Frente,Solicitud investigación accidente laboral Jose Fernado Corba Panadero CC. 74.283.119,Si,CYS-CW276532-PHI-02759,No,2/febrero/2026,INT-OC-CYS-258/26
f11e5284,18/01/2026,CYS,Contrato CW 276532,Supervisión técnica,Casa de máquinas y obras anexas,Plano del sistema de puesta a tierra EL1 199.00,Si,CYS-CW276532-PHI-02760,No,20/enero/2026,INT-OC-CYS-140/26
7d386abc,18/01/2026,CYS,Contrato CW 276532,Supervisión técnica,Presa y obras anexas,Seguimiento actividades,No,,No,2/febrero/2026,INT-OC-CYS-250/26
1f6f8696,18/01/2026,CYS,Contrato CW 276532,Supervisión técnica,Casa de máquinas y obras anexas,Plano del sistema de puesta a tierra EL 188.50 R1,Si,CYS-CW276532-PHI-02761,No,20/enero/2026,INT-OC-CYS-141/26
98e06b14,18/01/2026,CYS,Contrato CW 276532,Supervisión técnica,Casa de máquinas y obras anexas,Solicitud a interferencia de acero de refuerzo por invasión del hastial de roca a la linea teórica del muro aguas abajo Unidad 6,Si,NC-011-26,Si,30/enero/2026,INT-OC-CYS-225/26
1549e5c0,18/01/2026,CYS,Contrato CW 276532,Supervisión de seguridad y salud en el trabajo,Sin Frente,Remisión ayuda de memoria No.31- Validación de controles operativos y reingeniería de seguridad para la construcción de Pantalla Cortaflujo.,No,,Si,21/enero/2026,INT-OC-CYS-147/26
df95cefd,18/01/2026,CYS,Contrato CW 276532,Supervisión de seguridad y salud en el trabajo,Sin Frente,Hallazgos sin atención inspección conjunta No. 86,No,,Si,19/enero/2026,INT-OC-CYS-133/26
ef583d35,19/01/2026,CYS,Contrato CW 276532,Supervisión de seguridad y salud en el trabajo,Sin Frente,Condiciones subestandar durante proceso de montaje estructura metálica ramal 6 pozos de presión,No,,No,21/enero/2026,INT-OC-CYS-158/26
31f160e3,19/01/2026,CYS,Contrato CW 276532,Supervisión técnica,Túneles de aspiración,Anclajes para Tensores de Tubos de aspiración 5 a 8,Si,NC-012-26,Si,29/enero/2026,INT-OC-CYS-213/26
95e231b6,19/01/2026,CYS,Contrato CW 276532,Supervisión técnica,Conducciones zona sur,Oficialización instructivo de campo IC-018-2026,Si,NC-013-26,Si,29/enero/2026,INT-OC-CYS-209/26
6269b33b,19/01/2026,CYS,Contrato CW 276532,Supervisión técnica,Sin Frente,Entrega acta de comité de obra No.100,No,,Si,20/enero/2026,INT-OC-CYS-139/26
812bbee6,19/01/2026,CYS,Contrato CW 276532,Supervisión técnica,Sin Frente,Formalización compromisos recorrido de obra - 10 de enero de 2026.,No,,Si,20/enero/2026,INT-OC-CYS-144/26
dba748b2,20/01/2026,CYS,Contrato CW 276532,Supervisión de seguridad física,Sin Frente,Observaciones informe socioambiental correspondiente al mes de diciembre de 2025.,Si,CYS-CW276532-PHI-02767,No,,
ace29841,20/01/2026,CYS,Contrato CW 276532,Supervisión socioambiental,Sin Frente,Observaciones informe socioambiental correspondiente al mes de diciembre de 2025.,Si,CYS-CW276532-PHI-02767,No,28/enero/2026,INT-OC-CYS-202/26
53613b5c,20/01/2026,CYS,Contrato CW 276532,Supervisión de seguridad física,Sin Frente,Atención observaciones informe de actividades de seguridad física octubre 2025,Si,CYS-CW276532-PHI-02768,No,22/enero/2026,INT-OC-CYS-165/26
41256bde,20/01/2026,CYS,Contrato CW 276532,Supervisión técnica,Casa de máquinas y obras anexas,Muro aguas arriba unidades 5 a 8 – Planos y cartilla de refuerzo,Si,CYS-CW276532-PHI-02763,No,25/marzo/2026,INT-OC-CYS-688/26
b3293c36,20/01/2026,CYS,Contrato CW 276532,Supervisión técnica,Túneles de aspiración,Actualización refuerzo túneles de aspiración unidad 5 a 8 - Planos y cartilla de refuerzo.,Si,CYS-CW276532-PHI-02765,No,,
bf41691f,20/01/2026,CYS,Contrato CW 276532,Supervisión de control de laboratorio ensayos de calidad,Sin Frente,Solicitud de aprobación de mezclas alternativas de concreto para contingencias de suministro de agregados,Si,CYS-CW276532-PHI-02766,No,27/enero/2026,INT-OC-CYS-194/26
45846f58,20/01/2026,CYS,Contrato CW 276532,Supervisión de costos,Temas administrativos del contrato,"Actas de obra ejecutada No. 19, Acta AMB3-14, Acta AMB5-09, Acta AMB8-03, Acta AMB9-02 y sus reajustes",Si,CYS-CW276532-PHI-02333,No,21/enero/2026,INT-OC-CYS-149/26
f881a9ba,20/01/2026,CYS,Contrato CW 276532,Supervisión técnica,Casa de máquinas y obras anexas,Secuencia constructiva de las obras de la zona sur – Alternativa aislante térmico para concreto masivos aspiradores,Si,CYS-CW276532-PHI-02762,No,,
4b3e7f69,20/01/2026,CYS,Contrato CW 276532,Supervisión técnica,Casa de máquinas y obras anexas,Pórticos de puente grúa – Planos y cartilla de refuerzo.,Si,CYS-CW276532-PHI-02764,No,,
d74bac3c,20/01/2026,CYS,Contrato CW 276532,Supervisión de control de laboratorio ensayos de calidad,Sin Frente,"Registros cargue, plantas de concreto.",Si,CYS-CW276532-PHI-02769,No,25/enero/2026,INT-OC-CYS-181/26
48da64b6,20/01/2026,CYS,Contrato CW 276532,Supervisión técnica,Casa de máquinas y obras anexas,Secuencia constructiva de las obras de la zona sur – Alternativa aislante térmico para concreto masivos aspiradores,Si,CYS-CW276532-PHI-02762,No,25/enero/2026,INT-OC-CYS-185/26
9aa1c2d3,20/01/2026,CYS,Contrato CW 276532,Supervisión técnica,Casa de máquinas y obras anexas,Pórticos de puente grúa – Planos y cartilla de refuerzo.,Si,CYS-CW276532-PHI-02764,No,30/marzo/2026,INT-OC-CYS-740/26
a362c967,20/01/2026,CYS,Contrato CW 276532,Supervisión contractual,Sin Frente,Cronograma General del Proyecto – Impacto al programa de obra AMB 7 y AMB 4 – Programa de obra y valoración económica asociados al Plan de Compresión e Intensificación de actividades.,Si,CYS-CW276532-PHI-02770,No,23/enero/2026,INT-OC-CYS-171/26
7f1e5133,20/01/2026,CYS,Contrato CW 276532,Supervisión técnica,Conducciones zona sur,Oficialización instructivo campo IC-019-2026,Si,NC-015-26,No,29/enero/2026,INT-OC-CYS-214/26
b7faa562,21/01/2026,CYS,Contrato CW 276532,Supervisión de seguridad y salud en el trabajo,Sin Frente,Equipo mínimo hoja de vida – Gestor de SST.,Si,CYS-CW276532-PHI-02771,No,3/febrero/2026,INT-OC-CYS-264/26
90de1b5f,21/01/2026,CYS,Contrato CW 276532,Supervisión de control de laboratorio ensayos de calidad,Sin Frente,Ajuste asentamiento FL-278,Si,CYS-CW276532-PHI-02772,No,23/enero/2026,INT-OC-CYS-173/26
0f27e60d,21/01/2026,CYS,Contrato CW 276532,Supervisión de seguridad y salud en el trabajo,Sin Frente,Solicitud investigación accidente laboral Jhon Darío Ospina C.C. 70632354,No,,No,21/enero/2026,INT-OC-CYS-155/26
4eac8360,21/01/2026,CYS,Contrato CW 276532,Supervisión de seguridad y salud en el trabajo,Casa de máquinas y obras anexas,Solicitud investigación accidente laboral Carlos Alberto Contreras CC.13.994.024,Si,CYS-CW276532-PHI-02773,No,3/febrero/2026,INT-OC-CYS-266/26
4e38ea7a,21/01/2026,CYS,Contrato CW 276532,Supervisión de control de laboratorio ensayos de calidad,Sin Frente,Resultados de ensayos combinados y triaxiales CU de las muestras inalteradas panel de prueba.,Si,CYS-CW276532-PHI-02774,No,2/febrero/2026,INT-OC-CYS-244/26
035a6102,21/01/2026,CYS,Contrato CW 276532,Supervisión técnica,Descarga intermedia,Tapón preventivo - Entrega de procedimiento y plano – Recrecimiento del tapón preventivo.,Si,CYS-CW276532-PHI-02775,No,31/marzo/2026,INT-OC-CYS-748/26
38c0d71a,21/01/2026,CYS,Contrato CW 276532,Supervisión técnica,Casa de máquinas y obras anexas,Procedimiento perforaciones de tensores pasantes con inyecciones.,Si,CYS-CW276532-PHI-02776,No,13/febrero/2026,INT-OC-CYS-339/26
86abf468,21/01/2026,CYS,Contrato CW 276532,Supervisión técnica,Presa y obras anexas,Pantalla cortaflujo - Finalización excavación panel  P5 - Entrega acta de reunión técnica No. 048 A.,No,,Si,21/enero/2026,INT-OC-CYS-159/26
d9cd5d63,21/01/2026,CYS,Contrato CW 276532,Supervisión técnica,Presa y obras anexas,"Pantalla corta flujo, espaldón aguas debajo de la presa – Entrega de informe validación del sistema de medición por ultrasonido TS-K100CW(C)",Si,CYS-CW276532-PHI-02777,No,,
76843adc,21/01/2026,CYS,Contrato CW 276532,Supervisión de control de laboratorio ensayos de calidad,Sin Frente,Certificados de Materiales del 01 de diciembre al 15 de diciembre de 2025,Si,CYS-CW276532-PHI-02778,No,26/enero/2026,INT-OC-CYS-193/26
d82f75c1,21/01/2026,CYS,Contrato CW 276532,Supervisión de seguridad y salud en el trabajo,Sin Frente,Oficialización de tensionamiento de pernos y puntos de anclaje en pozo 6 galería d sur.,Si,CYS-CW276532-PHI-02779,No,3/febrero/2026,INT-OC-CYS-267/26
f8151695,21/01/2026,CYS,Contrato CW 276532,Supervisión técnica,Túneles de aspiración,Unidades 6 y 7 – Actas de Transferencia de Zonas de Trabajo.,No,,Si,25/enero/2026,INT-OC-CYS-188/26
1b2f25a7,21/01/2026,CYS,Contrato CW 276532,Supervisión socioambiental,Sin Frente,Temáticas semestre 2026-I campañas Programa de Uso Eficiente y Ahorro del Agua (PUEAA) y Programa de Uso Racional y Eficiente de la Energía (PROURE).,No,,No,22/enero/2026,INT-OC-CYS-168/26
ec15fa1c,21/01/2026,CYS,Contrato CW 276532,Supervisión socioambiental,Instalaciones provisionales obras finales,Cierre de inspección conjunta GI-AM-16-25,No,,Si,22/enero/2026,INT-OC-CYS-163/26
3214162d,21/01/2026,CYS,Contrato CW 276532,Supervisión socioambiental,Instalaciones provisionales obras finales,Acta de entrega área específica estructura espaldón de la Presa – Berma EL. 284.,No,,Si,22/enero/2026,INT-OC-CYS-170/26
ee850e87,21/01/2026,CYS,Contrato CW 276532,Supervisión técnica,Compuertas y rejas,Envío Acta de Verificación de Equipos Electromecánicos y Entrega para Montajes No. 00-59-002,No,,Si,26/enero/2026,INT-OC-CYS-192/26
1c602430,22/01/2026,CYS,Contrato CW 276532,Supervisión técnica,Sin Frente,Envío acta de entrega de bienes No. 59-047.,No,,Si,22/enero/2026,INT-OC-CYS-166/26
e7fa5084,22/01/2026,CYS,Contrato CW 276532,Supervisión técnica,Sin Frente,Envío acta de entrega de bienes No. 59-048.,No,,Si,22/enero/2026,INT-OC-CYS-164/26
12eaf673,22/01/2026,CYS,Contrato CW 276532,Supervisión de seguridad y salud en el trabajo,Sin Frente,Formalización compromisos del seguimiento semanal SST/HS en obra – 16 de enero  de 2026.,No,,Si,23/enero/2026,INT-OC-CYS-174/26
a4486533,22/01/2026,CYS,Contrato CW 276532,Supervisión de costos,Sin Frente,"Radicación actas de pago de agosto, septiembre y octubre de 2025",Si,CYS-CW276532-PHI-02453,No,24/enero/2026,INT-OC-CYS-178/26
b5b151db,22/01/2026,CYS,Contrato CW 276532,Supervisión de costos,Sin Frente,Solicitud trámite de formalización obras extras y actualización de información.,Si,"CYS-CW276532-PHI-02708, CYS-CW276532-PHI-02738, CYS-CW276532-PHI-02746",No,24/enero/2026,INT-OC-CYS-175/26
1ee050d8,22/01/2026,CYS,Contrato CW 276532,Supervisión de seguridad y salud en el trabajo,Sin Frente,Remisión ayuda de memoria No. 30 - Unificación de criterios de seguridad para maniobras conjuntas de izaje de cargas,Si,CYS-CW276532-PHI-02781,No,30/enero/2026,INT-OC-CYS-221/26
83521288,22/01/2026,CYS,Contrato CW 276532,Supervisión de seguridad y salud en el trabajo,Casa de máquinas y obras anexas,"Evaluación de conocimientos en identificación de peligros, controles operacionales y documentación en SST, requerida para la ejecución de actividades",Si,CYS-CW276532-PHI-02782,No,28/enero/2026,INT-OC-CYS-203/26
4977310e,22/01/2026,CYS,Contrato CW 276532,Supervisión técnica,Túneles de aspiración,Entrega plano actualizado con refuerzo para rejilla de protección para la tubería succión agua cruda en Túnel se Aspiración N°8.,Si,D-PHI-COP-0031-2026,Si,26/enero/2026,INT-OC-CYS-191/26
539072ab,22/01/2026,CYS,Contrato CW 276532,Supervisión técnica,Conducciones zona sur,Oficializacion instructivo de campo  IC-010-2026 e IC-011-2026,Si,NC-016-26,Si,29/enero/2026,INT-OC-CYS-215/26
96cab7db,22/01/2026,CYS,Contrato CW 276532,Supervisión técnica,Casa de máquinas y obras anexas,Aclaracion plano de referncia citado DC-PHI-062-CCM-PG-S-055 correspondiente a los datos adyacentes a la columna eje 21 del portico aguas abajo de la sala de montaje,Si,NC-017-26,Si,29/enero/2026,INT-OC-CYS-211/26
e011a8c4,22/01/2026,CYS,Contrato CW 276532,Supervisión técnica,Presa y obras anexas,Pantalla cortaflujo - Finalización excavación panel P1 - Acta de reunión técnica No. 53,No,,Si,27/enero/2026,INT-OC-CYS-195/26
a772b405,23/01/2026,CYS,Contrato CW 276532,Supervisión técnica,Conducciones zona sur,"Definición tratamiento de soporte entre Elevaciones 315,12 y 313,12 Pozo de presión No. 6",No,,No,,
44d2034d,23/01/2026,CYS,Contrato CW 276532,Supervisión técnica,Sin Frente,Formalización compromisos recorrido de obra – 17 de enero de 2026.,No,,Si,24/enero/2026,INT-OC-CYS-176/26
3caeaad7,23/01/2026,CYS,Contrato CW 276532,Supervisión de riesgos,Sin Frente,Entrega de acta de comité de riesgos No. 026,No,,Si,24/enero/2026,INT-OC-CYS-177/26
5bbb09e2,23/01/2026,CYS,Contrato CW 276532,Supervisión técnica,Presa y obras anexas,Retiro de material tipo 3A por parte de otro Contratista.,Si,CYS-CW276532-PHI-02780,No,18/marzo/2026,INT-OC-CYS-633/26
66c1f1c3,23/01/2026,CYS,Contrato CW 276532,Supervisión de seguridad física,Sin Frente,Informe de actividades de seguridad física septiembre de 2025,Si,CYS-CW276532-PHI-02783,No,11/febrero/2026,INT-OC-CYS-326/26
34ec240f,23/01/2026,CYS,Contrato CW 276532,Supervisión técnica,Casa de máquinas y obras anexas,Metodología constructiva para los concretos de las unidades 5 a 8 Revisión 3.,Si,CYS-CW276532-PHI-02784,No,,
5a8f0161,23/01/2026,CYS,Contrato CW 276532,Supervisión técnica,Túneles de aspiración,Perfiles metálicos en tramo 1 del túnel de aspiración #6 – Planos de taller,Si,CYS-CW276532-PHI-02785,No,6/marzo/2026,INT-OC-CYS-489/26
d1401083,23/01/2026,CYS,Contrato CW 276532,Supervisión técnica,Obras externas plazoleta de compuertas y captación,Sendero berma 500 planos de taller y memoria de cálculo de ménsulas y barandas,Si,CYS-CW276532-PHI-02786,No,6/marzo/2026,INT-OC-CYS-488/26
5667b32b,23/01/2026,CYS,Contrato CW 276532,Supervisión de seguridad y salud en el trabajo,Sin Frente,Presentación de licencia de profesional SST encargado de las investigaciones.,Si,CYS-CW276532-PHI-02787,No,3/febrero/2026,INT-OC-CYS-265/26
80360f36,23/01/2026,CYS,Contrato CW 276532,Supervisión de seguridad y salud en el trabajo,Casa de máquinas y obras anexas,Muro galería de drenaje – Losa EL 188.50 y cuneta perimetral – Planos de taller y cartilla de refuerzo,Si,CYS-CW276532-PHI-02788,No,17/marzo/2026,INT-OC-CYS-631/26
4964cd41,23/01/2026,CYS,Contrato CW 276532,Supervisión técnica,Casa de máquinas y obras anexas,Protección de elementos metálicos del cabezal de los tensores,Si,CYS-CW276532-PHI-02789,No,6/febrero/2026,INT-OC-CYS-284/26
ac3f8613,23/01/2026,CYS,Contrato CW 276532,Supervisión técnica,Vías Industriales del proyecto,Solicitud mantenimiento de vías internas.,Si,CYS-CW276532-PHI-02790,No,,
b2ec36d2,23/01/2026,CYS,Contrato CW 276532,Supervisión de seguridad y salud en el trabajo,Sin Frente,Remisión acta de comité obligaciones laborales en SST No. 23,No,,Si,24/enero/2026,INT-OC-CYS-179/26
af2c91e3,23/01/2026,CYS,Contrato CW 276532,Supervisión de seguridad y salud en el trabajo,Sin Frente,Solicitud investigación accidente laboral Jhon Jair Posada.,No,,Si,24/enero/2026,INT-OC-CYS-180/26
1042f99d,24/01/2026,CYS,Contrato CW 276532,Supervisión técnica,Conducciones zona sur,Premisas para la definición del tratamiento primario y secundario del sostenimiento para la rehabilitación de los codos de las conducciones superiores y los pozos de presión.,Si,D-PHI-COP-0034-2026,Si,29/enero/2026,INT-OC-CYS-206/26
1ef76374,24/01/2026,CYS,Contrato CW 276532,Supervisión técnica,Descarga intermedia,Distribución de Termocuplas para el Recrecimiento del Tapón Preventivo de la DI,Si,NC-018-26,Si,30/enero/2026,INT-OC-CYS-224/26
6eb35377,24/01/2026,CYS,Contrato CW 276532,Supervisión técnica,Casa de máquinas y obras anexas,Fisuras en concretos - Coordenadas tentativas para la extracción de núcleos para determinar las profundidades aproximadas de las fisuras.,Si,D-PHI-COP-0035-2026,Si,29/enero/2026,INT-OC-CYS-205/26
01b51b21,24/01/2026,CYS,Contrato CW 276532,Supervisión técnica,Presa y obras anexas,"Gestión técnica- Informe hoja de vida Modulo M2 – Pantalla corta flujo, espaldón aguas abajo.",Si,CYS-CW276532-PHI-02791,No,,
4497d271,24/01/2026,CYS,Contrato CW 276532,Supervisión socioambiental,Sin Frente,Solicitud información EPM – Medición de variables,No,,Si,25/enero/2026,INT-OC-CYS-184/26
ae8e46ce,24/01/2026,CYS,Contrato CW 276532,Supervisión de riesgos,Sin Frente,Informe mensual de la gestión de riesgos – Diciembre 2025.,Si,CYS-CW276532-PHI-02792,No,28/enero/2026,INT-OC-CYS-199/26
31770514,24/01/2026,CYS,Contrato CW 276532,Supervisión técnica,Sin Frente,Observaciones diseño y medidas de manejo ambiental para la operación estación de servicio (EDS),Si,CYS-CW276532-PHI-02793,No,2/febrero/2026,INT-OC-CYS-253/26
f7a8a268,24/01/2026,CYS,Contrato CW 276532,Supervisión técnica,Presa y obras anexas,"Informe hoja de vida modulo P1 – Pantalla corta flujo,  espaldón aguas abajo.",Si,CYS-CW276532-PHI-02794,No,,
2b3563d0,24/01/2026,CYS,Contrato CW 276532,Supervisión técnica,Casa de máquinas y obras anexas,Sala de Montajes - Viga de borde costado sur,Si,CYS-CW276532-PHI-02795,No,,
caad78fe,25/01/2026,CYS,Contrato CW 276532,Supervisión técnica,Presa y obras anexas,Oficialización instructivo campo IC-014-2026.,Si,NC-019-26,Si,30/enero/2026,INT-OC-CYS-223/26
bfb22cb2,25/01/2026,CYS,Contrato CW 276532,Supervisión técnica,Presa y obras anexas,Perforaciones margen izquierda - Pantalla plastica corta flujo,Si,NC-020-26,No,,
9cd0ae92,25/01/2026,CYS,Contrato CW 276532,Supervisión de seguridad y salud en el trabajo,Sin Frente,Formalización compromisos del seguimiento semanal SST/HS en obra – 23 de enero de 2026.,No,,Si,26/enero/2026,INT-OC-CYS-190/26
fdf97ca5,25/01/2026,CYS,Contrato CW 276532,Supervisión socioambiental,Sin Frente,Remisión acta comité social específico No 25.,No,,Si,26/enero/2026,INT-OC-CYS-189/26
77c507fb,26/01/2026,CYS,Contrato CW 276532,Supervisión técnica,Estabilidad helipuerto villa luz,Recomendaciones de aplicación inmediata por progresión de procesos morfodinámicos – talud de corte SPI (registro fotográfico 20/01/2026),Si,D-PHI-COP-0044-2026,No,,
72bf0c3f,26/01/2026,CYS,Contrato CW 276532,Supervisión técnica,Conducciones zona sur,Solicitud de profundidades oficiales por panel - Pantalla plástica corta flujo.,Si,D-PHI-COP-0043-2026,No,,
49220def,26/01/2026,CYS,Contrato CW 276532,Supervisión técnica,Conducciones zona sur,Galería de construcción superior sur – Ramal de acceso a almenara 2 – Ajustes enfilajes.,Si,NC-021-26,Si,29/enero/2026,INT-OC-CYS-208/26
49fbc2ce,26/01/2026,CYS,Contrato CW 276532,Supervisión técnica,Conducciones zona sur,Oficialización instructivo de campo IC-024-2026,Si,NC-022-26,Si,30/enero/2026,INT-OC-CYS-222/26
66c02bd0,26/01/2026,CYS,Contrato CW 276532,Supervisión socioambiental,Sin Frente,Temáticas semestre 2026-I campañas Programa de Uso Eficiente y Ahorro del Agua (PUEAA) y Programa de Uso Racional y Eficiente de la Energía (PROURE).,Si,CYS-CW276532-PHI-02796,No,27/enero/2026,INT-OC-CYS-198/26
f038cf60,26/01/2026,CYS,Contrato CW 276532,Supervisión técnica,Presa y obras anexas,Pantalla corta flujo panel de prueba procedimiento constructivo.,Si,CYS-CW276532-PHI-02797,No,16/marzo/2026,INT-OC-CYS-601/26
54523708,26/01/2026,CYS,Contrato CW 276532,Supervisión técnica,Presa y obras anexas,Pantalla Cortaflujo – Control de las excavaciones.,Si,CYS-CW276532-PHI-02798,No,,
21cc0133,26/01/2026,CYS,Contrato CW 276532,Supervisión de seguridad física,Sin Frente,Informe de actividades de seguridad física junio de 2025.,Si,CYS-CW276532-PHI-02799,No,30/enero/2026,INT-OC-CYS-218/26
214f28f6,26/01/2026,CYS,Contrato CW 276532,Supervisión técnica,Túneles de aspiración,Tubo de Aspiración - Unidad 5 – Tramo 1 - Acta de Transferencia de Zonas de Trabajo.,No,,Si,28/enero/2026,INT-OC-CYS-204/26
fd20314c,26/01/2026,CYS,Contrato CW 276532,Supervisión técnica,Presa y obras anexas,Pantalla Cortaflujo-Entrega actas de reunión técnica Nos. 48B-49-53- Finalización excavación paneles P1-P3-P5,No,,Si,27/enero/2026,INT-OC-CYS-196/26
559d1588,26/01/2026,CYS,Contrato CW 276532,Supervisión técnica,Sin Frente,Pantalla Cortaflujo-Entrega acta de reunión técnica No. 52- Finalización excavación panel M2.,No,,Si,27/enero/2026,INT-OC-CYS-197/26
f48cd7ba,27/01/2026,CYS,Contrato CW 276532,Supervisión de costos,Sin Frente,Aumento de caudales – Galería 219 y Compuertas descarga de fondo – Provisión de obras adicionales y extra previstas en el AMB 9,Si,CYS-CW276532-PHI-02801,No,5/febrero/2026,INT-OC-CYS-279/26
605ed06b,27/01/2026,CYS,Contrato CW 276532,Supervisión técnica,Galerías y pozos de compuertas,"Oficialización instructivos de campo asociados a las actividades en los pozos de Presión (IC-020-2026, IC-021-2026 e IC-022-2026)",Si,D-PHI-COP-0045-2026,Si,15/febrero/2026,INT-OC-CYS-347/26
f1967e1a,27/01/2026,CYS,Contrato CW 276532,Supervisión técnica,Tapones de túneles y galerías de acceso y construcción,Oficialización instructivos de campo asociados a las actividades de rehabilitación de las obras subterráneas (IC-017-2026 e IC-023-2026),Si,D-PHI-COP-0046-2026,Si,2/febrero/2026,INT-OC-CYS-252/26
8a0ad5d3,27/01/2026,CYS,Contrato CW 276532,Supervisión técnica,Galería auxiliar de desviación (GAD),"Descarga de fondo - Oficialización instructivos de campo IC-012-2026, IC-013-2026 e IC-015-2026",Si,D-PHI-COP-0047-2026,Si,2/febrero/2026,INT-OC-CYS-247/26
ebe243e3,27/01/2026,CYS,Contrato CW 276532,Supervisión técnica,Almenaras y obras anexas,"Solicitud informción Geometría del pórtico construido, correspondiente a la viga de amarre nivel 201,70 para la unidades 5, 6 y 7.",Si,D-PHI-COP-0048-2026,No,,
e23537d1,27/01/2026,CYS,Contrato CW 276532,Supervisión técnica,Conducciones zona sur,Concepto campaña de con del machon entre el ramal superior de la conducción No.4 y la galería de construcción C,Si,D-PHI-COP-0049-2026,No,,
707ff70c,27/01/2026,CYS,Contrato CW 276532,Supervisión de gestión documental y calidad,Sin Frente,Notas de campo emitidas entre el 19 y el 25 de enero de 2026,Si,D-PHI-COP-0050-2026,No,,
a25f74f0,27/01/2026,CYS,Contrato CW 276532,Supervisión técnica,Presa y obras anexas,Pantalla Plástica -  Talud Margen Derecha - Oficialización instructivo de Campo IC-016-2026,Si,NC-023-26,Si,2/febrero/2026,INT-OC-CYS-248/26
9d128ae7,27/01/2026,CYS,Contrato CW 276532,Supervisión técnica,Conducciones zona sur,Solicitud de estación de convergencia.,Si,NC-024-26,Si,2/febrero/2026,INT-OC-CYS-249/26
105ac186,27/01/2026,CYS,Contrato CW 276532,Supervisión técnica,Sin Frente,Estado de cumplimiento compromisos comités de obra Consorcio CYS – Enero de 2026.,No,,No,30/enero/2026,INT-OC-CYS-217/26
ccbeabd7,27/01/2026,CYS,Contrato CW 276532,Supervisión técnica,Sin Frente,Procedimiento mejoramiento de condiciones pozos de presión 7 y 8.,Si,CYS-CW276532-PHI-02802,No,,
34974fb4,27/01/2026,CYS,Contrato CW 276532,Supervisión contractual,Sin Frente,Programa de obra y valoración económica asociados al plan de compresión e intensificación de actividades (Plan CIA),Si,CYS-CW276532-PHI-02804,No,12/febrero/2026,INT-OC-CYS-336/26
74ba5f8f,27/01/2026,CYS,Contrato CW 276532,Supervisión técnica,Conducciones zona sur,Relocalización de perforaciones para campañas de aglutinamiento – Pozos de presión 7 y 8,Si,NC-026-26,Si,29/enero/2026,INT-OC-CYS-210/26
826d74e2,27/01/2026,CYS,Contrato CW 276532,Supervisión técnica,Casa de máquinas y obras anexas,Detalle de acero de refuerzo en concreto masivo de tubo de aspiración por interferencia con el blindaje.,Si,NC-027-26,No,29/enero/2026,INT-OC-CYS-207/26
0a49d8be,27/01/2026,CYS,Contrato CW 276532,Supervisión de seguridad y salud en el trabajo,Almenaras y obras anexas,Reporte de acto inseguro - Tránsito de personal Descarga 4 – Almenara,No,,No,4/febrero/2026,INT-OC-CYS-275/26
982ea62c,28/01/2026,CYS,Contrato CW 276532,Supervisión técnica,Conducciones zona sur,Concepto inyecciones de consolidación ramales superiores 5 a 8,Si,CYS-CW276532-PHI-02803,No,31/marzo/2026,INT-OC-CYS-747/26
2021e9aa,28/01/2026,CYS,Contrato CW 276532,Supervisión técnica,Consolidación y conglomeración macizo perturbado zona sur,Procedimiento para inyecciones de aglutinamiento,Si,CYS-CW276532-PHI-02805,No,,
75869a49,28/01/2026,CYS,Contrato CW 276532,Supervisión contractual,Sin Frente,Envío de ayuda de memoria de la mesa de trabajo de programación No. 038.,No,,Si,28/enero/2026,INT-OC-CYS-200/26
251d8348,28/01/2026,CYS,Contrato CW 276532,Supervisión socioambiental,Sin Frente,Entrega del acta de comité socioambiental No. 48.,No,,Si,28/enero/2026,INT-OC-CYS-201/26
d1d309e2,28/01/2026,CYS,Contrato CW 276532,Supervisión técnica,Presa y obras anexas,Aclaración perforaciones margen izquierda - Pantalla plástica corta flujo,Si,NC-028-26,Si,2/febrero/2026,INT-OC-CYS-251/26
225deede,28/01/2026,CYS,Contrato CW 276532,Supervisión técnica,Presa y obras anexas,"Pantalla corta flujo, espaldón aguas debajo de la presa – Remisión informe técnico – Limpieza de fondo e integridad concreto – Roca en pantalla plástica.",Si,CYS-CW276532-PHI-02806,No,17/marzo/2026,INT-OC-CYS-623/26
6f774513,28/01/2026,CYS,Contrato CW 276532,Supervisión socioambiental,Sin Frente,Respuesta seguimiento personal extranjero,Si,CYS-CW276532-PHI-02807,No,30/enero/2026,INT-OC-CYS-227/26
fa494288,28/01/2026,CYS,Contrato CW 276532,Supervisión de seguridad y salud en el trabajo,Sin Frente,Presentación hojas de vida personal SST.,Si,CYS-CW276532-PHI-02808,No,12/febrero/2026,INT-OC-CYS-328/26
6f76e0e1,28/01/2026,CYS,Contrato CW 276532,Supervisión de seguridad y salud en el trabajo,Casa de máquinas y obras anexas,Análisis de procedimiento de ízajes de canasta del puente grúa,Si,CYS-CW276532-PHI-02809,No,12/febrero/2026,INT-OC-CYS-329/26
dd7a746c,28/01/2026,CYS,Contrato CW 276532,Supervisión técnica,Obras en las descargas,Control de calidad contenido de fibra en concreto lanzado,Si,CYS-CW276532-PHI-02810,No,30/enero/2026,INT-OC-CYS-230/26
13d5a4c0,28/01/2026,CYS,Contrato CW 276532,Supervisión técnica,Túneles de aspiración,Tubos de Aspiración - Envío Actas de Verificación de Equipos Electromecánicos y Entrega para Montaje No. 18-59-001 a 18-59-003.,No,,Si,5/febrero/2026,INT-OC-CYS-282/26
028ef9f7,29/01/2026,CYS,Contrato CW 276532,Supervisión socioambiental,Sin Frente,Seguimiento personal extranjero – Su comunicación CYS-CW27652-PHI-02807.,Si,CYS-CW27652-PHI-02807,No,,
c4850afb,29/01/2026,CYS,Contrato CW 276532,Supervisión técnica,Conducciones zona sur,Infiltraciones de agua en la culata sur de la Caverna de Transformadores,Si,D-PHI-COP-0052-2026,No,,
42c60cc6,29/01/2026,CYS,Contrato CW 276532,Supervisión técnica,Casa de máquinas y obras anexas,Campaña de aglutinamiento – Macizo perturbado al sur de las cavernas,Si,D-PHI-COP-0053-2026,Si,5/febrero/2026,INT-OC-CYS-281/26
9c4d635b,29/01/2026,CYS,Contrato CW 276532,Supervisión técnica,Conducciones zona sur,Ajuste a campañas de inyección y exploración.,Si,D-PHI-COP-0055-2026,No,9/febrero/2026,INT-OC-CYS-308/26
4ebb7cb8,29/01/2026,CYS,Contrato CW 276532,Supervisión de gestión documental y calidad,Sin Frente,Remisión acta de comité obligaciones laborales en SST No. 24,No,,Si,30/enero/2026,INT-OC-CYS-220/26
472dfc84,30/01/2026,CYS,Contrato CW 276532,Supervisión técnica,Casa de máquinas y obras anexas,Sistema de ventilación,Si,CYS-CW276532-PHI-02800,No,16/febrero/2026,INT-OC-CYS-355/26
ec4108a2,30/01/2026,CYS,Contrato CW 276532,Supervisión técnica,Casa de máquinas y obras anexas,Galerías de barra 5 a 8 metodología constructiva de rehabilitación,Si,CYS-CW276532-PHI-02811,No,,
9a48097a,30/01/2026,CYS,Contrato CW 276532,Supervisión de control de laboratorio ensayos de calidad,Sin Frente,Alternativa diseño de mezcla lodo de bentonitico para pantalla corta flujo aguas abajo de la presa,Si,CYS-CW276532-PHI-02812,No,4/febrero/2026,INT-OC-CYS-276/26
02a1f645,30/01/2026,CYS,Contrato CW 276532,Supervisión técnica,Sin Frente,Envío actas de entrega de bienes Nos. 59-049-59-050-59-051.,No,,Si,30/enero/2026,INT-OC-CYS-229/26
a8c8b576,30/01/2026,CYS,Contrato CW 276532,Supervisión técnica,Presa y obras anexas,Procedimiento inyección de contacto consolidación e impermeabilización pantalla cortaflujo y abanico cierre estribo derecho.,Si,CYS-CW276532-PHI-02813,No,,
c9e053de,30/01/2026,CYS,Contrato CW 276532,Supervisión técnica,Sin Frente,Excavaciones subterráneas. Entrega informes diarios,Si,CYS-CW276532-PHI-02814,No,6/marzo/2026,INT-OC-CYS-483/26
82d35dbc,30/01/2026,CYS,Contrato CW 276532,Supervisión de seguridad y salud en el trabajo,Sin Frente,Remisión ayuda de memoria No.29 - Acuerdos para el cierre de incumplimientos críticos en la gestión SST,No,,Si,3/febrero/2026,INT-OC-CYS-268/26
e5aacfcc,30/01/2026,CYS,Contrato CW 276532,Supervisión técnica,Conducciones zona sur,Procedimiento de rehabilitación ramales de conexión e los codos superiores y pozos de presión unidades 5 y 6.,Si,CYS-CW276532-PHI-02815,No,30/marzo/2026,INT-OC-CYS-739/26
bb8d080d,30/01/2026,CYS,Contrato CW 276532,Supervisión técnica,Presa y obras anexas,Pantalla corta flujo recomendación de documentación para procedimientos de excavación y concreto plástico,SI,CYS-CW276532-PHI-02816,No,,
632bd010,30/01/2026,CYS,Contrato CW 276532,Supervisión técnica,Casa de máquinas y obras anexas,Tensores pendientes por ejecución hastial aguas arriba,Si,NC-029-26,Si,31/enero/2026,INT-OC-CYS-235/26
83451c39,30/01/2026,CYS,Contrato CW 276532,Supervisión técnica,Sin Frente,Adecuación cabezote obra de drenaje sitio 10,Si,NC-030-26,Si,1/febrero/2026,INT-OC-CYS-238/26
bbae69a9,31/01/2026,CYS,Contrato CW 276532,Supervisión técnica,Sin Frente,Aspiración 5 concreto masivo tramo 0 Etapa 1 Camada 1,Si,CYS-CW276532-PHI-02817,No,16/marzo/2026,INT-OC-CYS-614/26
e1393633,31/01/2026,CYS,Contrato CW 276532,Supervisión técnica,Casa de máquinas y obras anexas,Sala de montaje pórtico de apoyo del puente grúa aguas abajo plano para construcción de dados de anclaje en la columna eje 21,Si,D-PHI-COP-0059-2026,No,2/febrero/2026,INT-OC-CYS-243/26
65ba8b86,01/02/2026,CYS,Contrato CW 276532,Supervisión de costos,Sin Frente,Actas mensual de obra N° 21 de noviembre de 2025 AMB 3-16 AMB 5-11 AMB 8-05 AMB 9-04 Noviembre de 2025,Si,CYS-CW276532-PHI-02651,No,6/febrero/2026,INT-OC-CYS-285/26
4444cf4d,02/02/2026,CYS,Contrato CW 276532,Supervisión técnica,Casa de máquinas y obras anexas,Pórtico de apoyo del puente grúa. Acero de refuerzo insuficiente en viga carrilera aguas abajo entre ejes 21-22 y 22-23,Si,D-PHI-COP-0060-2026,Si,2/febrero/2026,INT-OC-CYS-262/26
4e47f9f4,02/02/2026,CYS,Contrato CW 276532,Supervisión técnica,Casa de máquinas y obras anexas,"Culata sur fundaciones del muro del ascensor corte y acondicionamiento de barras existentes, empalme de barras nuevas para inicio del muro.",Si,D-PHI-COP-0062-2026,Si,3/febrero/2026,INT-OC-CYS-271/26
52f5d399,02/02/2026,CYS,Contrato CW 276532,Supervisión técnica,Sin Frente,Entrega acta de comité de obra No.101,No,,Si,3/febrero/2026,INT-OC-CYS-263/26
97c50646,02/02/2026,CYS,Contrato CW 276532,Supervisión de seguridad y salud en el trabajo,Sin Frente,Hallazgos sin atención Inspección Conjunta 87,No,,Si,4/febrero/2026,INT-OC-CYS-273/26
13528be3,02/02/2026,CYS,Contrato CW 276532,Supervisión técnica,Sin Frente,Formalización compromisos recorrido de obra – 24 de enero de 2026.,No,,Si,3/febrero/2026,INT-OC-CYS-270/26
8eccdd66,02/02/2026,CYS,Contrato CW 276532,Supervisión de control de laboratorio ensayos de calidad,Sin Frente,Diseños de mezclas para concretos estructurales – Agregados Ticuitá.,Si,CYS-CW276532-PHI-02818,No,9/febrero/2026,INT-OC-CYS-306/26
dcd532f7,02/02/2026,CYS,Contrato CW 276532,Supervisión técnica,Casa de máquinas y obras anexas,Galería de barras No.6 – Planos y cartilla de refuerzo,Si,CYS-CW276532-PHI-02819,No,6/marzo/2026,INT-OC-CYS-487/26
cdc36cad,03/02/2026,CYS,Contrato CW 276532,Supervisión de seguridad física,Sin Frente,Reporte novedad Portería Muro Presa.,No,,Si,4/febrero/2026,INT-OC-CYS-274/26
a207e25e,03/02/2026,CYS,Contrato CW 276532,Supervisión técnica,Estabilidad helipuerto villa luz,Resultados de la visita de campo al sector entre la plazoleta de virolas y el helipuerto Villa Luz,Si,D-PHI-COP-0068-2026,No,,
63d0f5ac,03/02/2026,CYS,Contrato CW 276532,Supervisión técnica,Conducciones zona sur,Oficialización instructivo de campo IC-029-2026.,Si,NC-032-26,No,7/febrero/2026,INT-OC-CYS-293/26
025cbe53,03/02/2026,CYS,Contrato CW 276532,Supervisión técnica,Almenaras y obras anexas,Viga de asiento superior de la compuerta zona limítrofe con tramo 4 -Túneles de Aspiración N°5 a N°8,Si,NC-033-26,No,7/febrero/2026,INT-OC-CYS-294/26
1e813e0e,03/02/2026,CYS,Contrato CW 276532,Supervisión socioambiental,Requerimientos de EPM o entidades externas,Requerimiento EPM posible caso IRAG,No,,Si,3/febrero/2026,INT-OC-CYS-272/26
55261099,03/02/2026,CYS,Contrato CW 276532,Supervisión técnica,Sin Frente,Remisión de programa de instalación de instrumentación geotécnica,Si,D-PHI-COP-0070-2026,No,,
35810491,04/02/2026,CYS,Contrato CW 276532,Supervisión de seguridad y salud en el trabajo,Sin Frente,Estado equipos de construcción – Disponibilidad de equipos.,Si,CYS-CW276532-PHI-02821,No,,
4d6c753a,04/02/2026,CYS,Contrato CW 276532,Supervisión de control de laboratorio ensayos de calidad,Sin Frente,Certificados de materiales del 01 de enero al 31 de enero de 2026,Si,CYS-CW276532-PHI-02820,No,9/febrero/2026,INT-OC-CYS-305/26
626b5452,04/02/2026,CYS,Contrato CW 276532,Supervisión técnica,Casa de máquinas y obras anexas,Detalles foso para bombeo del foso del ascensor en el Edificio de Servicio Sur,Si,NC-035-26,Si,7/febrero/2026,INT-OC-CYS-295/26
c9dd6d18,04/02/2026,CYS,Contrato CW 276532,Supervisión contractual,Sin Frente,Entrega del Programa de trabajo- AMB11,No,,No,5/febrero/2026,INT-OC-CYS-277/26
bc075c07,04/02/2026,CYS,Contrato CW 276532,Supervisión técnica,Conducciones zona sur,Excavación Codo Superior y Pozo de Presión No.6- Estado de Avance Excavación,No,,Si,7/febrero/2026,INT-OC-CYS-291/26
08a0e2b1,04/02/2026,CYS,Contrato CW 276532,Supervisión técnica,Casa de máquinas y obras anexas,Mezzanine sala de montajes – Planos y memoria de cálculo.,Si,CYS-CW276532-PHI-02824,No,,
286bc199,04/02/2026,CYS,Contrato CW 276532,Supervisión socioambiental,Sin Frente,"Novedades acopio de biomasa, km 2+030 - vía industrial a Romerito",No,,Si,7/febrero/2026,INT-OC-CYS-290/26
2aa8310b,04/02/2026,CYS,Contrato CW 276532,Supervisión técnica,Casa de máquinas y obras anexas,"Culata Sur - Fundaciones del muro del ascensor, planos para corte y acondicionamiento de barras existentes, empalme de barras nuevas para inicio del muro",Si,D-PHI-COP-0071-2026,No,7/febrero/2026,INT-OC-CYS-296/26
bf4e9038,04/02/2026,CYS,Contrato CW 276532,Supervisión de seguridad y salud en el trabajo,Casa de máquinas y obras anexas,Hallazgos sin atención Inspección Conjunta 88.,No,,Si,5/febrero/2026,INT-OC-CYS-283/26
9479c825,04/02/2026,CYS,Contrato CW 276532,Supervisión de control de laboratorio ensayos de calidad,Túneles de aspiración,Aspirador 5 – Concreto masivo tramo 0 – Etapa 1 Camada 2 – Control de temperatura.,Si,CYS-CW276532-PHI-02822,No,,
a0609702,05/02/2026,CYS,Contrato CW 276532,Supervisión de costos,Sin Frente,Orden de ejecución actividades de obra extra,No,,Si,5/febrero/2026,INT-OC-CYS-280/26
b09ca691,05/02/2026,CYS,Contrato CW 276532,Supervisión técnica,Obras en las descargas,Túnel de descarga 4 - Aguas arriba del muro curvo - Manejo de aguas de infiltración,Si,CYS-CW276532-PHI-02823,No,8/marzo/2026,INT-OC-CYS-517/26
a812a146,05/02/2026,CYS,Contrato CW 276532,Supervisión técnica,Casa de máquinas y obras anexas,Puentes grúa – Afectación blindobarra.,Si,CYS-CW276532-PHI-02825,No,20/febrero/2026,INT-OC-CYS-386/26
3337cb16,05/02/2026,CYS,Contrato CW 276532,Supervisión técnica,Sin Frente,Servicios iluminación y mallas a tierra de la central – Tomas de puesta a tierra para las obras eléctricas,Si,CYS-CW276532-PHI-02826,No,19/febrero/2026,INT-OC-CYS-379/26
f3a2abb0,05/02/2026,CYS,Contrato CW 276532,Supervisión socioambiental,Sin Frente,Información de PQRS No. 22 recibida mediante correo electrónico.,Si,CYS-CW276532-PHI-02827,No,7/febrero/2026,INT-OC-CYS-289/26
572b048b,05/02/2026,CYS,Contrato CW 276532,Supervisión de seguridad y salud en el trabajo,Casa de máquinas y obras anexas,Hallazgos pendiente por cerrar inspección conjunta No. 84,Si,CYS-CW276532-PHI-02828,No,19/febrero/2026,INT-OC-CYS-375/26
dd00e6b4,05/02/2026,CYS,Contrato CW 276532,Supervisión de control de laboratorio ensayos de calidad,Sin Frente,Plan de calibración plantas de concreto de respaldo y alcance,Si,CYS-CW276532-PHI-02829,No,10/febrero/2026,INT-OC-CYS-311/26
eb456d4a,05/02/2026,CYS,Contrato CW 276532,Supervisión técnica,Casa de máquinas y obras anexas,Documentacion sistema ventilación equipos,Si,CYS-CW276532-PHI-02830,No,11/febrero/2026,INT-OC-CYS-323/26
00fdc95b,05/02/2026,CYS,Contrato CW 276532,Supervisión técnica,Almenaras y obras anexas,Túneles de aspiración 5 a 8 - Tramo 1 - Inyecciones de contacto concreto-lámina.,No,,Si,6/febrero/2026,INT-OC-CYS-287/26
d058151c,06/02/2026,CYS,Contrato CW 276532,Supervisión socioambiental,Instalaciones provisionales obras finales,Registro Único Ambiental – RUA conforme a la Resolución 839 de 2023.,No,,No,7/febrero/2026,INT-OC-CYS-288/26
10ce3909,06/02/2026,CYS,Contrato CW 276532,Supervisión técnica,Túneles de aspiración,Inyecciones de contacto lámina-concreto en el tramo,Si,NC-036-26,No,,
25d8ac9f,06/02/2026,CYS,Contrato CW 276532,Supervisión técnica,Casa de máquinas y obras anexas,"Ajuste de acero de refuerzo en la losa El. 199,00, costado aguas abajo de la Unidad 5 por desviación detectada en el proceso constructivo.",Si,D-PHI-COP-0073-2026,Si,9/marzo/2026,INT-OC-CYS-525/26
e5818f40,06/02/2026,CYS,Contrato CW 276532,Supervisión técnica,Casa de máquinas y obras anexas,Pórtico de apoyo del puente grúa Acero de refuerzo insuficiente en viga carrilera aguas abajo entre ejes 21-22 y 22-23,Si,CYS-CW276532-PHI-02837,No,,
9ca84398,06/02/2026,CYS,Contrato CW 276532,Supervisión técnica,Casa de máquinas y obras anexas,Pórticos de puente grúa tipo A y tipo B – Planos y cartilla de refuerzo – Revisión 3.,Si,CYS-CW276532-PHI-02831,No,31/marzo/2026,INT-OC-CYS-741/26
bd5451b4,06/02/2026,CYS,Contrato CW 276532,Supervisión de seguridad y salud en el trabajo,Sin Frente,Desviaciones subestándar de maquinaria y equipos,Si,CYS-CW276532-PHI-02832,No,19/febrero/2026,INT-OC-CYS-380/26
20f23282,06/02/2026,CYS,Contrato CW 276532,Supervisión de seguridad y salud en el trabajo,Sin Frente,Reporte condiciones subestándar de maquinaria y equipos,Si,CYS-CW276532-PHI-02833,No,12/febrero/2026,INT-OC-CYS-327/26
08e35fec,06/02/2026,CYS,Contrato CW 276532,Supervisión técnica,Sin Frente,Retiro material margen izquierda – clasificación de material.,Si,CYS-CW276532-PHI-02834,No,11/febrero/2026,INT-OC-CYS-322/26
bd08c1fe,06/02/2026,CYS,Contrato CW 276532,Supervisión de seguridad física,Sin Frente,Informe de actividades de seguridad física enero de 2026.,Si,CYS-CW276532-PHI-02835,No,12/febrero/2026,INT-OC-CYS-337/26
c9581aeb,06/02/2026,CYS,Contrato CW 276532,Supervisión técnica,Sin Frente,Registros de afectación operativa – Inactividad de personal y maquinaria.,Si,CYS-CW276532-PHI-02836,No,15/marzo/2026,INT-OC-CYS-593/26
b98a3f1f,07/02/2026,CYS,Contrato CW 276532,Supervisión técnica,Casa de máquinas y obras anexas,Mezzanine sala de montajes – Planos y memoria de cálculo.,Si,CYS-CW276532-PHI-02824,No,7/febrero/2026,INT-OC-CYS-292/26
7d96e6a9,07/02/2026,CYS,Contrato CW 276532,Supervisión técnica,Casa de máquinas y obras anexas,Pórtico de apoyo del puente grúa. Acero de refuerzo faltante por instalar en viga carrilera aguas abajo entre ejes 21-22 y 22-23. Fe de erratas nuestra comunicación D-PHI-COP-0060-2026.,Si,D-PHI-COP-0074-2026,Si,11/febrero/2026,INT-OC-CYS-321/26
663cadb9,07/02/2026,CYS,Contrato CW 276532,Supervisión técnica,Casa de máquinas y obras anexas,"Proceder con respecto a la situación posicional de la celda de carga presente en cabezal del tensor existente N.° T-2 con respecto a la construcción de la columna en ejes 26 y A, en la zona sur de la casa de máquinas.",Si,NC-034-26,Si,10/febrero/2026,INT-OC-CYS-314/26
87d8bd19,07/02/2026,CYS,Contrato CW 276532,Supervisión técnica,Presa y obras anexas,Perfil margen izquierda medidor de infiltraciones,Si,NC-038-26,No,,
82eb76b1,07/02/2026,CYS,Contrato CW 276532,Supervisión de seguridad y salud en el trabajo,Sin Frente,Formalización compromisos del seguimiento semanal SST/HS en obra - 06 febrero de 2026,No,,Si,8/febrero/2026,INT-OC-CYS-298/26
41c0b1a1,07/02/2026,CYS,Contrato CW 276532,Supervisión técnica,Sin Frente,Remisión actas de instalación de instrumentación geotécnica.,Si,CYS-CW276532-PHI-02838,No,,
84be2d72,07/02/2026,CYS,Contrato CW 276532,Supervisión de control de laboratorio ensayos de calidad,Sin Frente,"Registros cargue, plantas de concreto",Si,CYS-CW276532-PHI-02839,No,,
de142416,07/02/2026,CYS,Contrato CW 276532,Supervisión de costos,Sin Frente,Orden de ejecución actividades de obra extra – Provisión de obras adicionales y extra previstas en el AMB 9.,Si,CYS-CW276532-PHI-02840,No,10/febrero/2026,INT-OC-CYS-312/26
3eead085,07/02/2026,CYS,Contrato CW 276532,Supervisión de seguridad y salud en el trabajo,Sin Frente,Solicitud investigación accidente laboral de John Darío Ospina C.C. 70.632.354,Si,CYS-CW276532-PHI-02841,No,19/febrero/2026,INT-OC-CYS-383/26
32025db3,07/02/2026,CYS,Contrato CW 276532,Supervisión de seguridad y salud en el trabajo,Sin Frente,Solicitud investigación accidente laboral de Rodolfo Ruiz C.C. 7428178,Si,CYS-CW276532-PHI-02842,No,21/febrero/2026,INT-OC-CYS-388/26
716f2636,07/02/2026,CYS,Contrato CW 276532,Supervisión de seguridad y salud en el trabajo,Sin Frente,Solicitud investigación accidente laboral Iván Alejandro Lozano Diaz CC.78.024.590.,Si,CYS-CW276532-PHI-02843,No,21/febrero/2026,INT-OC-CYS-398/26
6574ea1c,07/02/2026,CYS,Contrato CW 276532,Supervisión técnica,Conducciones zona sur,Pozo de presión N° 6 - Dificultades en la aplicación de concreto lanzado.,No,,No,11/febrero/2026,INT-OC-CYS-325/26
ead44a14,07/02/2026,CYS,Contrato CW 276532,Supervisión técnica,Descarga intermedia,Consideraciones para demolición del canal de la Descarga Intermedia,No,,Si,8/febrero/2026,INT-OC-CYS-299/26
d1a18fd7,08/02/2026,CYS,Contrato CW 276532,Supervisión técnica,Descarga intermedia,"Canal aguas abajo de compuertas - Pernos en revestimiento de bóveda entre abscisas 493,69 a 513,79 - Algunas consideraciones para las demoliciones del canal de la Descarga Intermedia.",Si,D-PHI-COP-0077-2026,No,,
d0d604bb,08/02/2026,CYS,Contrato CW 276532,Supervisión técnica,Conducciones zona sur,Parámetros de inyección - Cortina de impermeabilización conducciones superiores,Si,NC-039-26,Si,10/febrero/2026,INT-OC-CYS-317/26
5fab7412,08/02/2026,CYS,Contrato CW 276532,Supervisión técnica,Conducciones zona sur,"Perforaciones de 51 mm de diámetro para inyecciones de impermeabilización, longitudes de 9,50m, 12m y 15m. Complemento plano para construcción DC-PHI-051-CND-TC-C-010",Si,NC-037-26,Si,10/febrero/2026,INT-OC-CYS-313/26
81a389cb,08/02/2026,CYS,Contrato CW 276532,Supervisión de costos,Casa de máquinas y obras anexas,Provisión de obras adicionales y extras previstas en el AMB 9.,Si,CYS-CW276532-PHI-02844,No,12/febrero/2026,INT-OC-CYS-332/26
503af2c1,08/02/2026,CYS,Contrato CW 276532,Supervisión de costos,Conducciones zona sur,Inyecciones de contacto chapa concreto – Provisión de obras adicionales y extras previstas en el AMB 9.,Si,CYS-CW276532-PHI-02845,No,,
461a553b,08/02/2026,CYS,Contrato CW 276532,Supervisión técnica,Túneles de aspiración,Anclajes para tensores de tubo aspirador Provisión de obras adicionales y extras previstas en el AMB 9,Si,CYS-CW276532-PHI-02847,No,,
c8a77e81,08/02/2026,CYS,Contrato CW 276532,Supervisión de costos,Casa de máquinas y obras anexas,Solicitud de formalización de obra extra – Casa de máquinas y Almenara 2 – Protección de elementos metálicos del cabezal de los tensores.,Si,CYS-CW276532-PHI-02848,No,,
879e0cab,08/02/2026,CYS,Contrato CW 276532,Supervisión de seguridad y salud en el trabajo,Casa de máquinas y obras anexas,Solicitud investigación accidente laboral Luis Miguel Álvarez García,No,,Si,9/febrero/2026,INT-OC-CYS-300/26
815812b5,08/02/2026,CYS,Contrato CW 276532,Supervisión de seguridad y salud en el trabajo,Casa de máquinas y obras anexas,Solicitud investigación accidente laboral Juan Guillermo Piedrahita Sabala,No,,Si,9/febrero/2026,INT-OC-CYS-301/26
08fcb588,08/02/2026,CYS,Contrato CW 276532,Supervisión técnica,Sin Frente,Formalización compromisos recorrido de obra – 31 de enero de 2026.,No,,Si,9/febrero/2026,INT-OC-CYS-303/26
8d09d963,08/02/2026,CYS,Contrato CW 276532,Supervisión técnica,Conducciones zona sur,Pozos de presión - Inspección geológica del avance en la excavación.,No,,No,9/febrero/2026,INT-OC-CYS-307/26
1ddd00f4,09/02/2026,CYS,Contrato CW 276532,Supervisión técnica,Casa de máquinas y obras anexas,"Detalle del refuerzo en concreto masivo de tubo de aspiración con respecto a tubería de 14""",No,,Si,9/febrero/2026,INT-OC-CYS-302/26
55ee3545,09/02/2026,CYS,Contrato CW 276532,Supervisión de seguridad y salud en el trabajo,Sin Frente,Solicitud investigación accidente laboral Victor Sogamoso,No,,No,,
dbca3692,09/02/2026,CYS,Contrato CW 276532,Supervisión técnica,Casa de máquinas y obras anexas,Detalle de acero de rufuerzo en concreto masivo de tubo de aspiración por interferencia con tuberia de 14,Si,NC-041-26,Si,,
06d7102e,09/02/2026,CYS,Contrato CW 276532,Supervisión contractual,Sin Frente,Programa de trabajo -AMB11,No,,No,10/febrero/2026,INT-OC-CYS-309/26
7d08df30,09/02/2026,CYS,Contrato CW 276532,Supervisión técnica,Puentes grúa,300 t. - Envío de Acta de Verificación de Equipos Electromecánicos y Entrega para Montaje No. 18-59-004.,No,,Si,12/febrero/2026,INT-OC-CYS-333/26
3e3de566,09/02/2026,CYS,Contrato CW 276532,Supervisión técnica,Sin Frente,Entrega acta de comité de obra No.102,No,,Si,10/febrero/2026,INT-OC-CYS-310/26
0d631ca5,09/02/2026,CYS,Contrato CW 276532,Supervisión técnica,Conducciones zona sur,Pozo de Humos Superior – Entrega procedimiento acceso – Demolición y desabombe,Si,CYS-CW276532-PHI-02846,No,23/marzo/2026,INT-OC-CYS-670/26
a6eef23d,09/02/2026,CYS,Contrato CW 276532,Supervisión técnica,Casa de máquinas y obras anexas,Mezanine sala de montajes – Actualización planos y memoria de cálculo,Si,CYS-CW276532-PHI-02849,No,20/marzo/2026,INT-OC-CYS-650/26
0ed7a248,09/02/2026,CYS,Contrato CW 276532,Supervisión de seguridad y salud en el trabajo,Sin Frente,Concepto de salud y saneamiento básico por parte de la ARL para uso de Comedor descarga 3,Si,CYS-CW276532-PHI-02850,No,18/febrero/2026,INT-OC-CYS-362/26
91f3c72b,09/02/2026,CYS,Contrato CW 276532,Supervisión técnica,Estabilidad helipuerto villa luz,Reiteración de medidas de aplicación inmediata y atención a Comunicación INT-OC-EPM-121/26 de la Interventoría.,Si,D-PHI-COP-0078-2026,No,21/marzo/2026,INT-OC-CYS-657/26
4f1b0627,10/02/2026,CYS,Contrato CW 276532,Supervisión socioambiental,Instalaciones provisionales obras finales,Carpado de volquetas.,No,,No,12/febrero/2026,INT-OC-CYS-330/26
43398fe5,10/02/2026,CYS,Contrato CW 276532,Supervisión técnica,Casa de máquinas y obras anexas,Inyecciones de aglutinamiento galería de acceso superior a la caverna de Almenara 2.,Si,D-PHI-COP-0083-2026,No,,
a3e7b771,10/02/2026,CYS,Contrato CW 276532,Supervisión de control de laboratorio ensayos de calidad,Sin Frente,"Registros cargue, plantas de concreto",Si,CYS-CW276532-PHI-02852,No,,
5aab144e,10/02/2026,CYS,Contrato CW 276532,Supervisión socioambiental,Sin Frente,Informe mensual socioambiental correspondiente al mes de enero de 2026.,Si,CYS-CW276532-PHI-02853,No,18/febrero/2026,INT-OC-CYS-365/26
1ca2fb7d,10/02/2026,CYS,Contrato CW 276532,Supervisión técnica,Casa de máquinas y obras anexas,Mezzanine sala de montajes Planos y memoria de cálculo,Si,CYS-CW276532-PHI-02855,No,,
d6752e97,10/02/2026,CYS,Contrato CW 276532,Supervisión técnica,Casa de máquinas y obras anexas,Losa EL. 217.45 - Planos de Taller encofrados y andamio de carga.,Si,CYS-CW276532-PHI-02854,No,,
2bea86a4,10/02/2026,CYS,Contrato CW 276532,Supervisión técnica,Casa de máquinas y obras anexas,Losa 193 - Planos y cartillas de refuerzo con perforación para paso de mastro bomba,Si,CYS-CW276532-PHI-02856,No,27/marzo/2026,INT-OC-CYS-706/26
502168cd,11/02/2026,CYS,Contrato CW 276532,Supervisión de costos,Casa de máquinas y obras anexas,Orden de ejecución actividades de obra extra,No,,Si,12/febrero/2026,INT-OC-CYS-331/26
e12b4d21,11/02/2026,CYS,Contrato CW 276532,Supervisión técnica,Sin Frente,Programa de trabajo - AMB11.,Si,CYS-CW276532-PHI-02863,No,,
0411138b,11/02/2026,CYS,Contrato CW 276532,Supervisión contractual,Sin Frente,Programa de trabajo - AMB11,Si,CYS-CW276532-PHI-02868,Si,12/febrero/2026,INT-OC-CYS-334/26
6c75671b,11/02/2026,CYS,Contrato CW 276532,Supervisión técnica,Sin Frente,Proyección de ingreso del plan de recursos para el cumplimiento del programa plan CIA.,Si,CYS-CW276532-PHI-02863,No,,
44791c69,11/02/2026,CYS,Contrato CW 276532,Supervisión técnica,Casa de máquinas y obras anexas,Corte de acero de refuerzo en concreto masivo de tubo de aspiración y modificación de junta de construcción para facilitar la instalación de virola bridada.,Si,NC-042-26,Si,24/febrero/2026,INT-OC-CYS-418/26
3a111acb,11/02/2026,CYS,Contrato CW 276532,Supervisión técnica,Túneles de aspiración,Secuencia constructiva – Concreto Masivo Aspirador 6.,Si,CYS-CW276532-PHI-02869,No,12/marzo/2026,INT-OC-CYS-557/26
a036e588,11/02/2026,CYS,Contrato CW 276532,Supervisión de seguridad y salud en el trabajo,Almenaras y obras anexas,Solicitud investigación accidente laboral Luis Hernando Monsalve Uribe.,Si,CYS-CW276532-PHI-02857,No,21/febrero/2026,INT-OC-CYS-397/26
1c0756d9,11/02/2026,CYS,Contrato CW 276532,Supervisión de seguridad y salud en el trabajo,Sin Frente,Investigación accidente - Juan Diego Vera Chavarría.,Si,CYS-CW276532-PHI-02858,No,21/febrero/2026,INT-OC-CYS-395/26
0a998b24,11/02/2026,CYS,Contrato CW 276532,Supervisión de seguridad y salud en el trabajo,Sin Frente,Metodología de Investigación AT y solicitud de documentación soporte.,Si,CYS-CW276532-PHI-02859,No,22/febrero/2026,INT-OC-CYS-401/26
73dde7b4,11/02/2026,CYS,Contrato CW 276532,Supervisión de control de laboratorio ensayos de calidad,Sin Frente,Alternativa diseño de mezcla lodo de bentonitico para pantalla corta flujo aguas abajo de la presa,Si,CYS-CW276532-PHI-02860,Si,15/febrero/2026,INT-OC-CYS-344/26
6d0e800b,11/02/2026,CYS,Contrato CW 276532,Supervisión técnica,Sin Frente,Informe técnico mensual enero de 2026.,Si,CYS-CW276532-PHI-02861,No,14/febrero/2026,INT-OC-CYS-343/26
4413b637,11/02/2026,CYS,Contrato CW 276532,Supervisión de seguridad y salud en el trabajo,Sin Frente,Solicitud investigación accidente laboral Uber Arley Castrillón George CC. 1.037.776.050,Si,CYS-CW276532-PHI-02862,No,21/febrero/2026,INT-OC-CYS-396/26
06d09a96,12/02/2026,CYS,Contrato CW 276532,Supervisión socioambiental,Sin Frente,Derecho de petición Ruben Dario Giraldo,No,,Si,12/febrero/2026,INT-OC-CYS-335/26
9f182a92,12/02/2026,CYS,Contrato CW 276532,Supervisión contractual,Sin Frente,Envío de ayuda de memoria de la mesa de trabajo de programación No. 039.,No,,Si,13/febrero/2026,INT-OC-CYS-338/26
266259ac,12/02/2026,CYS,Contrato CW 276532,Supervisión socioambiental,Sin Frente,Entrega del acta de comité socioambiental No. 49.,No,,Si,13/febrero/2026,INT-OC-CYS-340/26
182b74d2,12/02/2026,CYS,Contrato CW 276532,Supervisión técnica,Conducciones zona sur,Oficialización instructivos del codo superior de la conducción 5 condición superior 8  y túnel de descarga 4,Si,D-PHI-COP-0085-2026,Si,18/febrero/2026,INT-OC-CYS-361/26
34813c45,12/02/2026,CYS,Contrato CW 276532,Supervisión de control de laboratorio ensayos de calidad,Sin Frente,"Registro cargue, plantas de concreto septiembre de 2025",Si,CYS-CW276532-PHI-02864,No,16/febrero/2026,INT-OC-CYS-352/26
d926b234,12/02/2026,CYS,Contrato CW 276532,Supervisión técnica,Sin Frente,Registro de excavaciones subterránea,Si,CYS-CW276532-PHI-02865,No,16/marzo/2026,INT-OC-CYS-599/26
37f84123,12/02/2026,CYS,Contrato CW 276532,Supervisión de seguridad y salud en el trabajo,Sin Frente,Remisión ayuda de memoria N° 32 Acuerdos para el cierre de incumplimiento críticos en la gestión SST,Si,CYS-CW276532-PHI-02866,No,22/febrero/2026,INT-OC-CYS-403/26
adde06ce,13/02/2026,CYS,Contrato CW 276532,Supervisión socioambiental,Sin Frente,Atención reporte de colisión de camión grúa de placa TAR 198 con la talanquera ubicada en el puesto de control de acceso zona industrial.,No,,Si,14/febrero/2026,INT-OC-CYS-341/26
979dcd71,13/02/2026,CYS,Contrato CW 276532,Supervisión contractual,Sin Frente,Seguimiento al programa de trabajo - AMB 11- Con corte al 9 de febrero de 2026.,No,,No,16/febrero/2026,INT-OC-CYS-353/26
26970c00,13/02/2026,CYS,Contrato CW 276532,Supervisión técnica,Presa y obras anexas,Pantalla Cortaflujo - Falta de operador equipo tipo almeja,No,,No,15/marzo/2026,INT-OC-CYS-585/26
72af87f9,13/02/2026,CYS,Contrato CW 276532,Supervisión de seguridad y salud en el trabajo,Sin Frente,Solicitud investigación accidente laboral de Alejandro Alberto Romero Miranda CC. 11.062.772,Si,CYS-CW276532-PHI-02867,No,23/febrero/2026,INT-OC-CYS-409/26
3f93a365,13/02/2026,CYS,Contrato CW 276532,Supervisión técnica,Conducciones zona sur,Premisas para la definición del tratamiento primero y secundario del sostenimiento para la rehabilitación de los codos de las conducciones superiores y los pozos de presión,Si,CYS-CW276532-PHI-02870,No,,
21cd7a6e,13/02/2026,CYS,Contrato CW 276532,Supervisión técnica,Sin Frente,Plano diagrama unifilar del circuito 317-11,Si,CYS-CW276532-PHI-02871,No,19/febrero/2026,INT-OC-CYS-378/26
9dad08c6,13/02/2026,CYS,Contrato CW 276532,Supervisión de seguridad y salud en el trabajo,Sin Frente,Informe de gestión mensual SST enero 2026,Si,CYS-CW276532-PHI-02872,No,6/marzo/2026,INT-OC-CYS-484/26
e800a4ae,13/02/2026,CYS,Contrato CW 276532,Supervisión de seguridad y salud en el trabajo,Sin Frente,Información posible caso IRAG Investigación accidente laboral Jhon Jair Posada,Si,CYS-CW276532-PHI-02876,No,16/febrero/2026,INT-OC-CYS-351/26
d6ecb7d7,13/02/2026,CYS,Contrato CW 276532,Supervisión técnica,Conducciones zona sur,"Oficialización instructivos de campo IC-026-2026, IC-027-2026, IC-028-2026, IC-030-2026, IC-031-2026, asociados a las actividades de rehabilitación de las obras subterráneas",Si,D-PHI-COP-0088-2026,Si,18/febrero/2026,INT-OC-CYS-368/26
1ea2a40f,13/02/2026,CYS,Contrato CW 276532,Supervisión técnica,Galería auxiliar de desviación (GAD),Informe de generalidades e intervenciones para el control de filtraciones,Si,D-PHI-COP-0091-2026,No,24/febrero/2026,INT-OC-CYS-417/26
e1e38230,13/02/2026,CYS,Contrato CW 276532,Supervisión técnica,Conducciones zona sur,Codo superior y pozo de presión N° 6.,Si,D-PHI-COP-0092-2026,Si,8/marzo/2026,INT-OC-CYS-515/26
fd18b7fa,14/02/2026,CYS,Contrato CW 276532,Supervisión técnica,Presa y obras anexas,Pantalla plástica certificados de calibración de caudalímetro,Si,CYS-CW276532-PHI-02873,No,24/febrero/2026,INT-OC-CYS-424/26
4ec64f75,14/02/2026,CYS,Contrato CW 276532,Supervisión socioambiental,Sin Frente,"Novedades acopio biomasa, Km 2+030 vía industrial a Romerito",Si,CYS-CW276532-PHI-02874,No,19/febrero/2026,INT-OC-CYS-381/26
d1e71664,14/02/2026,CYS,Contrato CW 276532,Supervisión técnica,Sin Frente,Deficiencias de tracción en vía de acceso Descarga 3,Si,CYS-CW276532-PHI-02875,No,,
fa134365,14/02/2026,CYS,Contrato CW 276532,Supervisión socioambiental,Sin Frente,Seguimiento personal extranjero,Si,CYS-CW276532-PHI-02877,No,19/febrero/2026,INT-OC-CYS-372/26
79fa7d59,14/02/2026,CYS,Contrato CW 276532,Supervisión técnica,Presa y obras anexas,Pantalla Cortaflujo informe del Asesor experto,Si,CYS-CW276532-PHI-02878,No,,
6fa02dab,14/02/2026,CYS,Contrato CW 276532,Supervisión técnica,Conducciones zona sur,Actualización de los planos para la rehabilitación de los codos superiores N°5 a N°8,Si,D-PHI-COP-0093-2026,Si,15/febrero/2026,INT-OC-CYS-349/26
3b4118b9,14/02/2026,CYS,Contrato CW 276532,Supervisión técnica,Conducciones zona sur,Actualización de los planos para la rehabilitación de los codos inferiores N°5 a  N°8,Si,D-PHI-COP-0094-2026,Si,15/febrero/2026,INT-OC-CYS-348/26
ea42bd94,14/02/2026,CYS,Contrato CW 276532,Supervisión técnica,Conducciones zona sur,Codos superiores Excavación,Si,D-PHI-COP-0095-2026,No,,
0304843d,14/02/2026,CYS,Contrato CW 276532,Supervisión técnica,Casa de máquinas y obras anexas,Procedimiento de vaciado deficiente columna tipo 5 entre unidad 5 y 6,No,,No,1/marzo/2026,INT-OC-CYS-457/26
98113523,14/02/2026,CYS,Contrato CW 276532,Supervisión técnica,Casa de máquinas y obras anexas,"Unidad N° 5 costado norte excavación de tramo de borde losa N. 199,00 m,s,n,m hacia aguas arriba",Si,NC-044-26,Si,16/febrero/2026,INT-OC-CYS-350/26
929c2c8b,14/02/2026,CYS,Contrato CW 276532,Supervisión técnica,Casa de máquinas y obras anexas,Ajuste de la longitud del tramo final de tubería para vaciado de cámara espiral de las unidades N° 5 a N°8,Si,NC-045-26,No,15/febrero/2026,INT-OC-CYS-345/26
9990fa0e,15/02/2026,CYS,Contrato CW 276532,Supervisión de seguridad y salud en el trabajo,Sin Frente,Solicitud investigación accidente laboral de Dietzen Steven Castillo Jaimes CC 1.032.429.442,Si,CYS-CW276532-PHI-02879,No,23/febrero/2026,INT-OC-CYS-408/26
122e564c,15/02/2026,CYS,Contrato CW 276532,Supervisión técnica,Sin Frente,"Procedimientos para trabajos de soldadura en equipos, tubería y soporte. Revisión 2",Si,CYS-CW276532-PHI-02880,No,23/febrero/2026,INT-OC-CYS-407/26
145611a8,15/02/2026,CYS,Contrato CW 276532,Supervisión de seguridad física,Sin Frente,Reporte novedad portería muro presa,Si,CYS-CW276532-PHI-02882,No,18/febrero/2026,INT-OC-CYS-369/26
a8b84fd3,15/02/2026,CYS,Contrato CW 276532,Supervisión técnica,Casa de máquinas y obras anexas,Fisuras concretos coordenadas para la extracción de núcleos entrega de figura para construcción,Si,CYS-CW276532-PHI-02883,No,15/marzo/2026,INT-OC-CYS-592/26
2769ac33,15/02/2026,CYS,Contrato CW 276532,Supervisión de control de laboratorio ensayos de calidad,Sin Frente,Certificados de materiales del 01 de enero al 31 de enero de 2026,Si,CYS-CW276532-PHI-02884,No,25/febrero/2026,INT-OC-CYS-431/26
19998ca5,15/02/2026,CYS,Contrato CW 276532,Supervisión técnica,Sin Frente,Inspección geológica de avance y clasificación pozo de presión 6,Si,CYS-CW276532-PHI-02885,No,8/marzo/2026,INT-OC-CYS-516/26
fa974dac,15/02/2026,CYS,Contrato CW 276532,Supervisión técnica,Conducciones zona sur,Pozos de presión entibados metálicos circulares planos de taller,Si,CYS-CW276532-PHI-02886,No,21/marzo/2026,INT-OC-CYS-655/26
14d916d1,15/02/2026,CYS,Contrato CW 276532,Supervisión técnica,Casa de máquinas y obras anexas,Aclaración para ejecución de inyecciones de consolidación en galería de barras 5 a 8,Si,NC-046-26,Si,7/marzo/2026,INT-OC-CYS-511/26
ce4ebadd,15/02/2026,CYS,Contrato CW 276532,Supervisión de riesgos,Sin Frente,Cumplimiento código de buenas practicas en riesgos para túneles y obras subterráneas segundo semestre 2025,Si,CYS-CW276532-PHI-02881,No,19/febrero/2026,INT-OC-CYS-374/26
4559c9ba,15/02/2026,CYS,Contrato CW 276532,Supervisión técnica,Casa de máquinas y obras anexas,Losa EL 204.10  Planos de taller y cartilla de refuerzo,Si,CYS-CW276532-PHI-02887,No,31/marzo/2026,INT-OC-CYS-742/26
de6c4671,15/02/2026,CYS,Contrato CW 276532,Supervisión técnica,Sin Frente,Procedimiento montaje de pórtico 5   toneladas pozo de humos,Si,CYS-CW276532-PHI-02888,No,22/marzo/2026,INT-OC-CYS-666/26
fadb0e7a,15/02/2026,CYS,Contrato CW 276532,Supervisión técnica,Casa de máquinas y obras anexas,Muro aguas abajo Unidades 5 a 8 Ajuste de acoples Barsplice en zonas de intersección con losa del edificio lateral A,Si,CYS-CW276532-PHI-02889,No,,
b2a81f9c,15/02/2026,CYS,Contrato CW 276532,Supervisión técnica,Sin Frente,Solicitud consolas de lectura de termocuplas y equipos para lectura de instrumentación geotécnica,Si,D-PHI-COP-0096-2026,No,11/marzo/2026,INT-OC-CYS-540/26
cf920ea3,15/02/2026,CYS,Contrato CW 276532,Supervisión técnica,Conducciones zona sur,Anillo de inyección adicional cortina de impermeabilización conducciones superiores,Si,NC-048-26,Si,17/febrero/2026,INT-OC-CYS-357/26
4a4b09aa,15/02/2026,CYS,Contrato CW 276532,Supervisión técnica,Almenaras y obras anexas,Túneles de aspiración Tramo 2 - Acero de refuerzo. Complemento a comunicación INT-OC-CYS-228-26,No,,No,,
db36765e,15/02/2026,CYS,Contrato CW 276532,Supervisión técnica,Sin Frente,Formalización compromisos recorrido de obra – 07 de febrero de 2026.,No,,Si,16/febrero/2026,INT-OC-CYS-354/26
75847113,16/02/2026,CYS,Contrato CW 276532,Supervisión técnica,Casa de máquinas y obras anexas,"Casa de maquinas, galerías de barras y obras anexas. Edificio Culata Sur. A juste de refuerzo e columnas A40, B40, B41, Y B42",Si,D-PHI-COP-0101-2026,No,17/febrero/2026,INT-OC-CYS-359/26
d05429e3,16/02/2026,CYS,Contrato CW 276532,Supervisión técnica,Casa de máquinas y obras anexas,"Entrega de planos para construcción estructurales de la losa EL. 217,45 zona sur de la unidad 8 perteneciente a la serie D/DC-PHI-062-CCM-L5-S-###",Si,D-PHI-COP-0102-2026,No,16/febrero/2026,INT-OC-CYS-356/26
aebd2041,16/02/2026,CYS,Contrato CW 276532,Supervisión técnica,Casa de máquinas y obras anexas,Respuesta a consulta sobre la prueba de estanquidad en los tensores del muro en ¨L¨,Si,NC-049-26,Si,17/febrero/2026,INT-OC-CYS-358/26
555247ed,16/02/2026,CYS,Contrato CW 276532,Supervisión técnica,Túneles de desviación,xxxx,No,,No,,
ab8780b7,16/02/2026,CYS,Contrato CW 276532,Supervisión técnica,Galería auxiliar de desviación (GAD),xxxx,No,,Si,,
f6e0d3c9,17/02/2026,CYS,Contrato CW 276532,Supervisión de seguridad física,Sin Frente,Remisión actas comités de seguridad física 023-024.,No,,Si,18/febrero/2026,INT-OC-CYS-370/26
d75eeb91,17/02/2026,CYS,Contrato CW 276532,Supervisión técnica,Presa y obras anexas,Inyección de pernos talud Margen derecha.,Si,CYS-CW276532-PHI-02892,No,,
3d5c2751,17/02/2026,CYS,Contrato CW 276532,Supervisión de seguridad y salud en el trabajo,Sin Frente,Hallazgos pendiente por cerrar inspección conjunta No.74,Si,CYS-CW276532-PHI-02893,No,25/febrero/2026,INT-OC-CYS-426/26
d131fcf9,17/02/2026,CYS,Contrato CW 276532,Supervisión de seguridad y salud en el trabajo,Almenaras y obras anexas,Hallazgos pendientes por cerrar – Inspección conjunta No.73,Si,CYS-CW276532-PHI-02894,No,25/febrero/2026,INT-OC-CYS-427/26
948de1c6,17/02/2026,CYS,Contrato CW 276532,Supervisión de seguridad y salud en el trabajo,Sin Frente,Condiciones actos subestándar en actividades,No,,No,21/febrero/2026,INT-OC-CYS-399/26
8e96c24b,17/02/2026,CYS,Contrato CW 276532,Supervisión técnica,Galería auxiliar de desviación (GAD),Galería de acceso a la cámara de compuertas de la descarga de fondo de la GAD - Planos del tapón de concreto.,Si,D-PHI-COP-0099-2026,No,22/febrero/2026,INT-OC-CYS-405/26
35e53f86,17/02/2026,CYS,Contrato CW 276532,Supervisión técnica,Descarga intermedia,Sistema de derivación del caudal remanente. Demolición revestimiento tramo aguas abajo de la cámara de compurtas,Si,D-PHI-COP-0103-2026,No,22/febrero/2026,INT-OC-CYS-404/26
e46a1e38,17/02/2026,CYS,Contrato CW 276532,Supervisión técnica,Presa y obras anexas,Instrumentación Geotécnica. Vertedero de aforo Galería 265. Solicitud de cableado para automatización medidor de nivel.,Si,NC-050-26,No,28/febrero/2026,INT-OC-CYS-448/26
25ca415c,18/02/2026,CYS,Contrato CW 276532,Supervisión técnica,Casa de máquinas y obras anexas,Pórtico Tipo C – Planos y cartilla de refuerzo,Si,CYS-CW276532-PHI-02895,No,6/marzo/2026,INT-OC-CYS-485/26
1b2b35e3,18/02/2026,CYS,Contrato CW 276532,Supervisión de seguridad y salud en el trabajo,Sin Frente,Presentación hojas de vida personal,Si,CYS-CW276532-PHI-02896,No,4/marzo/2026,INT-OC-CYS-469/26
6c826df2,18/02/2026,CYS,Contrato CW 276532,Supervisión técnica,Casa de máquinas y obras anexas,Losa EL.204.10 Unidad 6 – Planos y cartillas de refuerzo.,Si,CYS-CW276532-PHI-02897,No,,
8e46468e,18/02/2026,CYS,Contrato CW 276532,Supervisión de seguridad y salud en el trabajo,Sin Frente,Formalización de compromisos del seguimiento semanal SST/HS en Obra - 13 de febrero de 2026,No,,Si,19/febrero/2026,INT-OC-CYS-373/26
b5af7660,18/02/2026,CYS,Contrato CW 276532,Supervisión socioambiental,Sin Frente,Solicitud información EPM – Medición variables ARnD,Si,CYS-CW276532-PHI-02898,No,20/febrero/2026,INT-OC-CYS-387/26
dda05b22,18/02/2026,CYS,Contrato CW 276532,Supervisión socioambiental,Sin Frente,Observaciones Informe de cumplimiento ambiental ICA segundo semestre 2025.,Si,CYS-CW276532-PHI-02899,No,25/febrero/2026,INT-OC-CYS-430/26
aca4c587,18/02/2026,CYS,Contrato CW 276532,Supervisión de seguridad y salud en el trabajo,Sin Frente,Condiciones subestándar equipos bombos de inyección,Si,CYS-CW276532-PHI-02900,No,5/marzo/2026,INT-OC-CYS-475/26
2c78053c,18/02/2026,CYS,Contrato CW 276532,Supervisión técnica,Conducciones zona sur,Pozo de Humos Superior – Entrega procedimiento acceso – Demolición y desabombe,Si,CYS-CW276532-PHI-02901,No,,
2d2ecfbb,18/02/2026,CYS,Contrato CW 276532,Supervisión técnica,Casa de máquinas y obras anexas,Registro de logueo perforaciones.,Si,CYS-CW276532-PHI-02902,No,11/marzo/2026,INT-OC-CYS-539/26
d903dba3,18/02/2026,CYS,Contrato CW 276532,Supervisión de control de laboratorio ensayos de calidad,Presa y obras anexas,"Panel de prueba, pantalla cortaflujo - Resultados muestras inalteradas, trixiales y conductividad hidráulica",Si,D-PHI-COP-0104-2026,No,27/febrero/2026,INT-OC-CYS-440/26
ce387673,18/02/2026,CYS,Contrato CW 276532,Supervisión técnica,Casa de máquinas y obras anexas,"Interferencia entre refuerzos longitudinales de columnas tipo 4 (localizadas hacia aguas arriba en la zona de unidades) y cárcamos en losas de nivel 199,86 m s. n. m.",Si,NC-051-26,Si,21/febrero/2026,INT-OC-CYS-391/26
e0cb3487,18/02/2026,CYS,Contrato CW 276532,Supervisión técnica,Conducciones zona sur,Anillo de inyección adicional para cortina de impermeabilización en Conducción Superior No 7,Si,NC-048-2026,No,19/febrero/2026,INT-OC-CYS-376/26
706937fe,18/02/2026,CYS,Contrato CW 276532,Supervisión de seguridad y salud en el trabajo,Sin Frente,Sistema de acceso.,Si,CYS-CW276532-PHI-02890,No,,
409a87b4,18/02/2026,CYS,Contrato CW 276532,Supervisión de seguridad y salud en el trabajo,Consolidación y conglomeración macizo perturbado zona sur,Sistema de acceso,Si,CYS-CW276532-PHI-02890,No,5/marzo/2026,INT-OC-CYS-478/26
0b5d3a10,18/02/2026,CYS,Contrato CW 276532,Supervisión técnica,Conducciones zona sur,Plataforma de trabajo tipo 2 - Planos de taller y memoria de cálculo.,Si,CYS-CW276532-PHI-02891,No,13/marzo/2026,INT-OC-CYS-575/26
5a6e2886,18/02/2026,CYS,Contrato CW 276532,Supervisión de seguridad y salud en el trabajo,Sin Frente,Hallazgos sin atención inspección conjunta No.76,Si,CYS-CW276532-PHI-02903,No,5/marzo/2026,INT-OC-CYS-476/26
ac30648d,18/02/2026,CYS,Contrato CW 276532,Supervisión técnica,Casa de máquinas y obras anexas,Secuencia constructiva – Concreto masivo aspiradores unidades 7 y 8.,Si,CYS-CW276532-PHI-02904,No,,
b037b23f,18/02/2026,CYS,Contrato CW 276532,Supervisión técnica,Casa de máquinas y obras anexas,Oficialización instructivo de campo IC-043-2026.,Si,D-PHI-COP-0105-2026,No,21/febrero/2026,INT-OC-CYS-392/26
8461eb56,18/02/2026,CYS,Contrato CW 276532,Supervisión técnica,Casa de máquinas y obras anexas,Galería de barras N°5 a N°8. Dados para anclajes de soportes de ductos de barras.,Si,D-PHI-COP-0106-2026,No,,
85022bd5,18/02/2026,CYS,Contrato CW 276532,Supervisión técnica,Casa de máquinas y obras anexas,Galería de barras N°5 a N°8. Dados para anclajes de soportes de ductos de barras.,Si,D-PHI-COP-0106-2026,No,21/febrero/2026,INT-OC-CYS-393/26
ca896b10,18/02/2026,CYS,Contrato CW 276532,Supervisión técnica,Sin Frente,Entrega actas de comité de obra Nos. 103-104,No,,Si,19/febrero/2026,INT-OC-CYS-377/26
cede9caa,18/02/2026,CYS,Contrato CW 276532,Supervisión de costos,Sin Frente,Proyección de ingreso del plan de recursos para el cumplimiento del programa plan CIA,Si,CYS-CW276532-PHI-02863,No,19/febrero/2026,INT-OC-CYS-384/26
3ec1d427,18/02/2026,CYS,Contrato CW 276532,Supervisión técnica,Sin Frente,"Envío actas de entrega de bienes Nros 59-052, 59-053, 59-054, 59-055 y 59-056",No,,Si,19/febrero/2026,INT-OC-CYS-382/26
df6ea48a,19/02/2026,CYS,Contrato CW 276532,Supervisión técnica,Vertedero y obras anexas,Entrega ayuda de memoria reunión 4 de febrero de 2026,No,,Si,22/febrero/2026,INT-OC-CYS-402/26
40c6d415,19/02/2026,CYS,Contrato CW 276532,Supervisión técnica,Sin Frente,Remisión cuadro consolidado – Resultados pruebas GyroMaster en perforaciones solicitadas por asesoría.,Si,CYS-CW276532-PHI-02906,No,11/marzo/2026,INT-OC-CYS-538/26
8414cfc8,19/02/2026,CYS,Contrato CW 276532,Supervisión de seguridad y salud en el trabajo,Sin Frente,Oficialización de documentación SST para actividad Desabombe de material con andamio colgante en galería superior de hu,Si,CYS-CW276532-PHI-02907,No,9/marzo/2026,INT-OC-CYS-523/26
f2633ada,19/02/2026,CYS,Contrato CW 276532,Supervisión técnica,Casa de máquinas y obras anexas,Envío de Acta de Transferencia de Zona de Trabajo.,No,,Si,21/febrero/2026,INT-OC-CYS-389/26
306dbd50,19/02/2026,CYS,Contrato CW 276532,Supervisión técnica,Casa de máquinas y obras anexas,Alternativa de solución a interferencias entre el esfuerzo del concreto masivo del TAS #6 y las tuberias anti - inundación y de drenaje del tubo de aspiración (Unidad 6),Si,NC-052-26,Si,21/febrero/2026,INT-OC-CYS-394/26
d518d1fb,19/02/2026,CYS,Contrato CW 276532,Supervisión técnica,Presa y obras anexas,Pantalla cortaflujo - Inactividad en frente de obra,No,,No,,
0c05d4c0,20/02/2026,CYS,Contrato CW 276532,Supervisión técnica,Conducciones zona sur,Excavación pozos de presión de las conducciones 5 a 8. Premisas para la definición del tratamiento primario y secundario del sostenimiento para la rehabilitación de los pozos de presión 5 a 8,Si,D-PHI-COP-0109-2026,No,24/febrero/2026,INT-OC-CYS-416/26
9c9371af,20/02/2026,CYS,Contrato CW 276532,Supervisión de seguridad y salud en el trabajo,Conducciones zona sur,Restricción de operación del equipo Robojet por condiciones subestándar.,Si,CYS-CW276532-PHI-02908,No,7/marzo/2026,INT-OC-CYS-502/26
79056cde,20/02/2026,CYS,Contrato CW 276532,Supervisión técnica,Casa de máquinas y obras anexas,Pedestales tubo de aspiración – Planos y cartilla de refuerzo.,Si,CYS-CW276532-PHI-02909,No,,
49b5f098,20/02/2026,CYS,Contrato CW 276532,Supervisión técnica,Túneles de aspiración,Actualización refuerzo túneles de aspiración unidad 5 a 8 - Planos y cartilla de refuerzo,Si,CYS-CW276532-PHI-02910,No,7/marzo/2026,INT-OC-CYS-506/26
e543ead4,20/02/2026,CYS,Contrato CW 276532,Supervisión técnica,Casa de máquinas y obras anexas,"Instructivo de montaje de tubería MPC embebidos en las columnas A, C, E Y G para las Unidades 5-8",Si,CYS-CW276532-PHI-02911,No,27/febrero/2026,INT-OC-CYS-437/26
9dc31068,20/02/2026,CYS,Contrato CW 276532,Supervisión técnica,Conducciones zona sur,Procedimiento de mejoramiento de condiciones pozos de presión 7 y 8.,Si,D-PHI-COP-0108-2026,No,,
1a3a6f5e,20/02/2026,CYS,Contrato CW 276532,Supervisión técnica,Conducciones zona sur,Ajuste a campañas de inyeccion y exploración,Si,D-PHI-COP-0110-2026,Si,7/marzo/2026,INT-OC-CYS-509/26
0a79fb8e,20/02/2026,CYS,Contrato CW 276532,Supervisión técnica,Conducciones zona sur,Excavación Codo Superior y Pozo de Presión No.6 – Estado de Avance Excavación.,Si,CYS-CW276532-PHI-02912,No,23/marzo/2026,INT-OC-CYS-678/26
c9484d4c,21/02/2026,CYS,Contrato CW 276532,Supervisión técnica,Conducciones zona sur,Procedimiento mejoramiento de condiciones de pozos de presión 7 y 8,Si,CYS-CW276532-PHI-02802,Si,22/febrero/2026,INT-OC-CYS-400/26
f795614d,21/02/2026,CYS,Contrato CW 276532,Supervisión técnica,Casa de máquinas y obras anexas,"Unidad 7. Muro en hastial aguas abajo. Interferencia de hastial y cabezales de tensores 213, 248, y 249 con refuerzo  de cara posterior del muro, niveles 214,50 y 217,45 m s.n.m y aprox. entre ejes 33 y 34",Si,D-PHI-COP-0111-2026,No,24/febrero/2026,INT-OC-CYS-421/26
0545a33e,21/02/2026,CYS,Contrato CW 276532,Supervisión técnica,Casa de máquinas y obras anexas,"Respuesta a consulta sobrel la prueba de estanqueidad en los tensores del muro en  ""L""",Si,D-PHI-COP-0112-2026,No,24/febrero/2026,INT-OC-CYS-420/26
55a7cc77,21/02/2026,CYS,Contrato CW 276532,Supervisión técnica,Estabilidad helipuerto villa luz,Solicitud instrumentación,Si,NC-053-26,Si,24/febrero/2026,INT-OC-CYS-415/26
9469fb45,21/02/2026,CYS,Contrato CW 276532,Supervisión técnica,Sin Frente,Estado de cumplimiento compromisos comités de obra mayo de 2025,Si,CYS-CW276532-PHI-02905,No,10/marzo/2026,INT-OC-CYS-529/26
0b042f15,21/02/2026,CYS,Contrato CW 276532,Supervisión socioambiental,Instalaciones provisionales obras finales,Registro Único Ambiental RUA conforme al Artículo 7° de la Resolución 839 de 2023.,Si,CYS-CW276532-PHI-02915,No,26/febrero/2026,INT-OC-CYS-434/26
065d0304,21/02/2026,CYS,Contrato CW 276532,Supervisión socioambiental,Sin Frente,Atención reporte de colisión de camión grúa de placa TAR198 con la talanquera ubicada en el puesto de control de acceso zona industrial,Si,CYS-CW276532-PHI-02917,No,26/febrero/2026,INT-OC-CYS-433/26
ff97ec1f,21/02/2026,CYS,Contrato CW 276532,Supervisión de costos,Casa de máquinas y obras anexas,Orden de ejecución actividades obra extra,Si,CYS-CW276532-PHI-02918,No,23/febrero/2026,INT-OC-CYS-410/26
166cfbcd,22/02/2026,CYS,Contrato CW 276532,Supervisión técnica,Presa y obras anexas,Informe técnico de CYS. Limpieza de fondo e integridad concreto-roca.,Si,D-PHI-COP-0113-2026,No,,
0729ad0a,22/02/2026,CYS,Contrato CW 276532,Supervisión técnica,Conducciones zona sur,Solicitud de aumento de presión de inyección en los pernos tipo BAL para los pozos de presión.,Si,D-PHI-COP-0116-2026,No,,
015944ee,22/02/2026,CYS,Contrato CW 276532,Supervisión técnica,Presa y obras anexas,Informe técnico de CYS. Limpieza de fondo e integridad concreto-roca,Si,D-PHI-COP-0113-2026,No,,
0bc2b5af,22/02/2026,CYS,Contrato CW 276532,Supervisión técnica,Conducciones zona sur,Solicitud de aumento de presión de inyección en los pernos tipo BAL para los pozos de presión.,Si,D-PHI-COP-0116-2026,Si,28/febrero/2026,INT-OC-CYS-451/26
d5bf49c5,22/02/2026,CYS,Contrato CW 276532,Supervisión de costos,Casa de máquinas y obras anexas,Provisión de obras adicionales y extras previstas en el AMB 9.,Si,CYS-CW276532-PHI-02919,No,11/marzo/2026,INT-OC-CYS-549/26
ee4d86b4,22/02/2026,CYS,Contrato CW 276532,Supervisión de seguridad y salud en el trabajo,Sin Frente,Reporte e investigación de accidentes.,Si,CYS-CW276532-PHI-02920,No,9/marzo/2026,INT-OC-CYS-524/26
d906cf26,22/02/2026,CYS,Contrato CW 276532,Supervisión técnica,Conducciones zona sur,Aumento de presión de inyección en los pernos tipo BAL para los Pozos de Presión,No,,No,,
dd1f19b4,22/02/2026,CYS,Contrato CW 276532,Supervisión técnica,Túneles de aspiración,"Tunel aspiración 7. Tramo 1. Solución a interferencia presentada entre acero de refuerzo y Tuberia ANT de 12""",Si,NC-054-26,Si,24/febrero/2026,INT-OC-CYS-414/26
28d0c709,23/02/2026,CYS,Contrato CW 276532,Supervisión técnica,Almenaras y obras anexas,Galería construcción superior - Ramal acceso Almenara 2 - Finalización de la excavación.,No,,No,,
a1675695,23/02/2026,CYS,Contrato CW 276532,Supervisión técnica,Almenaras y obras anexas,Galería construcción superior - Ramal acceso Almenara 2 - Finalización de la excavación,No,,No,24/febrero/2026,INT-OC-CYS-413/26
2ea7fb6a,23/02/2026,CYS,Contrato CW 276532,Supervisión técnica,Presa y obras anexas,Pantalla cortaflujo - Excavación panel P6 - Atrapamiento de trépano,No,,No,24/febrero/2026,INT-OC-CYS-419/26
ff2fb113,23/02/2026,CYS,Contrato CW 276532,Supervisión de seguridad y salud en el trabajo,Sin Frente,Formalización compromisos del seguimiento semanal SST/HS en obra - 20 de febrero de 2026,No,,Si,23/febrero/2026,INT-OC-CYS-411/26
54eb198e,23/02/2026,CYS,Contrato CW 276532,Supervisión de seguridad y salud en el trabajo,Sin Frente,Reiteración Entrega Actualización Sistema de Gestión de Seguridad y Salud en el Trabajo SG-SST- año 2026,No,,No,24/febrero/2026,INT-OC-CYS-412/26
a60c0d77,23/02/2026,CYS,Contrato CW 276532,Supervisión técnica,Conducciones zona sur,Modificación de la frecuencia de toma de lecturas de las estaciones de convergencias en los codos superiores y pozos de presión 5 y 6.,Si,D-PHI-COP-0117-2026,Si,2/marzo/2026,INT-OC-CYS-461/26
08a0e030,24/02/2026,CYS,Contrato CW 276532,Supervisión socioambiental,Sin Frente,Solicitud de recolección de germoplasma - Semestre I - 2026,No,,Si,26/febrero/2026,INT-OC-CYS-432/26
de52de65,24/02/2026,CYS,Contrato CW 276532,Supervisión técnica,Casa de máquinas y obras anexas,Ajuste constructivo en proceso de los hastiales en galería de barras,No,,No,,
2d6469c1,24/02/2026,CYS,Contrato CW 276532,Supervisión de seguridad y salud en el trabajo,Obras en las descargas,Condiciones subestándar durante procedimiento de voladura.,No,,No,25/febrero/2026,INT-OC-CYS-428/26
484c8696,24/02/2026,CYS,Contrato CW 276532,Supervisión socioambiental,Sin Frente,Resultados monitoreo de los vertimientos de las aguas residuales no domésticas (ARnD),No,,Si,27/febrero/2026,INT-OC-CYS-443/26
bc8b901f,24/02/2026,CYS,Contrato CW 276532,Supervisión técnica,Casa de máquinas y obras anexas,"Entrega de planos para construcción estructurales de la losa El. 217,45 - zona sur, pertenecientes a la serie D/DC-PHI-062-CCM-L5-S-###.",Si,D-PHI-COP-0119-2026,Si,26/febrero/2026,INT-OC-CYS-435/26
894eddc2,24/02/2026,CYS,Contrato CW 276532,Supervisión de seguridad y salud en el trabajo,Presa y obras anexas,Condiciones subestándar por omisión de equipos de protección contra caídas.,No,,No,,
6cfa116b,24/02/2026,CYS,Contrato CW 276532,Supervisión técnica,Obras en las descargas,Descarga 4 – Fragmentación de roca con explosivos – Control de vibraciones.,No,,No,,
7fe6da4c,25/02/2026,CYS,Contrato CW 276532,Supervisión técnica,Conducciones zona sur,Inactividades perforación para aglutinamiento y drenaje,No,,No,2/marzo/2026,INT-OC-CYS-458/26
16f501ae,25/02/2026,CYS,Contrato CW 276532,Supervisión técnica,Casa de máquinas y obras anexas,Adecuación cabezote obra de drenaje sitio 10.,Si,NC-055-26,No,1/marzo/2026,INT-OC-CYS-456/26
e65f491f,25/02/2026,CYS,Contrato CW 276532,Supervisión técnica,Vertedero y obras anexas,Instrumentación geotécnica - Ajuste coordenadas de localización para PR-VER-35 y  PR-VER-36,Si,NC-056-26,Si,1/marzo/2026,INT-OC-CYS-455/26
ab44481c,25/02/2026,CYS,Contrato CW 276532,Supervisión de costos,Sin Frente,Orden de ejecución actividades de obra extra,No,,Si,25/febrero/2026,INT-OC-CYS-429/26
996b21c9,25/02/2026,CYS,Contrato CW 276532,Supervisión socioambiental,Instalaciones provisionales obras finales,Cierre de inspección conjunta GI-AM-01-26,No,,Si,27/febrero/2026,INT-OC-CYS-436/26
ae8f256c,26/02/2026,CYS,Contrato CW 276532,Supervisión técnica,Casa de máquinas y obras anexas,"Oquedad 2. Tensores activos sobre el nivel 204,00 m s.n.m. Dispositivos de anclaje pasivo en extremos a embeber en concreto de la restitución",Si,CYS-CW276532-PHI-02921,No,,
ecc7fd4f,26/02/2026,CYS,Contrato CW 276532,Supervisión de control de laboratorio ensayos de calidad,Sin Frente,"Registro cargue, plantas de concreto septiembre de 2025",Si,CYS-CW276532-PHI-02922,No,7/marzo/2026,INT-OC-CYS-503/26
fd26f282,26/02/2026,CYS,Contrato CW 276532,Supervisión de seguridad y salud en el trabajo,Casa de máquinas y obras anexas,Observaciones equipos bombas de inyección,Si,CYS-CW276532-PHI-02924,No,10/marzo/2026,INT-OC-CYS-536/26
813ac95a,26/02/2026,CYS,Contrato CW 276532,Supervisión socioambiental,Sin Frente,Información de PQRS No. 24 y PQRS No. 26 recibida mediante correo electrónico.,Si,CYS-CW276532-PHI-02925,No,27/febrero/2026,INT-OC-CYS-444/26
331cf93d,26/02/2026,CYS,Contrato CW 276532,Supervisión de control de laboratorio ensayos de calidad,Sin Frente,"Aclaración técnica y validación de certificado CRV-1904 - Acople 1"" ASTM A194 Gr 2H",Si,CYS-CW276532-PHI-02926,No,8/marzo/2026,INT-OC-CYS-522/26
e39e016c,26/02/2026,CYS,Contrato CW 276532,Supervisión técnica,Conducciones zona sur,Inactividad en rimado para ensanche del piloto en el Pozo de presión No. 5,No,,No,,
3dc20e66,26/02/2026,CYS,Contrato CW 276532,Supervisión técnica,Sin Frente,Seguimiento al programa de trabajo – AMB 11 – Con corte al 09 de febrero de 2026,Si,CYS-CW276532-PHI-02916,No,13/marzo/2026,INT-OC-CYS-565/26
e1b32c58,26/02/2026,CYS,Contrato CW 276532,Supervisión técnica,Casa de máquinas y obras anexas,Escaleras tipo 5 – Planos y cartillas de refuerzo.,Si,CYS-CW276532-PHI-02927,No,,
ad15d35f,26/02/2026,CYS,Contrato CW 276532,Supervisión de seguridad física,Sin Frente,Remisión acta comité de seguridad física 025.,No,,Si,27/febrero/2026,INT-OC-CYS-438/26
37fd79bd,26/02/2026,CYS,Contrato CW 276532,Supervisión socioambiental,Sin Frente,Remisión acta comité social específico No 26.,No,,Si,27/febrero/2026,INT-OC-CYS-442/26
3494482d,26/02/2026,CYS,Contrato CW 276532,Supervisión técnica,Sin Frente,Remisión actas de instrumentación geotécnica,Si,"CYS-CW276532-PHI-02422, CYS-CW276532-PHI-02637 y CYS-CW276532-PHI-02838",No,4/marzo/2026,INT-OC-CYS-471/26
3a824869,26/02/2026,CYS,Contrato CW 276532,Supervisión técnica,Sin Frente,Traslado comunicación D-PHI-COP-113-2026,No,,Si,27/febrero/2026,INT-OC-CYS-439/26
6ca82fee,26/02/2026,CYS,Contrato CW 276532,Supervisión técnica,Casa de máquinas y obras anexas,Unidad 6- Tubo de aspiración- Vaciado tramos 0 y 1- Camadas 2 y 3- Afectación vaciado,No,,No,3/marzo/2026,INT-OC-CYS-468/26
44d8f606,26/02/2026,CYS,Contrato CW 276532,Supervisión técnica,Conducciones zona sur,Anillo de inyección adicional cortina de impermeabilización conducciones superiores  5 a 8,Si,CYS-CW276532-PHI-02913,No,,
b91a630a,26/02/2026,CYS,Contrato CW 276532,Supervisión técnica,Sin Frente,Formalización compromisos recorrido de obra – 14 de febrero de 2026.,No,,Si,27/febrero/2026,INT-OC-CYS-441/26
4c7d24cb,26/02/2026,CYS,Contrato CW 276532,Supervisión técnica,Sin Frente,Estado de cumplimiento compromisos comités de obra Consorcio CYS – febrero de 2026.,No,,No,27/febrero/2026,INT-OC-CYS-446/26
0e085d16,27/02/2026,CYS,Contrato CW 276532,Supervisión de riesgos,Sin Frente,Entrega de acta de comité de riesgos No. 027,No,,Si,27/febrero/2026,INT-OC-CYS-447/26
d0f760d1,27/02/2026,CYS,Contrato CW 276532,Supervisión técnica,Almenaras y obras anexas,"Almenara 2 pórtico de manejo de compuertas. Piso de mantenimiento N 220,00 m,s,n,m Mensuales para soporte de tuberías. Omisión de refuerzos preinstalados en columnas.",Si,D-PHI-COP-0123-2026,No,12/marzo/2026,INT-OC-CYS-552/26
2f07011d,27/02/2026,CYS,Contrato CW 276532,Supervisión técnica,Descarga intermedia,Demoliciones aguas abajo compuertas descarga intermedia.,Si,D-PHI-COP-0124-2026,No,,
d04d1974,27/02/2026,CYS,Contrato CW 276532,Supervisión técnica,Presa y obras anexas,Corrección de referencia de plano,Si,D-PHI-COP-0125-2026,No,11/marzo/2026,INT-OC-CYS-541/26
ec190b74,27/02/2026,CYS,Contrato CW 276532,Supervisión socioambiental,Requerimientos de EPM o entidades externas,Solicitud histograma año 2026,No,,Si,27/febrero/2026,INT-OC-CYS-445/26
4ce2dc98,27/02/2026,CYS,Contrato CW 276532,Supervisión técnica,Casa de máquinas y obras anexas,"Conectores de cortante entre muros de confinamiento y conectores masivos de los tubos de aspiración de las unidades 5 a 8, zonas donde estas obras no se hormigonan monolíticamente",Si,NC-057-26,Si,1/marzo/2026,INT-OC-CYS-454/26
c0081eee,27/02/2026,CYS,Contrato CW 276532,Supervisión técnica,Casa de máquinas y obras anexas,Oficialización instructivos de campo Casa de Maquinas IC-045-2026,Si,D-PHI-COP-0126-2026,Si,3/marzo/2026,INT-OC-CYS-465/26
2783de14,27/02/2026,CYS,Contrato CW 276532,Supervisión técnica,Casa de máquinas y obras anexas,Reubicación tableros TCCECT de las unidades 6 a 8 en el nivel 199.00 Adición de drenaje en los rieles para el carro de montaje en el nivel 199.86. Actualización geométrica foso para bombeo edificio servicio sur.,Si,D-PHI-COP-0127-2026,Si,1/marzo/2026,INT-OC-CYS-452/26
c7c749ae,28/02/2026,CYS,Contrato CW 276532,Supervisión técnica,Casa de máquinas y obras anexas,Acta de transferencia de área - Unidad 5.,No,,Si,1/marzo/2026,INT-OC-CYS-453/26
8b692009,28/02/2026,CYS,Contrato CW 276532,Supervisión técnica,Descarga intermedia,Definición de tratamiento en zonas de demolición tramo aguas abajo de compuertas,Si,D-PHI-COP-0130-2026,No,,
6b8c18a0,28/02/2026,CYS,Contrato CW 276532,Supervisión técnica,Casa de máquinas y obras anexas,Pórtico de soporte de puente grúa. Pórtico tipo A y B. Soluciones a interferencias típicas de anclajes geométricos.,Si,D-PHI-COP-0129-2026,No,2/marzo/2026,INT-OC-CYS-460/26
4c4c21bd,28/02/2026,CYS,Contrato CW 276532,Supervisión técnica,Presa y obras anexas,Profundidades de excavación de los paneles intervenidos,Si,D-PHI-COP-0128-2026,No,5/marzo/2026,INT-OC-CYS-474/26
4458d899,01/03/2026,CYS,Contrato CW 276532,Supervisión técnica,Galerías y pozos de compuertas,Planificación actividades de tratamiento del talud,Si,CYS-CW276532-PHI-02928,No,,
36da303e,01/03/2026,CYS,Contrato CW 276532,Supervisión de riesgos,Sin Frente,Observaciones informe mensual de la gestión de riesgos noviembre 2025,Si,CYS-CW276532-PHI-02929,No,3/marzo/2026,INT-OC-CYS-467/26
ad7e59ac,01/03/2026,CYS,Contrato CW 276532,Supervisión técnica,Casa de máquinas y obras anexas,Interferencia tensor T2 con columna 26 A,Si,CYS-CW276532-PHI-02930,No,9/marzo/2026,INT-OC-CYS-528/26
72a4b262,01/03/2026,CYS,Contrato CW 276532,Supervisión de seguridad y salud en el trabajo,Sin Frente,Presentación hoja de vida personal SST,Si,CYS-CW276532-PHI-02931,No,11/marzo/2026,INT-OC-CYS-550/26
c3157d2c,01/03/2026,CYS,Contrato CW 276532,Supervisión de gestión documental y calidad,Sin Frente,Seguimiento plan de acción  auditoria ciclo II,Si,CYS-CW276532-PHI-02932,Si,11/marzo/2026,INT-OC-CYS-548/26
1a7a3600,01/03/2026,CYS,Contrato CW 276532,Supervisión de costos,Estabilidad helipuerto villa luz,Zona intermedia Helipuerto Villa Luz Provisión de obras adicionales y extras previstas en el AMB9,Si,CYS-CW276532-PHI-02933,No,11/marzo/2026,INT-OC-CYS-547/26
89422201,01/03/2026,CYS,Contrato CW 276532,Supervisión de control de laboratorio ensayos de calidad,Sin Frente,Certificados de materiales del 01 de febrero al 15 de febrero de 2026,Si,CYS-CW276532-PHI-02935,No,7/marzo/2026,INT-OC-CYS-510/26
78972209,01/03/2026,CYS,Contrato CW 276532,Supervisión de seguridad y salud en el trabajo,Sin Frente,Presentación hoja de vida personal SST,Si,CYS-CW276532-PHI-02936,No,3/marzo/2026,INT-OC-CYS-464/26
68029f41,01/03/2026,CYS,Contrato CW 276532,Supervisión técnica,Casa de máquinas y obras anexas,"Planos sistema de puesta a tierra galería de barras unidades 5,6,7 y 8.",Si,CYS-CW276532-PHI-02937,No,3/marzo/2026,INT-OC-CYS-462/26
def86295,01/03/2026,CYS,Contrato CW 276532,Supervisión de seguridad y salud en el trabajo,Sin Frente,Hallazgos inspecciones de vehículos y maquinaria,Si,CYS-CW276532-PHI-02938,No,16/marzo/2026,INT-OC-CYS-607/26
3d80e0f9,01/03/2026,CYS,Contrato CW 276532,Supervisión técnica,Casa de máquinas y obras anexas,"Alternativa de solución a interferencias entre el refuerzo del muro de confinamiento del concreto masivo del TAS #5 y el vano de la escalera localizada aguas a bajo entre los niveles 199,00 y 199,86",Si,NC-058-26,Si,2/marzo/2026,INT-OC-CYS-459/26
fb8c60d0,01/03/2026,CYS,Contrato CW 276532,Supervisión técnica,Almenaras y obras anexas,Almenara 2. Cámara de operación y control. Entrega de planos para construcción en revisión 3,Si,D-PHI-COP-0133-2026,Si,5/marzo/2026,INT-OC-CYS-472/26
e6126d19,02/03/2026,CYS,Contrato CW 276532,Supervisión técnica,Casa de máquinas y obras anexas,Deficiencia en procesos constructivos de las galerías de barras.,No,,No,,
da8a8bbc,02/03/2026,CYS,Contrato CW 276532,Supervisión técnica,Presa y obras anexas,Instrumentación geotécnica - Margen izquierda - Cancelación de los inclinometros indicados en el plano DC-PHI-041-PRE-IN-C-015,Si,D-PHI-COP-0135-2026,No,7/marzo/2026,INT-OC-CYS-496/26
3114386d,02/03/2026,CYS,Contrato CW 276532,Supervisión técnica,Vertedero y obras anexas,Instrumentación geotécnica - Reubicación prisma de control superficial PR-VER-36,Si,NC-059-26,Si,6/marzo/2026,INT-OC-CYS-482/26
4dc45598,02/03/2026,CYS,Contrato CW 276532,Supervisión técnica,Sin Frente,Formalización compromisos recorrido de obra – 21 de febrero de 2026.,No,,Si,3/marzo/2026,INT-OC-CYS-463/26
bd275011,03/03/2026,CYS,Contrato CW 276532,Supervisión de control de laboratorio ensayos de calidad,Sin Frente,Resultados de ensayos combinados y triaxiales CU de las muestras inalteradas panel de prueba,Si,CYS-CW276532-PHI-02934,No,,
912a1300,03/03/2026,CYS,Contrato CW 276532,Supervisión de control de laboratorio ensayos de calidad,Túneles de desviación,Certificados de materiales,Si,CYS-CW276532-PHI-02939,No,12/marzo/2026,INT-OC-CYS-563/26
2df23c06,03/03/2026,CYS,Contrato CW 276532,Supervisión técnica,Casa de máquinas y obras anexas,Recomendaciones drenajes muro aguas arriba U7-U8,Si,NC-060-26,Si,6/marzo/2026,INT-OC-CYS-481/26
89b36dfb,03/03/2026,CYS,Contrato CW 276532,Supervisión de seguridad y salud en el trabajo,Casa de máquinas y obras anexas,Solicitud remisión de la investigación de incidente de alto potencial – Caída de objetos (parte metálica de un martillo).,No,,No,5/marzo/2026,INT-OC-CYS-477/26
3bce57a1,03/03/2026,CYS,Contrato CW 276532,Supervisión socioambiental,Sin Frente,Solicitud información EPM – Medición caudales ARD,No,,Si,4/marzo/2026,INT-OC-CYS-470/26
96bde2fc,03/03/2026,CYS,Contrato CW 276532,Supervisión técnica,Zonas de depósito y vías anexas mantenimiento vial,Solicitud urgente de mantenimiento y habilitación de vía alterna – Acceso a depósito Ticuitá.,Si,CYS-CW276532-PHI-02941,No,12/marzo/2026,INT-OC-CYS-561/26
586d4a42,03/03/2026,CYS,Contrato CW 276532,Supervisión técnica,Sin Frente,Registro de interferencias que impactan programación de estructuras críticas.,Si,CYS-CW276532-PHI-02942,No,,
a5590ec5,03/03/2026,CYS,Contrato CW 276532,Supervisión de seguridad y salud en el trabajo,Casa de máquinas y obras anexas,Condición subestándar trabajo en alturas,Si,CYS-CW276532-PHI-02944,No,16/marzo/2026,INT-OC-CYS-611/26
140394de,03/03/2026,CYS,Contrato CW 276532,Supervisión técnica,Presa y obras anexas,"Medidor de infiltraciones – Actualización de planos para la excavación de la plataforma en la cota 235 m s.n.m., construcción de la pantalla plástica y tratamientos para el cierre contra el estribo izquierdo",Si,D-PHI-COP-0136-2026,No,,
b7750a9e,03/03/2026,CYS,Contrato CW 276532,Supervisión técnica,Presa y obras anexas,"Medidor de infiltraciones – Actualización de planos para la excavación de la plataforma en la cota 235 m s.n.m., construcción de la pantalla plástica y tratamientos para el cierre contra el estribo izquierdo",Si,D-PHI-COP-136-2026,No,6/marzo/2026,INT-OC-CYS-480/26
a573005d,04/03/2026,CYS,Contrato CW 276532,Supervisión técnica,Presa y obras anexas,Instrumentación geotécnica - Reubicación de puntos de control superficial PCS-MI-26 y PCS-MI-27,Si,NC-061-26,No,7/marzo/2026,INT-OC-CYS-495/26
0b9f94d5,04/03/2026,CYS,Contrato CW 276532,Supervisión técnica,Conducciones zona sur,Premisas para la definición del tratamiento primario y secundario del sostenimiento para la rehabilitación,Si,CYS-CW276532-PHI-02946,No,,
bf3f9037,04/03/2026,CYS,Contrato CW 276532,Supervisión de seguridad y salud en el trabajo,Conducciones zona sur,Condiciones actos subestándar en actividades en la galería inferior sur  ramal 5.,No,,No,,
677c52f7,04/03/2026,CYS,Contrato CW 276532,Supervisión técnica,Sin Frente,Entrega actas de comité de obra Nos. 105-106,No,,Si,5/marzo/2026,INT-OC-CYS-473/26
ae8170a1,05/03/2026,CYS,Contrato CW 276532,Supervisión técnica,Descarga intermedia,Instrumentación geotécnica. Reposición de estaciones de convergencia,Si,NC-062-26,Si,6/marzo/2026,INT-OC-CYS-492/26
1f49a423,05/03/2026,CYS,Contrato CW 276532,Supervisión de seguridad y salud en el trabajo,Sin Frente,Requerimiento de aclaración de caso – Omisión de traslado de paciente y respuesta de emergencia.,No,,Si,7/marzo/2026,INT-OC-CYS-494/26
703d709c,05/03/2026,CYS,Contrato CW 276532,Supervisión técnica,Conducciones zona sur,"Oficialización de los instructivos de campo IC-040-2026, IC-042-2026, IC-044-2026, IC-047-2026, IC-048-2026, IC-049-2026 y- IC-051-2026",Si,D-PHI-COP-0137-2026,Si,8/marzo/2026,INT-OC-CYS-521/26
6dbb61f9,05/03/2026,CYS,Contrato CW 276532,Supervisión de seguridad y salud en el trabajo,Sin Frente,Requerimiento perentorio de información sobre protocolos de Salud Pública ante caso IRAGI,No,,Si,6/marzo/2026,INT-OC-CYS-486/26
69c6f6a2,05/03/2026,CYS,Contrato CW 276532,Supervisión técnica,Presa y obras anexas,Recuerpación trepano – Modificación Panel P6 Pantalla Cortaflujo,No,,Si,7/marzo/2026,INT-OC-CYS-508/26
0adf3d13,05/03/2026,CYS,Contrato CW 276532,Supervisión de seguridad y salud en el trabajo,Sin Frente,Reiteración comunicación INT-OC-CYS-351/26 - Entrega de investigación de accidente mortal y soportes técnicos (Caso Jhon Jair Posada),No,,No,6/marzo/2026,INT-OC-CYS-479/26
044afa69,06/03/2026,CYS,Contrato CW 276532,Supervisión técnica,Presa y obras anexas,Plataforma zona de embarcadero margen izquierda de la presa,Si,D-PHI-COP-0139-2026,No,16/marzo/2026,INT-OC-CYS-598/26
74e3e462,06/03/2026,CYS,Contrato CW 276532,Supervisión técnica,Casa de máquinas y obras anexas,Oficialización instructivos campo IC-046-2026 y IC-052-2026,Si,D-PHI-COP-0140-2026,Si,11/marzo/2026,INT-OC-CYS-542/26
897dbc0b,06/03/2026,CYS,Contrato CW 276532,Supervisión socioambiental,Sin Frente,Entrega del acta de comité socioambiental No. 50.,No,,Si,10/marzo/2026,INT-OC-CYS-532/26
e9c11195,06/03/2026,CYS,Contrato CW 276532,Supervisión técnica,Conducciones zona sur,Concepto propuesta del contratista - Perforaciones de drenaje e inyecciones de aglutinamiento Pozos 7 y 8,Si,D-PHI-COP-0141-2026,No,9/marzo/2026,INT-OC-CYS-526/26
099c2b85,06/03/2026,CYS,Contrato CW 276532,Supervisión técnica,Caverna de transformadores y obras anexas,Definición del soporte para el Pozo Superior de Evacuación de Humos y Recomendación para iniciar actividades de rehabilitación en la Galería Intermedia,Si,D-PHI-COP-0142-2026,Si,8/marzo/2026,INT-OC-CYS-519/26
f56a6cff,06/03/2026,CYS,Contrato CW 276532,Supervisión técnica,Sin Frente,Formalización compromisos recorrido de obra – 28 de febrero de 2026.,No,,Si,6/marzo/2026,INT-OC-CYS-493/26
4be8802c,06/03/2026,CYS,Contrato CW 276532,Supervisión técnica,Almenaras y obras anexas,Inyecciones de consolidación en el Ramal Superior de Acceso a Almenara 2.,Si,D-PHI-COP-0143-2026,No,8/marzo/2026,INT-OC-CYS-520/26
6f729efa,07/03/2026,CYS,Contrato CW 276532,Supervisión técnica,Conducciones zona sur,"Oficialización instructivos campo asociados a las actividades de rehabilitación de las obras subterraneas - Instructivos campo IC-033-2026, IC-034-2026, IC-036-2026, IC-034-2026, IC-041-2026 e IC-053-2026",Si,D-PHI-COP-0144-2026,Si,11/marzo/2026,INT-OC-CYS-543/26
8ce3c1c4,07/03/2026,CYS,Contrato CW 276532,Supervisión de seguridad física,Sin Frente,Informe de actividades de seguridad física febrero de 2026.,Si,CYS-CW276532-PHI-02940,No,11/marzo/2026,INT-OC-CYS-546/26
15edec36,07/03/2026,CYS,Contrato CW 276532,Supervisión de seguridad y salud en el trabajo,Sin Frente,Orden de entrega actualización SG-SST- año 2026,Si,CYS-CW276532-PHI-02945,No,,
9d8bf5af,07/03/2026,CYS,Contrato CW 276532,Supervisión de control de laboratorio ensayos de calidad,Sin Frente,Control de los parámetros durante la producción de lechadas mezclas LE-123 y LE-118,Si,CYS-CW276532-PHI-02949,No,10/marzo/2026,INT-OC-CYS-530/26
90e57a86,07/03/2026,CYS,Contrato CW 276532,Supervisión de control de laboratorio ensayos de calidad,Sin Frente,Certificados de materiales del 1 al 31 de enero de 2026,Si,CYS-CW276532-PHI-02950,No,,
5ef09640,07/03/2026,CYS,Contrato CW 276532,Supervisión técnica,Casa de máquinas y obras anexas,Instructivo para instalación de partes empotradas de segunda etapa para compuertas de aspiración 5 a 8.,Si,CYS-CW276532-PHI-02951,Si,13/marzo/2026,INT-OC-CYS-576/26
fbb15370,07/03/2026,CYS,Contrato CW 276532,Supervisión técnica,Vías Industriales del proyecto,"Sitio 9 – Limpieza de escarpe, malla, pernos, drenajes y protección temporal CT2",Si,CYS-CW276532-PHI-02952,No,,
25c29c0a,07/03/2026,CYS,Contrato CW 276532,Supervisión técnica,Sin Frente,Remisión actas de instalación de instrumentación geotécnica.,Si,CYS-CW276532-PHI-02953,No,15/marzo/2026,INT-OC-CYS-597/26
f897f95f,07/03/2026,CYS,Contrato CW 276532,Supervisión de seguridad y salud en el trabajo,Sin Frente,Hallazgos inspección de vehículos y maquinaria,Si,CYS-CW276532-PHI-02954,No,16/marzo/2026,INT-OC-CYS-608/26
ceb41fa0,07/03/2026,CYS,Contrato CW 276532,Supervisión de seguridad y salud en el trabajo,Sin Frente,"Observaciones documentación vehículos, equipos y maquinaria activa en obra",Si,CYS-CW276532-PHI-02955,No,16/marzo/2026,INT-OC-CYS-609/26
d71b48fb,07/03/2026,CYS,Contrato CW 276532,Supervisión técnica,Almenaras y obras anexas,Pórtico Almenara – Inactividad columna eje A.,Si,CYS-CW276532-PHI-02957,No,12/marzo/2026,INT-OC-CYS-553/26
2827a332,07/03/2026,CYS,Contrato CW 276532,Supervisión socioambiental,Sin Frente,Solicitud recolección de germoplasma – Semestre I 2026,Si,CYS-CW276532-PHI-02958,No,12/marzo/2026,INT-OC-CYS-562/26
6ec86b05,07/03/2026,CYS,Contrato CW 276532,Supervisión socioambiental,Instalaciones provisionales obras finales,Cierre de inspección conjunta GI-AM-01-26,Si,CYS-CW276532-PHI-02959,No,17/marzo/2026,INT-OC-CYS-632/26
37bac551,07/03/2026,CYS,Contrato CW 276532,Supervisión técnica,Sin Frente,Metodología para limpieza de la cara externa del talud de la plazoleta 435.,Si,CYS-CW276532-PHI-02963,No,13/marzo/2026,INT-OC-CYS-572/26
677562bc,07/03/2026,CYS,Contrato CW 276532,Supervisión técnica,Casa de máquinas y obras anexas,"Disposición a considerar para las barras N13a #8, ubicadas en la cara inferior de la losa 199,86, presentadas en la sección C del plano D-PHI-062-CCM-TA-S-160",Si,NC-063-26,Si,12/marzo/2026,INT-OC-CYS-554/26
7722e1de,08/03/2026,CYS,Contrato CW 276532,Supervisión de seguridad y salud en el trabajo,Casa de máquinas y obras anexas,Remisión Ayuda de Memoria No.34 - Inspección para la verificación del armado de andamios según planos de diseño.,No,,Si,9/marzo/2026,INT-OC-CYS-527/26
a6844033,08/03/2026,CYS,Contrato CW 276532,Supervisión técnica,Conducciones zona sur,Inyecciones de consolidación - Brocal ramal inferior de lo pozos de presión 7-8,Si,D-PHI-COP-0150-2026,Si,11/marzo/2026,INT-OC-CYS-544/26
1eb8dbf0,08/03/2026,CYS,Contrato CW 276532,Supervisión técnica,Conducciones zona sur,Solicitud de aumento de presión en los pernos tipo BAL para los codos de las conducciones,Si,D-PHI-COP-0151-2026,Si,12/marzo/2026,INT-OC-CYS-555/26
d26617a0,09/03/2026,CYS,Contrato CW 276532,Supervisión técnica,Presa y obras anexas,Pantalla cortaflujo - Finalización de excavación panel P6 - Acta de reunión técnica No. 054,No,,Si,10/marzo/2026,INT-OC-CYS-531/26
1fb883f2,09/03/2026,CYS,Contrato CW 276532,Supervisión de seguridad y salud en el trabajo,Sin Frente,Orden de entrega actualización SG-SST- año 2026,Si,CYS-CW276532-PHI-02945,No,15/marzo/2026,INT-OC-CYS-595/26
8f956c76,09/03/2026,CYS,Contrato CW 276532,Supervisión técnica,Casa de máquinas y obras anexas,"Recomendación para solución de interferencia entre acero de refuerzo de viga virtual y tubería de 14"" en concreto masivo del tubo de aspiración",Si,NC-066-26,Si,11/marzo/2026,INT-OC-CYS-545/26
bb2920af,09/03/2026,CYS,Contrato CW 276532,Supervisión técnica,Casa de máquinas y obras anexas,Edificio de Culata Sur - Aclaración a inquietudes del Contratista sobre planos de refuerzo de las columnas del edificio de Culata Sur,Si,D-PHI-COP-0145-2026,No,,
fffa210e,09/03/2026,CYS,Contrato CW 276532,Supervisión técnica,Casa de máquinas y obras anexas,Columna Tipo 4 entre unidades 7 y 8. Entrega de plano para construcción de dado de cimentación.,Si,D-PHI-COP-0149-2026,No,12/marzo/2026,INT-OC-CYS-558/26
bf1276b0,09/03/2026,CYS,Contrato CW 276532,Supervisión técnica,Túneles de aspiración,Unidad 8 - Envío de Acta de Transferencia de Zona de Trabajo - Tramo 0 y 1.,No,,Si,10/marzo/2026,INT-OC-CYS-537/26
63b415f3,09/03/2026,CYS,Contrato CW 276532,Supervisión técnica,Sin Frente,"Secuencia constructiva – procedimiento constructivo - Rehabilitación de los ramales superiores, el codo superior y el pozo de presión de las unidades 7 y 8",Si,CYS-CW276532-PHI-02947,No,,
24c197e9,09/03/2026,CYS,Contrato CW 276532,Supervisión técnica,Presa y obras anexas,Informe técnico -  Limpieza de fondo e integridad concreto roca,Si,CYS-CW276532-PHI-02948,No,,
d1c9a077,09/03/2026,CYS,Contrato CW 276532,Supervisión técnica,Sin Frente,Trazabilidad de consultas técnicas y solicitud de actualización de planos para construcción – Edificio de Servicios Sur.,Si,CYS-CW276532-PHI-02960,Si,13/marzo/2026,INT-OC-CYS-567/26
aabd7958,09/03/2026,CYS,Contrato CW 276532,Supervisión contractual,Sin Frente,Seguimiento al programa de trabajo – Definición de alcance de trabajo.,Si,CYS-CW276532-PHI-02962,No,,
383e0dbc,09/03/2026,CYS,Contrato CW 276532,Supervisión técnica,Casa de máquinas y obras anexas,Apuntalamiento columnas tipo 3 – Planos de taller.,Si,CYS-CW276532-PHI-02964,No,,
0300f9b6,09/03/2026,CYS,Contrato CW 276532,Supervisión técnica,Casa de máquinas y obras anexas,Túnel aspirador unidad 5 – Tuberías embebidas – Planos de taller,Si,CYS-CW276532-PHI-02966,No,16/marzo/2026,INT-OC-CYS-606/26
1ce4c5f9,09/03/2026,CYS,Contrato CW 276532,Supervisión técnica,Túneles de aspiración,Tuberías embebidas túnel aspiración unidad 6 Planos de taller.,Si,CYS-CW276532-PHI-02967,No,,
2565ee7b,09/03/2026,CYS,Contrato CW 276532,Supervisión de seguridad y salud en el trabajo,Casa de máquinas y obras anexas,Solicitud de cierre de novedad – Documentación y controles de seguridad Mastrobomba,No,,No,18/marzo/2026,INT-OC-CYS-642/26
9270f3d2,09/03/2026,CYS,Contrato CW 276532,Supervisión técnica,Túneles de aspiración,Tuberías embebidas túnel aspiración unidad 6 Planos de taller.,Si,CYS-CW276532-PHI-02967,No,16/marzo/2026,INT-OC-CYS-605/26
1940aa92,09/03/2026,CYS,Contrato CW 276532,Supervisión de seguridad y salud en el trabajo,Sin Frente,Hallazgos sin atención inspección conjunta No. 89,No,,Si,10/marzo/2026,INT-OC-CYS-533/26
0665ebe1,09/03/2026,CYS,Contrato CW 276532,Supervisión técnica,Almenaras y obras anexas,Vigas EL.232.40 – Planos y cartillas de refuerzo.,Si,CYS-CW276532-PHI-02968,No,,
f6320ff2,09/03/2026,CYS,Contrato CW 276532,Supervisión de seguridad y salud en el trabajo,Sin Frente,Presentación hoja de vida personal brigada profesional.,Si,CYS-CW276532-PHI-02969,No,17/marzo/2026,INT-OC-CYS-620/26
67eaa744,09/03/2026,CYS,Contrato CW 276532,Supervisión de seguridad y salud en el trabajo,Sin Frente,Falta de asignación de gestor SST,Si,CYS-CW276532-PHI-02970,No,,
e7830564,09/03/2026,CYS,Contrato CW 276532,Supervisión técnica,Sin Frente,Informe técnico mensual febrero de 2026.,Si,CYS-CW276532-PHI-02972,No,13/marzo/2026,INT-OC-CYS-573/26
8e69eea5,09/03/2026,CYS,Contrato CW 276532,Supervisión técnica,Conducciones zona sur,Pozos de presión 5 a 8 – Premisas para la definición del tratamiento primario y secundario del sostenimiento para la rehabilitación,Si,CYS-CW276532-PHI-02975,No,,
e2099920,10/03/2026,CYS,Contrato CW 276532,Supervisión de costos,Sin Frente,Orden de ejecución actividades de obra extra,No,,Si,10/marzo/2026,INT-OC-CYS-534/26
a6966b7a,10/03/2026,CYS,Contrato CW 276532,Supervisión de seguridad y salud en el trabajo,Sin Frente,Requerimiento perentorio de información sobre protocolos de Salud Pública ante caso IRAGI,Si,CYS-CW276532-PHI 02973,No,20/marzo/2026,INT-OC-CYS-651/26
70ccab31,10/03/2026,CYS,Contrato CW 276532,Supervisión de seguridad y salud en el trabajo,Sin Frente,Información posible caso IRAG- Investigación accidente laboral de Jhon Jair Posada,Si,CYS-CW276532-PHI 02974,No,17/marzo/2026,INT-OC-CYS-619/26
66a6ab3e,10/03/2026,CYS,Contrato CW 276532,Supervisión de control de laboratorio ensayos de calidad,Sin Frente,Seguimiento de equipos de medición y plantas de concreto,No,,No,13/marzo/2026,INT-OC-CYS-569/26
40958c16,10/03/2026,CYS,Contrato CW 276532,Supervisión de seguridad y salud en el trabajo,Sin Frente,Validación de controles operativos y de ingeniería para la construcción de Pantalla Cortaflujo,No,,No,10/marzo/2026,INT-OC-CYS-535/26
b54b541d,10/03/2026,CYS,Contrato CW 276532,Supervisión técnica,Túneles de aspiración,Aspirador 5 – Concreto masivo tramo 0 – Etapa 1 Camada 3 – Control de temperatura.,Si,CYS-CW276532-PHI-02978,No,,
4ebc4812,10/03/2026,CYS,Contrato CW 276532,Supervisión técnica,Túneles de aspiración,Aspirador 6 – Concreto masivo tramo 0 – Etapa 1 Camada 2 y 3 – Control de temperatura.,Si,CYS-CW276532-PHI-02979,No,,
6949ac7c,10/03/2026,CYS,Contrato CW 276532,Supervisión técnica,Presa y obras anexas,"Informe hoja de vida Panel P6 – Pantalla Corta flujo, Espaldón Aguas Abajo.",Si,CYS-CW276532-PHI-02971,No,,
adfd2ff8,10/03/2026,CYS,Contrato CW 276532,Supervisión de riesgos,Sin Frente,Informe mensual de la gestión de riesgos – Enero 2026,Si,CYS-CW276532-PHI-02976,No,16/marzo/2026,INT-OC-CYS-615/26
32e2296f,10/03/2026,CYS,Contrato CW 276532,Supervisión técnica,Casa de máquinas y obras anexas,Planos y cartillas de refuerzo - Losa EL.204.10 Unidad 6,Si,CYS-CW276532-PHI-02977,No,,
f045411c,10/03/2026,CYS,Contrato CW 276532,Supervisión técnica,Casa de máquinas y obras anexas,Tiempo para desencofrado,No,,No,13/marzo/2026,INT-OC-CYS-571/26
7e37edd2,11/03/2026,CYS,Contrato CW 276532,Supervisión socioambiental,Sin Frente,"Hallazgos sin atención inspección conjunta No, 77 y 78.",Si,CYS-CW276532-PHI-02980,No,21/marzo/2026,INT-OC-CYS-663/26
bb8dadd2,11/03/2026,CYS,Contrato CW 276532,Supervisión socioambiental,Instalaciones provisionales obras finales,Acta de entrega área específica acopio de acero figurado 2,No,,Si,12/marzo/2026,INT-OC-CYS-559/26
e7f2de03,11/03/2026,CYS,Contrato CW 276532,Supervisión socioambiental,Sin Frente,Informe socioambiental correspondiente al mes de febrero de 2026.,Si,CYS-CW276532-PHI-02981,No,24/marzo/2026,INT-OC-CYS-686/26
bde26a09,11/03/2026,CYS,Contrato CW 276532,Supervisión socioambiental,Sin Frente,Derecho de petición de Ruben Darío Giraldo.,Si,CYS-CW276532-PHI-02982,No,17/marzo/2026,INT-OC-CYS-616/26
a5f64e03,11/03/2026,CYS,Contrato CW 276532,Supervisión de seguridad y salud en el trabajo,Sin Frente,"Solicitud de mediciones y análisis de peligros físicos y quimicos como ruido, iluminación, Material particulado, humos metalicos, estrés térmico y gases",Si,CYS-CW276532-PHI-02983,No,23/marzo/2026,INT-OC-CYS-672/26
60e3be07,11/03/2026,CYS,Contrato CW 276532,Supervisión de control de laboratorio ensayos de calidad,Sin Frente,"Registros cargue, plantas de concreto.",Si,CYS-CW276532-PHI-02984,No,16/marzo/2026,INT-OC-CYS-603/26
c8394074,11/03/2026,CYS,Contrato CW 276532,Supervisión técnica,Sin Frente,Entrega acta de comité de obra No. 107,No,,Si,12/marzo/2026,INT-OC-CYS-556/26
bf7bfc33,11/03/2026,CYS,Contrato CW 276532,Supervisión técnica,Casa de máquinas y obras anexas,Acta de transferencia de zona de trabajo- Tubo de aspiración UG6 ejes 29 y 30,No,,Si,13/marzo/2026,INT-OC-CYS-570/26
78158033,11/03/2026,CYS,Contrato CW 276532,Supervisión socioambiental,Sin Frente,Cierre de inspección conjunta GI-AM-02-26,No,,No,,
043c0b96,11/03/2026,CYS,Contrato CW 276532,Supervisión socioambiental,Sin Frente,Cierre de inspección conjunta GI-AM-02-26,No,,Si,12/marzo/2026,INT-OC-CYS-560/26
ff10013f,11/03/2026,CYS,Contrato CW 276532,Supervisión técnica,Almenaras y obras anexas,Galería de construcción superior sur- Ramal de acceso Almenara 2,No,,No,16/marzo/2026,INT-OC-CYS-604/26
6825b641,11/03/2026,CYS,Contrato CW 276532,Supervisión técnica,Caverna de transformadores y obras anexas,"Solicitud de planos para construcción de la caverna de transformadores, Túnel de acceso y galerías de construcción",Si,CYS-CW276532-PHI-02961,No,17/marzo/2026,INT-OC-CYS-617/26
2846de87,11/03/2026,CYS,Contrato CW 276532,Supervisión técnica,Conducciones zona sur,"Certificación de pórtico grúa CSM-03124 GP-02-CYS, Cap. 15 Toneladas / 5 Toneladas, pozo de presión # 6.",Si,CYS-CW276532-PHI-02985,No,23/marzo/2026,INT-OC-CYS-674/26
674c24c8,11/03/2026,CYS,Contrato CW 276532,Supervisión técnica,Túneles de aspiración,Aspirador 6 – Concreto masivo tramo 0 – Etapa 1 Camada 1 – Control de temperatura.,Si,CYS-CW276532-PHI-02986,No,,
93444c8f,11/03/2026,CYS,Contrato CW 276532,Supervisión de seguridad y salud en el trabajo,Sin Frente,Informe de gestión mensual – SST- febrero 2026.,Si,CYS-CW276532-PHI-02987,No,24/marzo/2026,INT-OC-CYS-683/26
8d633a18,11/03/2026,CYS,Contrato CW 276532,Supervisión técnica,Sin Frente,Evaluación de retiro de redes de servicio inactivas.,Si,CYS-CW276532-PHI-02988,No,,
4246bd4f,11/03/2026,CYS,Contrato CW 276532,Supervisión técnica,Casa de máquinas y obras anexas,Registro de actividades - Obras extras y adicionales Solicitud autorización ejecución de actividades,Si,CYS-CW276532-PHI-02989,No,,
5d2282e9,11/03/2026,CYS,Contrato CW 276532,Supervisión técnica,Casa de máquinas y obras anexas,"Muro de hastial aguas arriba - Fisuras en concretos de las extensiones correspondientes a las unidades N.°5, N.°6 y N.°7",Si,D-PHI-COP-0154-2026,No,,
2d62b6bf,11/03/2026,CYS,Contrato CW 276532,Supervisión técnica,Casa de máquinas y obras anexas,"Entrega de planos para construcción estructurales del concreto masivo de la cámara espiral – Unidad 5, pertenecientes a la serie D/DC-PHI-062-CCM-L4-S-###.",Si,D-PHI-COP-0155-2026,Si,14/marzo/2026,INT-OC-CYS-577/26
232e29f6,11/03/2026,CYS,Contrato CW 276532,Supervisión técnica,Sin Frente,Registros de afectación operativa – Inactividad de personal y maquinaria.,Si,CYS-CW276532-PHI-02956,No,,
54d5a2e1,12/03/2026,CYS,Contrato CW 276532,Supervisión técnica,Casa de máquinas y obras anexas,Tensores estructurales Unidades 5 y 6,No,,No,12/marzo/2026,INT-OC-CYS-564/26
99b14516,12/03/2026,CYS,Contrato CW 276532,Supervisión técnica,Casa de máquinas y obras anexas,Entrega acta de transferencia de zonas de trabajo- Zona 1 entre ejes 20 y 21.,No,,Si,13/marzo/2026,INT-OC-CYS-568/26
897ead1a,12/03/2026,CYS,Contrato CW 276532,Supervisión técnica,Casa de máquinas y obras anexas,Instrumentación geotécnica consolas de lectura,Si,CYS-CW276532-PHI-02606,No,,
f5933ae4,12/03/2026,CYS,Contrato CW 276532,Supervisión socioambiental,Sin Frente,Traslado reclamación administrativa interpuesta por el señor Néstor Bastos Zabala.,No,,Si,13/marzo/2026,INT-OC-CYS-574/26
94c0a5e8,12/03/2026,CYS,Contrato CW 276532,Supervisión técnica,Casa de máquinas y obras anexas,"Tubos de aspiración. Entrega de planos en nueva revisión para aclarar posición de acero de refuerzo de la losa El. 199,86",Si,D-PHI-COP-0156-2026,No,15/marzo/2026,INT-OC-CYS-586/26
c5ff6055,12/03/2026,CYS,Contrato CW 276532,Supervisión técnica,Casa de máquinas y obras anexas,Evaluación secuencia de demolición del sostenimiento y restitución del revestimiento de las Galerías de Barras N° 6 y N° 8,Si,D-PHI-COP-0157-2026,Si,16/marzo/2026,INT-OC-CYS-602/26
2fbd7b28,12/03/2026,CYS,Contrato CW 276532,Supervisión técnica,Presa y obras anexas,Medidor de infiltraciones Aclaración ejecución paneles P-10  M-10 de la pantalla. Consulta remate de excavaciones de talud de margen derecha según diseño.,Si,D-PHI-COP-0160-2026,Si,15/marzo/2026,INT-OC-CYS-578/26
e565313d,13/03/2026,CYS,Contrato CW 276532,Supervisión técnica,Casa de máquinas y obras anexas,Extensión de muros aguas arriba Unidades No. 5 No. 6 y No.7 - Tratamiento de fisuras,No,,Si,13/marzo/2026,INT-OC-CYS-566/26
436d53b9,13/03/2026,CYS,Contrato CW 276532,Supervisión de seguridad y salud en el trabajo,Sin Frente,Accidente laboral de Stiben Alejandro Barrientos Rodriguez,Si,CYS-CW276532-PHI-02990,No,24/marzo/2026,INT-OC-CYS-681/26
677b05f4,13/03/2026,CYS,Contrato CW 276532,Supervisión de costos,Casa de máquinas y obras anexas,Orden de ejecución actividades obra extra,Si,CYS-CW276532-PHI-02991,No,1/abril/2026,INT-OC-CYS-755/26
c4737ac7,13/03/2026,CYS,Contrato CW 276532,Supervisión técnica,Sin Frente,Accidente laboral de Oscar David Mesa,Si,CYS-CW276532-PHI-02993,No,24/marzo/2026,INT-OC-CYS-682/26
b824bf27,13/03/2026,CYS,Contrato CW 276532,Supervisión técnica,Casa de máquinas y obras anexas,Temperatura de colocación del concreto para dado de cimentación e columna tipo 4 entre unidades 7 y 8,Si,NC-069-26,No,15/marzo/2026,INT-OC-CYS-587/26
df22e5e3,13/03/2026,CYS,Contrato CW 276532,Supervisión técnica,Casa de máquinas y obras anexas,"Aclaración de cantidad de estribos a instalar en las vigas a carteladas del nivel 232,40 del pórtico de Almenara 2, en los ejes A hasta I",Si,NC-071-26,Si,15/marzo/2026,INT-OC-CYS-588/26
ff8c31f1,13/03/2026,CYS,Contrato CW 276532,Supervisión técnica,Casa de máquinas y obras anexas,"Revisión de condiciones de apoyo de las columnas tipo 4, hacia aguas arriba, entre unidades 5-6 y 7-8. Ajuste en niveles de excavación en roca para apoyo de la columna tipo 4 entre unidades 7-8",Si,NC-072-26,Si,15/marzo/2026,INT-OC-CYS-589/26
19d15819,13/03/2026,CYS,Contrato CW 276532,Supervisión técnica,Conducciones zona sur,Excavación pozos de presión 5 y 6 Premisas para la definición del tratamiento primario y secundario del sostenimiento para la rehabilitación de los pozos de presión 5 y 6,SI,D-PHI-COP-0159-2026,No,16/marzo/2026,INT-OC-CYS-612/26
a74a0352,13/03/2026,CYS,Contrato CW 276532,Supervisión técnica,Sin Frente,Recorrido de obra Mesa de constructibilidad 17 de enero de 2026,Si,D-PHI-COP-0162-2026,No,,
1276b8e9,14/03/2026,CYS,Contrato CW 276532,Supervisión de seguridad y salud en el trabajo,Sin Frente,Respuesta al requerimiento de aclaración de caso. Omisión de,Si,CYS-CW276532-PHI-02992,No,25/marzo/2026,INT-OC-CYS-689/26
ba48cece,14/03/2026,CYS,Contrato CW 276532,Supervisión de seguridad y salud en el trabajo,Sin Frente,Accidente laboral de Ezequiel de Jesús Alean Monterrosa,Si,CYS-CW276532-PHI-02994,No,24/marzo/2026,INT-OC-CYS-684/26
26a276ef,14/03/2026,CYS,Contrato CW 276532,Supervisión técnica,Sin Frente,Recorrido de obra mesa de constructibilidad 31 de enero de 2026.,Si,D-PHI-COP-0163-2026,No,,
85591cda,14/03/2026,CYS,Contrato CW 276532,Supervisión técnica,Casa de máquinas y obras anexas,"Unidades 5 a 8 Losa de niveles 199,00 y 199,86 Aclaración de información indicada en el plano D-PHI-062-CCM-L2-S-060",Si,D-PHI-COP-0165-2026,Si,15/marzo/2026,INT-OC-CYS-596/26
357fd79e,14/03/2026,CYS,Contrato CW 276532,Supervisión técnica,Casa de máquinas y obras anexas,Instalación de material aislante en puntos de contacto entre la tubería de equilibrio de la turbina y barras de acero de refuerzo al carbono del muro recinto de la turbina de la unidad N°5.,Si,NC-073-26,Si,15/marzo/2026,INT-OC-CYS-591/26
7026496e,15/03/2026,CYS,Contrato CW 276532,Supervisión de seguridad y salud en el trabajo,Sin Frente,Remisión ayuda de memoria No.33 - Seguimiento epidemiológico posibles casos IRA,No,,Si,16/marzo/2026,INT-OC-CYS-610/26
c655eddb,15/03/2026,CYS,Contrato CW 276532,Supervisión técnica,Conducciones zona sur,Reporte de Exposición de marcos metálicos y Déficit de Recubrimiento,No,,No,,
6060470c,15/03/2026,CYS,Contrato CW 276532,Supervisión técnica,Presa y obras anexas,Remisión hoja de vida modulo 1,Si,CYS-CW276532-PHI-02995,No,,
0f34c81d,15/03/2026,CYS,Contrato CW 276532,Supervisión técnica,Almenaras y obras anexas,Procedimientos y calificaciones de soldadura AWS D1-4,Si,CYS-CW276532-PHI-02997,No,23/marzo/2026,INT-OC-CYS-673/26
b48d3c4e,15/03/2026,CYS,Contrato CW 276532,Supervisión de seguridad y salud en el trabajo,Sin Frente,Accidente laboral John Edison Sánchez,Si,CYS-CW276532-PHI-02998,No,28/marzo/2026,INT-OC-CYS-719/26
ebae28da,15/03/2026,CYS,Contrato CW 276532,Supervisión técnica,Sin Frente,Registro geológico geotécnico de recobros de perforación,Si,CYS-CW276532-PHI-02999,No,25/marzo/2026,INT-OC-CYS-692/26
8c03de72,15/03/2026,CYS,Contrato CW 276532,Supervisión técnica,Sin Frente,Galería barras Plataforma para ingreso de equipo de demolición plano y memoria de calculo,Si,CYS-CW276532-PHI-03000,No,,
8e7bb259,15/03/2026,CYS,Contrato CW 276532,Supervisión técnica,Almenaras y obras anexas,Almenara 2 soportes de tubería Planos y cartilla de refuerzo,Si,CYS-CW276532-PHI-03001,No,,
c80abdf8,15/03/2026,CYS,Contrato CW 276532,Supervisión técnica,Consolidación y conglomeración macizo perturbado zona sur,Ramales de acceso a las conducciones superiores 5 y 6,Si,CYS-CW276532-PHI-03002,No,31/marzo/2026,INT-OC-CYS-746/26
b2e10508,15/03/2026,CYS,Contrato CW 276532,Supervisión técnica,Casa de máquinas y obras anexas,Planos del sistema de puesta a tierra casa de maquinas El 205.45 y 211.90.,Si,CYS-CW276532-PHI-03003,No,19/marzo/2026,INT-OC-CYS-643/26
e44fe64a,15/03/2026,CYS,Contrato CW 276532,Supervisión de control de laboratorio ensayos de calidad,Sin Frente,Plan de calibración plantas de concreto de respaldo,Si,CYS-CW276532-PHI-03004,No,,
ae93e441,15/03/2026,CYS,Contrato CW 276532,Supervisión técnica,Conducciones zona sur,Pozos de presión N°5 y N°6 - Criterios para el avance de excavación,No,,Si,17/marzo/2026,INT-OC-CYS-624/26
88785ce6,15/03/2026,CYS,Contrato CW 276532,Supervisión de seguridad y salud en el trabajo,Sin Frente,Presentación hoja de vida personal tripulación,Si,CYS-CW276532-PHI-03005,No,30/marzo/2026,INT-OC-CYS-730/26
ce117e81,15/03/2026,CYS,Contrato CW 276532,Supervisión técnica,Casa de máquinas y obras anexas,Casa de maquinas Losa EL 20.10 Unidad 7 Planos y cartilla de refuerzo,Si,CYS-CW276532-PHI-03006,No,,
9e24742d,15/03/2026,CYS,Contrato CW 276532,Supervisión de seguridad y salud en el trabajo,Sin Frente,Aprobación hoja de vida personal SST y brigadista,Si,CYS-CW276532-PHI-03007,No,28/marzo/2026,INT-OC-CYS-721/26
6496ca20,15/03/2026,CYS,Contrato CW 276532,Supervisión técnica,Presa y obras anexas,Cronograma perforación para inyección de aglutinamiento,Si,CYS-CW276532-PHI-03008,No,,
5c27d22a,15/03/2026,CYS,Contrato CW 276532,Supervisión técnica,Sin Frente,Solicitud de definición técnica talud derecho de capitanes,Si,CYS-CW276532-PHI-03009,No,,
5b081cbd,15/03/2026,CYS,Contrato CW 276532,Supervisión de control de laboratorio ensayos de calidad,Presa y obras anexas,Resultados panel de prueba,Si,D-PHI-COP-0167-2026,No,,
30a7cda9,15/03/2026,CYS,Contrato CW 276532,Supervisión técnica,Túneles de aspiración,"Ajuste del refuerzo del tramo 4 en túneles de aspiración, por extensión hacia aguas arriba de la viga en nivel 201,70 del pórtico Almenara 2",Si,D-PHI-COP-0168-2026,Si,17/marzo/2026,INT-OC-CYS-625/26
6606786c,15/03/2026,CYS,Contrato CW 276532,Supervisión técnica,Casa de máquinas y obras anexas,"Complemento a la nota de campo, NC-072-26, relacionado con las condiciones de apoyo de las columnas tipo 4, hacia aguas arriba, entre unidades 5-6 y 7-8. Definición de niveles de excavación en rocas para apoyo del dado de cimentación.",Si,NC-074-26-CM,Si,17/marzo/2026,INT-OC-CYS-621/26
77db6a58,15/03/2026,CYS,Contrato CW 276532,Supervisión técnica,Obras en las descargas,"Almenara 2 interferencia de cabezal de tensor geotécnico con refuerzo longitudinal de viga de eje 1 del pórtico de Almenara 2 en el nivel 232,40 en tramo entre ejes C-D",Si,NC-075-26,Si,16/marzo/2026,INT-OC-CYS-613/26
87783274,16/03/2026,CYS,Contrato CW 276532,Supervisión técnica,Sin Frente,Formalización compromisos recorrido de obra –07 de marzo de 2026.,No,,Si,17/marzo/2026,INT-OC-CYS-618/26
ec5ef991,16/03/2026,CYS,Contrato CW 276532,Supervisión técnica,Conducciones zona sur,Resistencia mínima del Graut para instalación de rieles de pórtico grúa,No,,No,21/marzo/2026,INT-OC-CYS-656/26
9661ed0a,16/03/2026,CYS,Contrato CW 276532,Supervisión de seguridad y salud en el trabajo,Sin Frente,Accidente laboral de Juan Diego Marín,Si,CYS-CW276532-PHI-02996,No,29/marzo/2026,INT-OC-CYS-724/26
051f8df2,16/03/2026,CYS,Contrato CW 276532,Supervisión socioambiental,Sin Frente,Observaciones informe mensual socioambiental correspondiente al mes de enero de 2026,Si,CYS-CW276532-PHI-03010,No,21/marzo/2026,INT-OC-CYS-658/26
a14093c7,16/03/2026,CYS,Contrato CW 276532,Supervisión técnica,Casa de máquinas y obras anexas,Culata Sur - Actualización de planos estructurales Edificio de Servicios Sur,Si,D-PHI-COP-0173-2026,Si,18/marzo/2026,INT-OC-CYS-635/26
6dfc120a,17/03/2026,CYS,Contrato CW 276532,Supervisión de seguridad y salud en el trabajo,Sin Frente,Desviaciones subestandar durante proceso de voladuras,No,,No,21/marzo/2026,INT-OC-CYS-661/26
63b206e5,17/03/2026,CYS,Contrato CW 276532,Supervisión de seguridad y salud en el trabajo,Sin Frente,incumplimiento organizacional personal bombero y/o rescatista,No,,No,,
db4fc2c2,17/03/2026,CYS,Contrato CW 276532,Supervisión socioambiental,Sin Frente,Entrega del acta de comité socioambiental No. 51.,No,,Si,17/marzo/2026,INT-OC-CYS-622/26
2b84c5d4,17/03/2026,CYS,Contrato CW 276532,Supervisión técnica,Presa y obras anexas,Tratamiento de taludes hacia la margen derecha de la pantalla,Si,NC-079-26,Si,18/marzo/2026,INT-OC-CYS-637/26
29160d7c,17/03/2026,CYS,Contrato CW 276532,Supervisión técnica,Casa de máquinas y obras anexas,"Definición de conectores para transferencia de cortante entre la base de la columna tipo 4 entre unidades 7 y 8, y, el dado de cimentación respectivo.",Si,NC-077-26,No,18/marzo/2026,INT-OC-CYS-636/26
a6348d01,17/03/2026,CYS,Contrato CW 276532,Supervisión técnica,Almenaras y obras anexas,Oficialización instructivos de campo asociados a las actividades de rehabilitación de las obras subterráneas IC-056-2026 a IC-059-2026.,Si,D-PHI-COP-0175-2026,Si,18/marzo/2026,INT-OC-CYS-638/26
783f38c1,17/03/2026,CYS,Contrato CW 276532,Supervisión técnica,Descarga intermedia,"Demarcación de franjas y tratamiento de superficie previo a ensayos ""Pull Off"" en canal aguas abajo de la cámara de compuertas de la DI",Si,NC-078-26,Si,18/marzo/2026,INT-OC-CYS-641/26
3a5fb15a,17/03/2026,CYS,Contrato CW 276532,Supervisión de seguridad y salud en el trabajo,Sin Frente,Formalización de compromisos del seguimiento semanal SST/HS en Obra - 13 marzo de 2026,No,,Si,19/marzo/2026,INT-OC-CYS-645/26
cba0c5a5,17/03/2026,CYS,Contrato CW 276532,Supervisión técnica,Casa de máquinas y obras anexas,Interferencia entre refuerzos longitudinales y transversales de viga virtual con blindaje y anillos de rigidez de tubo de aspiración de la unidad N.º 5,Si,NC-080-26,Si,18/marzo/2026,INT-OC-CYS-640/26
6fa01fd4,17/03/2026,CYS,Contrato CW 276532,Supervisión técnica,Obras en las descargas,"Intervención para la cavidad presente en la culata norte de la caverna de Almenara 2, en la zona donde conecta la losa de nivel 232,40 del pórtico de manejo de compuertas y la galería de aireación.",Si,NC-081-26,Si,18/marzo/2026,INT-OC-CYS-639/26
a0950fae,17/03/2026,CYS,Contrato CW 276532,Supervisión socioambiental,Instalaciones provisionales obras finales,Carpado de volquetas,Si,CYS-CW276532-PHI-03011,No,21/marzo/2026,INT-OC-CYS-659/26
8a794608,17/03/2026,CYS,Contrato CW 276532,Supervisión de seguridad y salud en el trabajo,Sin Frente,Aprobación hojas de vida personal SST.,Si,CYS-CW276532-PHI-03013,No,,
0a3c9d1c,17/03/2026,CYS,Contrato CW 276532,Supervisión de seguridad y salud en el trabajo,Sin Frente,Accidente laboral de José Antonio Yepes Pérez.,Si,CYS-CW276532-PHI-03014,No,31/marzo/2026,INT-OC-CYS-749/26
14e7c2f1,17/03/2026,CYS,Contrato CW 276532,Supervisión de seguridad y salud en el trabajo,Sin Frente,Accidente laboral de Pedro Luis Fruto Matute.,Si,CYS-CW276532-PHI-03015,No,,
1cbf86c8,17/03/2026,CYS,Contrato CW 276532,Supervisión de seguridad y salud en el trabajo,Sin Frente,Accidente laboral Jorge Manuel Ortega.,Si,CYS-CW276532-PHI-03016,No,,
bed68f44,17/03/2026,CYS,Contrato CW 276532,Supervisión de seguridad y salud en el trabajo,Sin Frente,Accidente laboral de Luis David Vargas Quiñones.,Si,CYS-CW276532-PHI-03017,No,,
2e5eb26e,17/03/2026,CYS,Contrato CW 276532,Supervisión de seguridad y salud en el trabajo,Sin Frente,Accidente laboral de Brayan Cuartas Areiza.,Si,CYS-CW276532-PHI-03021,No,,
f14cda7b,17/03/2026,CYS,Contrato CW 276532,Supervisión técnica,Galerías y pozos de compuertas,Pozos de presión 7 y 8 – Area de armado equipo Raise Boring.,Si,CYS-CW276532-PHI-03022,No,27/marzo/2026,INT-OC-CYS-705/26
ed05de28,17/03/2026,CYS,Contrato CW 276532,Supervisión técnica,Sin Frente,Registro de interferencias con sección del muro aguas abajo Unidad No 8.,Si,CYS-CW276532-PHI-03023,No,31/marzo/2026,INT-OC-CYS-744/26
186b3769,17/03/2026,CYS,Contrato CW 276532,Supervisión socioambiental,Instalaciones provisionales obras finales,Solicitud información EPM – Medición caudales ARD,Si,CYS-CW276532-PHI-03025,No,26/marzo/2026,INT-OC-CYS-699/26
d01e3b8e,17/03/2026,CYS,Contrato CW 276532,Supervisión de seguridad y salud en el trabajo,Sin Frente,Accidente laboral de Yeison Enrique Rojas Solis.,Si,CYS-CW276532-PHI-03026,No,,
7f82f241,17/03/2026,CYS,Contrato CW 276532,Supervisión de seguridad y salud en el trabajo,Sin Frente,Accidente laboral de Luis Ángel Rangel Torres,Si,CYS-CW276532-PHI-03027,No,,
6d45c64f,17/03/2026,CYS,Contrato CW 276532,Supervisión de seguridad y salud en el trabajo,Conducciones zona sur,Hallazgos sin atención inspección conjunta 90,No,,Si,23/marzo/2026,INT-OC-CYS-675/26
6e8eee80,17/03/2026,CYS,Contrato CW 276532,Supervisión técnica,Casa de máquinas y obras anexas,"Culata sur, actualización de planos estructurales edificio de servicios sur.",Si,D-PHI-COP-0178-2026,No,,
164e3b4f,17/03/2026,CYS,Contrato CW 276532,Supervisión técnica,Sin Frente,Registro de impactos por implementación de ajustes de refuerzo interferencia tensores tipo A – muro aguas abajo U7.,Si,CYS-CW276532-PHI-03012,No,,
a9da74f4,18/03/2026,CYS,Contrato CW 276532,Supervisión de seguridad y salud en el trabajo,Sin Frente,Accidente laboral de Andrés Julián González Castaño.,Si,CYS-CW276532-PHI-03020,No,,
74470f6f,18/03/2026,CYS,Contrato CW 276532,Supervisión de seguridad y salud en el trabajo,Sin Frente,Remisión ayuda de memoria No. 1 - Plan de ayuda mutua,No,,Si,19/marzo/2026,INT-OC-CYS-644/26
a5a9e313,18/03/2026,CYS,Contrato CW 276532,Supervisión de seguridad y salud en el trabajo,Sin Frente,Observaciones informe de cumplimiento ambiental ICA segundo semestre 2025,Si,CYS-CW276532-PHI-03024,No,,
8c9e3714,18/03/2026,CYS,Contrato CW 276532,Supervisión socioambiental,Sin Frente,Observaciones informe de cumplimiento ambiental ICA segundo semestre 2025,Si,CYS-CW276532-PHI-03024,No,20/marzo/2026,INT-OC-CYS-652/26
9e8adb59,18/03/2026,CYS,Contrato CW 276532,Supervisión socioambiental,Sin Frente,Actualización programa de implementación de medidas de manejo Ambiental – PIMMA,Si,CYS-CW276532-PHI-03031,No,26/marzo/2026,INT-OC-CYS-700/26
8ccbaef8,19/03/2026,CYS,Contrato CW 276532,Supervisión técnica,Túnel de acceso y galerías de construcción de la central,Levantamiento topográfico de la excavación de la galería suministrado por la Interventoría.,Si,D-PHI-COP-0179-2026,No,,
28de4a85,19/03/2026,CYS,Contrato CW 276532,Supervisión de seguridad y salud en el trabajo,Sin Frente,Disponibilidad tripulación de ambulancias brigadas de emergencia,Si,CYS-CW276532-PHI-03018,No,,
bdc7f0dd,19/03/2026,CYS,Contrato CW 276532,Supervisión de seguridad y salud en el trabajo,Sin Frente,Presentación hojas de vida personal SST.,Si,CYS-CW276532-PHI-03019,No,,
7749aa15,19/03/2026,CYS,Contrato CW 276532,Supervisión técnica,Sin Frente,Resultados pruebas GyroMaster en perforaciones solicitadas por asesoría.,Si,CYS-CW276532-PHI-03028,No,,
4290e0f5,19/03/2026,CYS,Contrato CW 276532,Supervisión técnica,Casa de máquinas y obras anexas,Localización Mastro bomba Unidad 8.,Si,CYS-CW276532-PHI-03029,No,,
96357497,19/03/2026,CYS,Contrato CW 276532,Supervisión técnica,Presa y obras anexas,Cronograma perforación para inyección de aglutinamiento,Si,CYS-CW276532-PHI-03030,No,,
74abdb11,19/03/2026,CYS,Contrato CW 276532,Supervisión técnica,Casa de máquinas y obras anexas,Losa EL.199.00 y EL.199.86 Unidad 8 – Planos y cartillas de refuerzo.,Si,CYS-CW276532-PHI-03032,No,,
54de9a0a,19/03/2026,CYS,Contrato CW 276532,Supervisión técnica,Galerías y pozos de compuertas,Excavación parte alta – Complemento tratamiento en la zona de la excavación,Si,CYS-CW276532-PHI-03033,No,,
c422efb0,19/03/2026,CYS,Contrato CW 276532,Supervisión de seguridad y salud en el trabajo,Sin Frente,Accidente laboral de Andrés Felipe Urrea Gómez.,Si,CYS-CW276532-PHI-03034,No,,
d18e2012,19/03/2026,CYS,Contrato CW 276532,Supervisión técnica,Casa de máquinas y obras anexas,Procedimiento de vaciado deficiente columna tipo 5 entre unidad 5 y 6,Si,CYS-CW276532-PHI-03035,No,30/marzo/2026,INT-OC-CYS-736/26
b60c4987,19/03/2026,CYS,Contrato CW 276532,Supervisión técnica,Instalaciones provisionales obras finales,Metodología para limpieza de la cara externa del talud de la plazoleta 435,Si,CYS-CW276532-PHI-03036,No,26/marzo/2026,INT-OC-CYS-698/26
d7799d15,19/03/2026,CYS,Contrato CW 276532,Supervisión técnica,Sin Frente,Formalización compromisos recorrido de obra – 14 de marzo de 2026.,No,,Si,21/marzo/2026,INT-OC-CYS-662/26
134355b9,19/03/2026,CYS,Contrato CW 276532,Supervisión de seguridad y salud en el trabajo,Conducciones zona sur,Hallazgos sin atención inspección conjunta 91,No,,Si,23/marzo/2026,INT-OC-CYS-676/26
3f4d86cb,19/03/2026,CYS,Contrato CW 276532,Supervisión técnica,Casa de máquinas y obras anexas,Aclaración sobre información en planos de tuberías de acero inoxidable embebidas.,Si,D-PHI-COP-0181-2026,Si,26/marzo/2026,INT-OC-CYS-697/26
37373a2e,19/03/2026,CYS,Contrato CW 276532,Supervisión técnica,Almenaras y obras anexas,"Oficialización instructivos de campo asociados a las actividades de rehabilitación de las obras subterráneas. Instructivos de campo IC-038-2026, IC-039-2026 e IC-050-2026.",Si,D-PHI-COP-0182-2026,Si,22/marzo/2026,INT-OC-CYS-665/26
cbf56d48,19/03/2026,CYS,Contrato CW 276532,Supervisión técnica,Almenaras y obras anexas,Recomendaciones galería de conexión - Entre Almenara 1 y Almenara 2,Si,NC-082-26,No,,
1d5f72f4,20/03/2026,CYS,Contrato CW 276532,Supervisión técnica,Almenaras y obras anexas,Galería de Conexión entre Almenaras - Actividades de Saneamiento de Concreto lanzado,No,,Si,21/marzo/2026,INT-OC-CYS-654/26
950dd90f,20/03/2026,CYS,Contrato CW 276532,Supervisión de control de laboratorio ensayos de calidad,Presa y obras anexas,Resultados panel de prueba,Si,D-PHI-COP-0185-2026,No,,
4c7aebe9,20/03/2026,CYS,Contrato CW 276532,Supervisión de seguridad y salud en el trabajo,Sin Frente,Solicitud investigación accidente laboral Breiner Mauricio Tapia Peña,Si,CYS-CW276532-PHI-03037,No,,
3c026ef3,20/03/2026,CYS,Contrato CW 276532,Supervisión de seguridad y salud en el trabajo,Sin Frente,(Ayuda de memoria No 32) Oficialización de documentación Andamios multidireccional extranjero.,Si,CYS-CW276532-PHI-03038,No,,
283780b2,20/03/2026,CYS,Contrato CW 276532,Supervisión de seguridad y salud en el trabajo,Sin Frente,Documentación Ambulancia TAB QLP204 .,Si,CYS-CW276532-PHI-03040,No,,
a52a9980,20/03/2026,CYS,Contrato CW 276532,Supervisión de seguridad física,Sin Frente,Condiciones actuales del proyecto - Afectaciones de seguridad y orden público.,Si,CYS-CW276532-PHI-03041,No,29/marzo/2026,INT-OC-CYS-722/26
07a49628,20/03/2026,CYS,Contrato CW 276532,Supervisión técnica,Instalaciones provisionales obras finales,Metodología para limpieza de la cara externa del talud de la plazoleta 435,Si,CYS-CW276532-PHI-03042,No,,
865ceacf,21/03/2026,CYS,Contrato CW 276532,Supervisión técnica,Casa de máquinas y obras anexas,Columna Tipo 4 entre unidades No. 5 y No. 6 - Reforzamiento del dado de cimentación,No,NC-083-26,Si,21/marzo/2026,INT-OC-CYS-660/26
2f7818cb,21/03/2026,CYS,Contrato CW 276532,Supervisión de seguridad y salud en el trabajo,Sin Frente,Formalización compromisos del seguimiento semanal SST/HS en obra - 20 de marzo de 2026,No,,Si,22/marzo/2026,INT-OC-CYS-667/26
904e0dc3,21/03/2026,CYS,Contrato CW 276532,Supervisión técnica,Casa de máquinas y obras anexas,Sitio 9 km 13+630 a km 13+770.,Si,D-PHI-COP-0186-2026,No,27/marzo/2026,INT-OC-CYS-704/26
faca5174,21/03/2026,CYS,Contrato CW 276532,Supervisión técnica,Casa de máquinas y obras anexas,"Oficialización instructivos de campo IC-061-2026, IC-062-2026, IC-063-2026 y IC-064-2026",Si,D-PHI-COP-0188-2026,Si,27/marzo/2026,INT-OC-CYS-712/26
3f853c2e,21/03/2026,CYS,Contrato CW 276532,Supervisión técnica,Casa de máquinas y obras anexas,"Detalles de pantalla de anclaje para reforzamiento del dado de cimentación de columna tipo 4, entre unidades 5 y 6.",Si,NC-083-26,No,,
a49bcfeb,21/03/2026,CYS,Contrato CW 276532,Supervisión técnica,Casa de máquinas y obras anexas,Seguimiento a fisuras en muro aguas abajo en zona sur de casa de máquinas.,Si,NC-084-26,No,22/marzo/2026,INT-OC-CYS-664/26
d9535004,21/03/2026,CYS,Contrato CW 276532,Supervisión técnica,Conducciones zona sur,"Pozo de presion 6: Revisión de Ancla BAL 10 hastial derecho Elev 338,65/338,05, la cual fue desplazada 20 cm hacia el interior del pozo, por actividad de perforacion en pozo 7.",Si,NC-085-26,No,22/marzo/2026,INT-OC-CYS-669/26
49c5d3ae,21/03/2026,CYS,Contrato CW 276532,Supervisión técnica,Caverna de transformadores y obras anexas,"Losa nivel 227,80.  Bordillo en hueco para barras fase aisladas.",Si,NC-086-26,No,22/marzo/2026,INT-OC-CYS-668/26
4d498c2d,21/03/2026,CYS,Contrato CW 276532,Supervisión contractual,Casa de máquinas y obras anexas,Registro de afectación – Ruta crítica – Entrega de áreas a cargo de otro contratista – Unidades 5 y 6 – Posible desviación programática.,Si,CYS-CW276532-PHI-03039,No,27/marzo/2026,INT-OC-CYS-709/26
5ff25e19,21/03/2026,CYS,Contrato CW 276532,Supervisión técnica,Presa y obras anexas,Plataforma zona de embarcadero margen izquierda de la presa,Si,CYS-CW276532-PHI-03044,No,,
88c1e71e,21/03/2026,CYS,Contrato CW 276532,Supervisión de seguridad y salud en el trabajo,Conducciones zona sur,Requerimiento de medidas correctivas y control operacional ante presunto Accidente grave en Pozos de Presión Ramal 6.,No,,No,23/marzo/2026,INT-OC-CYS-677/26
a3aedecb,22/03/2026,CYS,Contrato CW 276532,Supervisión socioambiental,Sin Frente,Remisión acta comité social específico No.27,No,,Si,24/marzo/2026,INT-OC-CYS-685/26
0eb77c9c,22/03/2026,CYS,Contrato CW 276532,Supervisión técnica,Casa de máquinas y obras anexas,Oficialización instructivos de campo IC-068-2026 y IC-069-2026,Si,D-PHI-COP-0192-2026,Si,24/marzo/2026,INT-OC-CYS-680/26
b127fba6,23/03/2026,CYS,Contrato CW 276532,Supervisión de seguridad física,Sin Frente,Observaciones informe de actividades de seguridad física - enero 2026,Si,CYS-CW276532-PHI-03043,No,29/marzo/2026,INT-OC-CYS-723/26
48a59fcc,23/03/2026,CYS,Contrato CW 276532,Supervisión de costos,Conducciones zona sur,Excavación Pozo de Presión No.5 – Estado de Avance Excavación – Solicitud de formalización de obras extra.,Si,CYS-CW276532-PHI-03045,Si,,
77e59fcb,23/03/2026,CYS,Contrato CW 276532,Supervisión de control de laboratorio ensayos de calidad,Sin Frente,Aprobación de diseño de mezclas mortero de relleno 14MPa.,Si,CYS-CW276532-PHI-03046,No,,
b662e101,23/03/2026,CYS,Contrato CW 276532,Supervisión técnica,Conducciones zona sur,Procedimiento constructivo – Recuperación del pozo de presión No 5.,Si,CYS-CW276532-PHI-03047,No,,
aca738a1,23/03/2026,CYS,Contrato CW 276532,Supervisión técnica,Conducciones zona sur,Procedimiento constructivo – Recuperación del pozo de presión No 5.,Si,CYS-CW276532-PHI-03047,No,30/marzo/2026,INT-OC-CYS-731/26
17121ead,23/03/2026,CYS,Contrato CW 276532,Supervisión técnica,Casa de máquinas y obras anexas,Viga carrilera aguas arriba columna eje 23 - Reemplazo de último anclaje de fijación,No,,Si,24/marzo/2026,INT-OC-CYS-679/26
fe0e76a7,23/03/2026,CYS,Contrato CW 276532,Supervisión técnica,Conducciones zona sur,"Oficialización instructivos de campo asociados a las actividades de rehabilitación de las obras subterráneas IC-054-2026, IC-055-2026, IC-065-2026 e IC-067-2026.",Si,D-PHI-COP-0193-2026,Si,28/marzo/2026,INT-OC-CYS-716/26
8b011bac,23/03/2026,CYS,Contrato CW 276532,Supervisión técnica,Conducciones zona sur,Oficialización instructivos de campo IC-060-2025 e IC-066-2025 asociado a las actividades de rehabilitación de las obras subterráneas.,Si,D-PHI-COP-0194-2026,Si,28/marzo/2026,INT-OC-CYS-714/26
40a936f6,23/03/2026,CYS,Contrato CW 276532,Supervisión técnica,Sin Frente,Formalización compromisos – Recorrido de obra - Mesa de constructibilidad 20 de diciembre de 2025.,Si,D-PHI-COP-0195-2026,No,,
aa8dee94,23/03/2026,CYS,Contrato CW 276532,Supervisión técnica,Sin Frente,Formalización compromisos – Recorrido de obra - Mesa de constructibilidad 29 de noviembre de 2025.,Si,D-PHI-COP-0196-2026,No,,
a395828f,23/03/2026,CYS,Contrato CW 276532,Supervisión técnica,Sin Frente,Formalización compromisos – Recorrido de obra - Mesa de constructibilidad 22 de noviembre de 2025.,Si,D-PHI-COP-0197-2026,No,,
ae48a685,23/03/2026,CYS,Contrato CW 276532,Supervisión técnica,Casa de máquinas y obras anexas,"Reemplazo del último anclaje de fijación del riel y reparación a tramo final de la viga carrilera ubicado hacia aguas arriba, sobre la columna del eje 23 de la zona sur de Casa de Máquinas",Si,NC-087-26,No,,
d02e3289,23/03/2026,CYS,Contrato CW 276532,Supervisión técnica,Túneles de aspiración,Instalación de material aislante en puntos de contacto entre tuberías y barras de acero de refuerzo en los Tuneles de Aspiración 5 a 8.,Si,NC-088-26,Si,25/marzo/2026,INT-OC-CYS-690/26
c6eea6a0,23/03/2026,CYS,Contrato CW 276532,Supervisión técnica,Presa y obras anexas,Pantalla cortaflujo - Talud estribo derecho - Mínimo avance tratamientos de soporte,No,,Si,28/marzo/2026,INT-OC-CYS-713/26
b5e7e8cf,24/03/2026,CYS,Contrato CW 276532,Supervisión técnica,Conducciones zona sur,Actualizacion instructivo campo IC-019-26,Si,D-PHI-COP-0198-2026,No,30/marzo/2026,INT-OC-CYS-726/26
4275d3c8,24/03/2026,CYS,Contrato CW 276532,Supervisión técnica,Casa de máquinas y obras anexas,Unidades 5 a 8 – Columna Tipo 4.,Si,D-PHI-COP-0200-2026,No,27/marzo/2026,INT-OC-CYS-711/26
b42a7c52,24/03/2026,CYS,Contrato CW 276532,Supervisión técnica,Descarga intermedia,Distribución de Termocuplas para el Recrecimiento del Tapón Preventivo.,No,,No,25/marzo/2026,INT-OC-CYS-687/26
f92c7028,24/03/2026,CYS,Contrato CW 276532,Supervisión técnica,Sin Frente,Registros de afectación operativa por bloqueo de acceso – Sector de Ticuita.,Si,CYS-CW276532-PHI-03048,No,,
e581fb92,24/03/2026,CYS,Contrato CW 276532,Supervisión de seguridad y salud en el trabajo,Sin Frente,Accidente laboral de Jorge Luis Hernández,Si,CYS-CW276532-PHI-03049,No,,
75e590cb,24/03/2026,CYS,Contrato CW 276532,Supervisión de seguridad y salud en el trabajo,Sin Frente,Accidente laboral de Carlos Andrés Palmera,Si,CYS-CW276532-PHI-03050,No,,
e907bacf,24/03/2026,CYS,Contrato CW 276532,Supervisión de seguridad y salud en el trabajo,Sin Frente,Accidente laboral de Yeison Arturo Meneses Zapata.,Si,CYS-CW276532-PHI-03051,No,,
90714ef1,24/03/2026,CYS,Contrato CW 276532,Supervisión técnica,Almenaras y obras anexas,Ménsulas para soporte de tuberías – Omisión de refuerzos preinstalados en columnas.,Si,CYS-CW276532-PHI-03052,No,27/marzo/2026,INT-OC-CYS-703/26
3a707a17,25/03/2026,CYS,Contrato CW 276532,Supervisión técnica,Casa de máquinas y obras anexas,Muro lateral aguas abajo Unidad 8. Interferencias del hastial de roca con la estructura del muro.,Si,D-PHI-COP-0201-2026,No,26/marzo/2026,INT-OC-CYS-693/26
76390312,25/03/2026,CYS,Contrato CW 276532,Supervisión de control de laboratorio ensayos de calidad,Sin Frente,Plan de calibración plantas de concreto de respaldo.,Si,CYS-CW276532-PHI-03053,No,,
eff86fb1,25/03/2026,CYS,Contrato CW 276532,Supervisión técnica,Casa de máquinas y obras anexas,"Casa Maquinas Edificio Servicio Sur Losa EL 188.50 Vigas EL 188.000 Base Ascensor hasta EL 193.00 Dado para Muro en L hasta losa EL 199.00 Columnas A40, A42, A40, A41, A42, B40, B41, B42, C40, D41, C41, D40, C42 hasta EL 193.00 Escalera tipo 1",Si,CYS-CW276532-PHI-03054,No,,
77df22a5,25/03/2026,CYS,Contrato CW 276532,Supervisión técnica,Sin Frente,Envío actas de entrega de bienes Nros. 59-057 y 59-058.,No,,Si,25/marzo/2026,INT-OC-CYS-691/26
1e07a72b,25/03/2026,CYS,Contrato CW 276532,Supervisión técnica,Túneles de aspiración,Tubo de Aspiración - Unidades 5 y 6 - Actas de Transferencia de Zonas de Trabajo.,No,,Si,27/marzo/2026,INT-OC-CYS-702/26
66b0d9f8,25/03/2026,CYS,Contrato CW 276532,Supervisión técnica,Casa de máquinas y obras anexas,Muros laterales aguas arriba y aguas abajo. Entrega de planos para construcción de los conectores de cortante para concreto masivo de la cámara espiral.,Si,D-PHI-COP-0203-2026,No,27/marzo/2026,INT-OC-CYS-710/26
115cf949,25/03/2026,CYS,Contrato CW 276532,Supervisión técnica,Casa de máquinas y obras anexas,Alternativa para soldadura del refuerzo principal de la ménsula en la Unidad 5,Si,NC-089-26,No,26/marzo/2026,INT-OC-CYS-695/26
a890804f,25/03/2026,CYS,Contrato CW 276532,Supervisión técnica,Casa de máquinas y obras anexas,Tratamiento para fisuras detectadas en la extensión del muro aguas arriba de la Unidad 8,Si,NC-090-26,No,26/marzo/2026,INT-OC-CYS-694/26
d8d450e1,25/03/2026,CYS,Contrato CW 276532,Supervisión técnica,Túneles de aspiración,Conectores Afectados en Junta entre Tramo 1 y 2 de los Túneles de Aspiración No. 05 y No. 06,No,,No,,
a97f2818,25/03/2026,CYS,Contrato CW 276532,Supervisión técnica,Casa de máquinas y obras anexas,Viabilidad técnica de operar temporalmente el puente grúa principal con cargas de hasta 117 toneladas hasta la unidad Nº 6,No,,No,26/marzo/2026,INT-OC-CYS-696/26
1051fe49,26/03/2026,CYS,Contrato CW 276532,Supervisión técnica,Sin Frente,Entrega actas de comité de obra Nos-108-109,No,,Si,26/marzo/2026,INT-OC-CYS-701/26
50e2affb,26/03/2026,CYS,Contrato CW 276532,Supervisión de seguridad y salud en el trabajo,Sin Frente,Reiteración solicitud observaciones procedimiento para operación segura de levantamiento mecánico de personas y cargas.,Si,CYS-CW276532-PHI-03055,No,,
3c2ca558,26/03/2026,CYS,Contrato CW 276532,Supervisión de seguridad y salud en el trabajo,Sin Frente,Accidente laboral de Ezequiel de Jesús Alean Monterrosa,Si,CYS-CW276532-PHI-03056,No,,
98e1a6ba,26/03/2026,CYS,Contrato CW 276532,Supervisión técnica,Casa de máquinas y obras anexas,"Extensión de muros aguas arriba unidades N°5, N°6, N°7 Tratamiento de fisuras.",Si,CYS-CW276532-PHI-03057,No,,
e90160e9,26/03/2026,CYS,Contrato CW 276532,Supervisión técnica,Casa de máquinas y obras anexas,Curado de estructuras deficientes,No,,No,30/marzo/2026,INT-OC-CYS-738/26
9f69279a,26/03/2026,CYS,Contrato CW 276532,Supervisión técnica,Casa de máquinas y obras anexas,"Piso generadores EL. 211,90 Entrega de planos para construcción de pedestales, tapa metálica modular removible y tapa desmontaje de la turbina",Si,D-PHI-COP-0204-2026,Si,28/marzo/2026,INT-OC-CYS-715/26
b50fb8b6,26/03/2026,CYS,Contrato CW 276532,Supervisión técnica,Conducciones zona sur,Conducciones  Zona Sur Traslado Concepto Técnico Barreno-INY-GC-ZS-17,Si,D-PHI-COP-0205-2026,No,,
4c36d0ff,26/03/2026,CYS,Contrato CW 276532,Supervisión técnica,Almenaras y obras anexas,Almenara N°2 entrega de planos para construcción en revisión 2. Obra civil de la cámara de operación y control.,Si,D-PHI-COP-0206-2026,Si,28/marzo/2026,INT-OC-CYS-717/26
a857132a,26/03/2026,CYS,Contrato CW 276532,Supervisión técnica,Conducciones zona sur,"Oficialización instructivos de campo IC-070-2026,  IC-071-2026, IC-072-2026, IC-073-2026, asociado a las actividades de rehabilitación de las obras subterráneas",Si,D-PHI-COP-0208-2026,Si,30/marzo/2026,INT-OC-CYS-727/26
5f0ba226,26/03/2026,CYS,Contrato CW 276532,Supervisión técnica,Casa de máquinas y obras anexas,Drenajes Casa de Máquinas Edificio de Servicios Sur,Si,NC-091-26,Si,30/marzo/2026,INT-OC-CYS-735/26
ee1b0359,27/03/2026,CYS,Contrato CW 276532,Supervisión técnica,Conducciones zona sur,Pozos Presión entrega ficha técnica equipo de perforación vertical Raise Boring,Si,CYS-CW276532-PHI-03058-Pozos-Presion-Ficha-Tecnica-Equipo-Perforacion-Vertical-Raise-Boring,No,,
9845bd28,27/03/2026,CYS,Contrato CW 276532,Supervisión técnica,Sin Frente,Procedimientos de instalación y lectura de instrumentos,Si,CYS-CW276532-PHI-03059,No,,
4e47e218,27/03/2026,CYS,Contrato CW 276532,Supervisión técnica,Sin Frente,Estado de cumplimiento compromisos comités de obra Consorcio CYS –Marzo de 2026.,No,,Si,30/marzo/2026,INT-OC-CYS-733/26
fcffd413,27/03/2026,CYS,Contrato CW 276532,Supervisión técnica,Sin Frente,Recorrido de obra Mesa de constructibilidad 14 de marzo de 2026,Si,D-PHI-COP-0209-2026,No,,
12bd70ba,27/03/2026,CYS,Contrato CW 276532,Supervisión técnica,Conducciones zona sur,Entrega de planos relacionados con las previsiones para el montaje del blindaje en la conducciones 5 a 8.,Si,D-PHI-COP-0211-2026,Si,28/marzo/2026,INT-OC-CYS-718/26
f4473e8c,27/03/2026,CYS,Contrato CW 276532,Supervisión técnica,Casa de máquinas y obras anexas,"Interferencia entre barras de refuerzo Le#10 y Le1#10 y Tubería CM-ZS-FO-8""-SS, hacia aguas abajo, entre los ejes de las columnas 24 y 25",Si,NC-092-26-CM,Si,27/marzo/2026,INT-OC-CYS-708/26
af972772,27/03/2026,CYS,Contrato CW 276532,Supervisión técnica,Túneles de aspiración,Envío de Acta de Verificación de Equipos Electromecánicos y Entrega para Montajes Nos. 18-59-005 y 18-59-006.,No,,Si,29/marzo/2026,INT-OC-CYS-725/26
943922ef,27/03/2026,CYS,Contrato CW 276532,Supervisión técnica,Descarga intermedia,Rampa del dique de manejo de aguas - Recrecimiento tapón preventivo,No,,Si,30/marzo/2026,INT-OC-CYS-734/26
bf608643,27/03/2026,CYS,Contrato CW 276532,Supervisión técnica,Almenaras y obras anexas,"Afectación de acero de refuerzo en viga inferior de asiento de compuertas y losa EL. 220,00.",No,,No,31/marzo/2026,INT-OC-CYS-745/26
fe65a723,28/03/2026,CYS,Contrato CW 276532,Supervisión técnica,Sin Frente,Formalización compromisos recorrido de obra – 21 de marzo de 2026.,No,,Si,28/marzo/2026,INT-OC-CYS-720/26
d5446205,28/03/2026,CYS,Contrato CW 276532,Supervisión técnica,Conducciones zona sur,Pozos de presión 5 remisión procedimiento de llenado y sellado Raise Boring pozo 5,Si,CYS-CW276532-PHI-03060,No,,
a372cf65,28/03/2026,CYS,Contrato CW 276532,Supervisión técnica,Casa de máquinas y obras anexas,Losa EL.204.10 Unidad 8 planos y cartillas de refuerzo,Si,CYS-CW276532-PHI-03061,No,,
b6775ba6,28/03/2026,CYS,Contrato CW 276532,Supervisión técnica,Casa de máquinas y obras anexas,Aspirador 7 concreto masivo tramo 0 Etapa 1 control de temperatura,Si,CYS-CW276532-PHI-03064,No,31/marzo/2026,INT-OC-CYS-743/26
4249393e,28/03/2026,CYS,Contrato CW 276532,Supervisión técnica,Sin Frente,Formalización compromisos recorrido de obra Mesa de constructibilidad 14 de marzo de 2026,Si,D-PHI-COP-0212-2026,No,,
7aec603a,28/03/2026,CYS,Contrato CW 276532,Supervisión de seguridad y salud en el trabajo,Sin Frente,Solicitud remisión de la investigación de incidente de alto potencial – Caída de objetos (Varilla de 80 cm de longitud).,No,,No,30/marzo/2026,INT-OC-CYS-728/26
58e9bd15,29/03/2026,CYS,Contrato CW 276532,Supervisión técnica,Casa de máquinas y obras anexas,Vaciado de concreto en oquedad 1 y viga en sala de montaje registro posible afectación,Si,CYS-CW276532-PHI-03065,No,,
b2953317,29/03/2026,CYS,Contrato CW 276532,Supervisión técnica,Sin Frente,Notificación de hechos constitutivos de fuerza mayor afectación logística y operación por paro Minero en el Bajo Cauca,Si,CYS-CW276532-PHI-03066,No,,
f42a8e1f,29/03/2026,CYS,Contrato CW 276532,Supervisión de seguridad y salud en el trabajo,Sin Frente,Accidente-Laboral-Wilfer-Muneton-Muneton,Si,CYS-CW276532-PHI-03067,No,,
323beeca,29/03/2026,CYS,Contrato CW 276532,Supervisión de seguridad y salud en el trabajo,Sin Frente,Accidente laboral de Manuel José Ortiz Valencia,Si,CYS-CW276532-PHI-03068,No,,
da9bfa21,29/03/2026,CYS,Contrato CW 276532,Supervisión de seguridad y salud en el trabajo,Sin Frente,Accidente laboral de Deimer Jose Echavarria Moreno,Si,CYS-CW276532-PHI-03069,No,,
c224269b,29/03/2026,CYS,Contrato CW 276532,Supervisión técnica,Almenaras y obras anexas,"Almenaras 1 y 2 Compuertas entrega de informe de evaluación de alternativas para desplazamiento y posicionamiento de los módulos de compuertas de aspiración sobre losa de nivel 232,40 de los pórticos de manejo de compuertas, informe de diseño estructural de estructuras móviles proyectadas en alternativa recomendada y sus planos para construcción.",Si,D-PHI-COP-0213-2026,No,,
e9787a1b,29/03/2026,CYS,Contrato CW 276532,Supervisión técnica,Almenaras y obras anexas,Almenara 2. Entrega de plano para construcción en revisión 2. Planta general de las Almenaras,Si,D-PHI-COP-0214-2026,Si,31/marzo/2026,INT-OC-CYS-752/26
5a43aabc,29/03/2026,CYS,Contrato CW 276532,Supervisión técnica,Estabilidad helipuerto villa luz,"Instrumentación geotécnica reubicación de puntos de control superficial PCS-CVL-02, PCS-CVL-07, PCS-CVL-10,",Si,NC-093-26,Si,30/marzo/2026,INT-OC-CYS-737/26
7e6b43bb,29/03/2026,CYS,Contrato CW 276532,Supervisión técnica,Presa y obras anexas,Seguimiento actividades,No,,No,,
e8d75dda,30/03/2026,CYS,Contrato CW 276532,Supervisión técnica,Sin Frente,"Entrega acta de transferencia
de zonas de trabajo –Plataforma superior depósito Ticuitá.",No,,Si,30/marzo/2026,INT-OC-CYS-729/26
7b29c2ac,30/03/2026,CYS,Contrato CW 276532,Supervisión de control de laboratorio ensayos de calidad,Sin Frente,Resultados de ensayos a concreto plástico Pantalla Cortaflujo,Si,CYS-CW276532-PHI-03070,No,,
2ea165f8,30/03/2026,CYS,Contrato CW 276532,Supervisión de riesgos,Sin Frente,Informe mensual de la gestión de Riesgos,SI,CYS-CW276532-PHI-03071,No,,
054b9920,30/03/2026,CYS,Contrato CW 276532,Supervisión de seguridad y salud en el trabajo,Sin Frente,Hallazgos sin atención inspección conjunta No. 93,No,,Si,,
8b1a852f,31/03/2026,CYS,Contrato CW 276532,Supervisión técnica,Casa de máquinas y obras anexas,Galería de Barras No. 06 - Inactividad en el frente.,No,,No,,
e7d23a7b,31/03/2026,CYS,Contrato CW 276532,Supervisión técnica,Descarga intermedia,Recrecimiento del tapón preventivo – Planos y cartillas de refuerzo.,Si,CYS-CW276532-PHI-03072,No,,
b9b03766,31/03/2026,CYS,Contrato CW 276532,Supervisión de control de laboratorio ensayos de calidad,Sin Frente,Trituración en obra de material crudo procedente del rio san Andrés.,Si,CYS-CW276532-PHI-03073,No,,
6a35ba0e,31/03/2026,CYS,Contrato CW 276532,Supervisión de seguridad y salud en el trabajo,Sin Frente,Accidente laboral de Robinson Estiven Chavarría Chavarría.,Si,CYS-CW276532-PHI-03074,No,,
f6dbae21,31/03/2026,CYS,Contrato CW 276532,Supervisión de control de laboratorio ensayos de calidad,Sin Frente,Concepto asesoría concretos masivos en tubos de aspiración.,Si,CYS-CW276532-PHI-03075,No,,
a01196f5,31/03/2026,CYS,Contrato CW 276532,Supervisión técnica,Conducciones zona sur,Manejo de aguas en conducciones,No,,No,,
967583fa,31/03/2026,CYS,Contrato CW 276532,Supervisión de riesgos,Sin Frente,Entrega de acta de comité de riesgos No. 028,No,,Si,31/marzo/2026,INT-OC-CYS-750/26
97fc7f1c,31/03/2026,CYS,Contrato CW 276532,Supervisión técnica,Almenaras y obras anexas,Almenara 2 . Entrega de planos para construcción en revisión 3. Obra civil de la cámara de operación y control.,Si,D-PHI-COP-0220-2026,No,,
0431c9f1,31/03/2026,CYS,Contrato CW 276532,Supervisión técnica,Conducciones zona sur,Corrección de parametros de perforación para aglutinamiento desde ramal inferior 5,Si,NC-095-26,No,,
b331ea23,31/03/2026,CYS,Contrato CW 276532,Supervisión técnica,Almenaras y obras anexas,"Pórtico de manejo de compuertas - Atención a interferencia entre barras de refuerzo en dirección E-W de la losa nivel 232,40 y hastial aguas arriba/cabezales tensores geotécnicos.  Precisión ejecución junta de separación.",No,,Si,1/abril/2026,INT-OC-CYS-753/26
7352caa3,31/03/2026,CYS,Contrato CW 276532,Supervisión técnica,Almenaras y obras anexas,Obra civil de la cámara de operación y control - Entrega de planos para construcción.,No,,Si,31/marzo/2026,INT-OC-CYS-751/26
04c5c4f8,31/03/2026,CYS,Contrato CW 276532,Supervisión técnica,Almenaras y obras anexas,"Pórtico de manejo de compuertas - Interferencias entre barras de refuerzo en dirección este-oeste de losas de nivel 232,40 y hastial aguas arriba o cabezales de tensores geotécnicos - Precisión sobre la ejecución de ""junta de separación"" entre losas de nivel 232,40 y viga de eje 2, en tramos de pórtico donde no se proyecta vano de compuerta.",Si,NC-096-26,No,,
76a27c19,31/03/2026,CYS,Contrato CW 276532,Supervisión técnica,Descarga intermedia,Sistemas eléctricos – Alcance de trabajo - Observaciones a los requerimientos constructivos indicado en los planos para construcción.,Si,CYS-CW276532-PHI-03062,No,,
f3d2059f,31/03/2026,CYS,Contrato CW 276532,Supervisión técnica,Casa de máquinas y obras anexas,Aclaraciones técnicas de Ingeniería – Planos para construcción,Si,CYS-CW276532-PHI-03063,No,1/abril/2026,INT-OC-CYS-754/26
fb2defc4,31/03/2026,CYS,Contrato CW 276532,Supervisión técnica,Casa de máquinas y obras anexas,Zona sur Oquedad 2 – Restitución en concreto,Si,CYS-CW276532-PHI-03076,No,,
dbb12cfe,01/04/2026,CYS,Contrato CW 276532,Supervisión de seguridad y salud en el trabajo,Sin Frente,Formalización de compromisos del seguimiento semanal SST/HS en obra - 27 de marzo de 2026.,No,,Si,,
f2230a6d,01/04/2026,CYS,Contrato CW 276532,Supervisión de seguridad y salud en el trabajo,Sin Frente,Accidente laboral de John Javier Pinto,Si,CYS-CW276532-PHI-03077,No,,
4f6ab467,01/04/2026,CYS,Contrato CW 276532,Supervisión técnica,Caverna de transformadores y obras anexas,Rehabilitación del pozo inferior de humos – Procedimiento de construcción.,Si,CYS-CW276532-PHI-03078,No,,
302aa269,01/04/2026,CYS,Contrato CW 276532,Supervisión técnica,Casa de máquinas y obras anexas,Instructivo para instalación de partes empotradas de segunda etapa para compuertas de aspiración 5 a 8,Si,CYS-CW276532-PHI-03079,No,,
4bd90283,01/04/2026,CYS,Contrato CW 276532,Supervisión técnica,Casa de máquinas y obras anexas,Unidades 5 y 6 – tensores estructurales en los muros aguas arriba y aguas abajo para movimiento de cargas con el puente grúa principal.,Si,CYS-CW276532-PHI-03082,No,,
b4940381,01/04/2026,CYS,Contrato CW 276532,Supervisión técnica,Casa de máquinas y obras anexas,Puente Grúa Birrail - Entrega de plano de referencia,No,,Si,,
bc541130,01/04/2026,CYS,Contrato CW 276532,Supervisión técnica,Casa de máquinas y obras anexas,Acta de transferencia de zona de trabajo - Tubo de aspiración UG7 - Ejes 33 y 34.,No,,Si,,